unit_id,cycle,RUL,anomaly_score,is_anomaly,alert_level
1,1,191,0.09619326855093824,0,🟢 OK
1,2,190,0.023192095271195146,0,🟢 OK
1,3,189,0.0952310118512592,0,🟢 OK
1,4,188,0.0707998491127122,0,🟢 OK
1,5,187,0.08702467233859168,0,🟢 OK
1,6,186,0.09832451058296265,0,🟢 OK
1,7,185,0.10514499301318936,0,🟢 OK
1,8,184,0.09945402535929959,0,🟢 OK
1,9,183,0.1048744245067616,0,🟢 OK
1,10,182,0.11344514611451345,0,🟢 OK
1,11,181,0.11035941715466752,0,🟢 OK
1,12,180,0.10971686816004778,0,🟢 OK
1,13,179,0.11088532615425178,0,🟢 OK
1,14,178,0.11222044491856248,0,🟢 OK
1,15,177,0.11182834787639656,0,🟢 OK
1,16,176,0.10735786084950288,0,🟢 OK
1,17,175,0.10833746818164697,0,🟢 OK
1,18,174,0.10588496333698538,0,🟢 OK
1,19,173,0.10671424182599704,0,🟢 OK
1,20,172,0.11437506704345485,0,🟢 OK
1,21,171,0.11614413812015062,0,🟢 OK
1,22,170,0.11513585918809965,0,🟢 OK
1,23,169,0.1134877282934249,0,🟢 OK
1,24,168,0.10883865581420177,0,🟢 OK
1,25,167,0.109906974896747,0,🟢 OK
1,26,166,0.11711157295623698,0,🟢 OK
1,27,165,0.11648466918956829,0,🟢 OK
1,28,164,0.11569451610719539,0,🟢 OK
1,29,163,0.1171123378145566,0,🟢 OK
1,30,162,0.10314979166076482,0,🟢 OK
1,31,161,0.09888649905119445,0,🟢 OK
1,32,160,0.09658918503068492,0,🟢 OK
1,33,159,0.09766216187717464,0,🟢 OK
1,34,158,0.10450108519472212,0,🟢 OK
1,35,157,0.09348976532992975,0,🟢 OK
1,36,156,0.10464259281413074,0,🟢 OK
1,37,155,0.10680365744034948,0,🟢 OK
1,38,154,0.10564718077114565,0,🟢 OK
1,39,153,0.10312494876277567,0,🟢 OK
1,40,152,0.09771225161570496,0,🟢 OK
1,41,151,0.0900133707107853,0,🟢 OK
1,42,150,0.09335793939270931,0,🟢 OK
1,43,149,0.09629238924376282,0,🟢 OK
1,44,148,0.085678466078901,0,🟢 OK
1,45,147,0.09244701295064056,0,🟢 OK
1,46,146,0.1015122930342523,0,🟢 OK
1,47,145,0.09413771770294416,0,🟢 OK
1,48,144,0.10306027326431172,0,🟢 OK
1,49,143,0.09570549430348246,0,🟢 OK
1,50,142,0.0917920756117131,0,🟢 OK
1,51,141,0.10263563774888312,0,🟢 OK
1,52,140,0.11158384599556703,0,🟢 OK
1,53,139,0.10068266424959632,0,🟢 OK
1,54,138,0.10731046029948776,0,🟢 OK
1,55,137,0.10950406155740822,0,🟢 OK
1,56,136,0.10286022510077669,0,🟢 OK
1,57,135,0.10624316906535775,0,🟢 OK
1,58,134,0.1156574638633524,0,🟢 OK
1,59,133,0.11621601467182002,0,🟢 OK
1,60,132,0.1101521557381504,0,🟢 OK
1,61,131,0.11546814075162293,0,🟢 OK
1,62,130,0.10785348933769412,0,🟢 OK
1,63,129,0.1123287911975665,0,🟢 OK
1,64,128,0.10844569603869342,0,🟢 OK
1,65,127,0.10921154921099063,0,🟢 OK
1,66,126,0.11094367251236092,0,🟢 OK
1,67,125,0.10776494645313323,0,🟢 OK
1,68,124,0.11075192045054083,0,🟢 OK
1,69,123,0.11696057985679231,0,🟢 OK
1,70,122,0.12049687311070506,0,🟢 OK
1,71,121,0.11972748214746587,0,🟢 OK
1,72,120,0.12087959015262778,0,🟢 OK
1,73,119,0.10666905988802938,0,🟢 OK
1,74,118,0.1076004536724744,0,🟢 OK
1,75,117,0.11245165966159754,0,🟢 OK
1,76,116,0.11178427520422302,0,🟢 OK
1,77,115,0.1109696723830842,0,🟢 OK
1,78,114,0.10669713771970885,0,🟢 OK
1,79,113,0.10970272236147388,0,🟢 OK
1,80,112,0.10552548362033354,0,🟢 OK
1,81,111,0.11457122245663315,0,🟢 OK
1,82,110,0.1189389168400028,0,🟢 OK
1,83,109,0.11986952468109519,0,🟢 OK
1,84,108,0.12384216559281541,0,🟢 OK
1,85,107,0.1249801678468277,0,🟢 OK
1,86,106,0.1282343422149667,0,🟢 OK
1,87,105,0.12236107060412771,0,🟢 OK
1,88,104,0.12038574107370864,0,🟢 OK
1,89,103,0.12100947745154372,0,🟢 OK
1,90,102,0.11812789420554903,0,🟢 OK
1,91,101,0.11460246615730119,0,🟢 OK
1,92,100,0.10862860324720269,0,🟢 OK
1,93,99,0.1128659149431388,0,🟢 OK
1,94,98,0.10992050868033282,0,🟢 OK
1,95,97,0.09790338957662076,0,🟢 OK
1,96,96,0.09597888383657516,0,🟢 OK
1,97,95,0.10284603987773899,0,🟢 OK
1,98,94,0.10535400712403875,0,🟢 OK
1,99,93,0.09895546315413534,0,🟢 OK
1,100,92,0.09263331730393237,0,🟢 OK
1,101,91,0.11187324962176626,0,🟢 OK
1,102,90,0.1128576476353012,0,🟢 OK
1,103,89,0.11207513462699847,0,🟢 OK
1,104,88,0.11671560306487178,0,🟢 OK
1,105,87,0.1229624326531768,0,🟢 OK
1,106,86,0.11849422911972113,0,🟢 OK
1,107,85,0.10076618629810113,0,🟢 OK
1,108,84,0.1115175091468607,0,🟢 OK
1,109,83,0.09273601586570807,0,🟢 OK
1,110,82,0.08069410363429619,0,🟢 OK
1,111,81,0.09504017214020527,0,🟢 OK
1,112,80,0.0834250729655453,0,🟢 OK
1,113,79,0.0892644620883224,0,🟢 OK
1,114,78,0.09171198405571546,0,🟢 OK
1,115,77,0.09580942592383818,0,🟢 OK
1,116,76,0.0987946514500106,0,🟢 OK
1,117,75,0.1092890366814821,0,🟢 OK
1,118,74,0.0962047240537145,0,🟢 OK
1,119,73,0.11310034537710895,0,🟢 OK
1,120,72,0.1082353962467017,0,🟢 OK
1,121,71,0.1117562807817209,0,🟢 OK
1,122,70,0.11999296961757477,0,🟢 OK
1,123,69,0.11282148506546702,0,🟢 OK
1,124,68,0.10447406345858767,0,🟢 OK
1,125,67,0.1039625188557638,0,🟢 OK
1,126,66,0.10705234599090996,0,🟢 OK
1,127,65,0.10695856172051704,0,🟢 OK
1,128,64,0.11378722764273791,0,🟢 OK
1,129,63,0.11187578071579107,0,🟢 OK
1,130,62,0.10210486000698621,0,🟢 OK
1,131,61,0.09872164112240478,0,🟢 OK
1,132,60,0.10856021225829399,0,🟢 OK
1,133,59,0.1043511317872064,0,🟢 OK
1,134,58,0.10258164971401812,0,🟢 OK
1,135,57,0.10897744851797825,0,🟢 OK
1,136,56,0.10836250286377863,0,🟢 OK
1,137,55,0.10334783180679563,0,🟢 OK
1,138,54,0.09773982022334038,0,🟢 OK
1,139,53,0.08909436645846563,0,🟢 OK
1,140,52,0.09749169796695634,0,🟢 OK
1,141,51,0.10052979846636478,0,🟢 OK
1,142,50,0.10443537512666068,0,🟢 OK
1,143,49,0.1053884467819548,0,🟢 OK
1,144,48,0.10864739635471571,0,🟢 OK
1,145,47,0.10419953129105153,0,🟢 OK
1,146,46,0.09759739975201331,0,🟢 OK
1,147,45,0.10380588944982266,0,🟢 OK
1,148,44,0.10147176817161513,0,🟢 OK
1,149,43,0.09020760463981503,0,🟢 OK
1,150,42,0.08580693816288631,0,🟢 OK
1,151,41,0.08353711490237564,0,🟢 OK
1,152,40,0.08058478062403446,0,🟢 OK
1,153,39,0.08012695418813304,0,🟢 OK
1,154,38,0.07900270525067266,0,🟢 OK
1,155,37,0.07637404766744971,0,🟢 OK
1,156,36,0.07763953130223261,0,🟢 OK
1,157,35,0.07566867022056317,0,🟢 OK
1,158,34,0.05936164175559194,0,🟢 OK
1,159,33,0.05937697455468194,0,🟢 OK
1,160,32,0.04743511978227538,0,🟢 OK
1,161,31,0.042383076520293606,0,🟢 OK
1,162,30,0.04380704496105553,0,🟢 OK
1,163,29,0.027844108898512798,0,🟢 OK
1,164,28,0.020095158843106198,0,🟢 OK
1,165,27,0.013640977686812716,0,🟢 OK
1,166,26,0.014137293392429306,0,🟢 OK
1,167,25,-0.0013000436696223305,1,🟢 OK
1,168,24,0.009657118429402145,0,🟢 OK
1,169,23,0.0004782220494725653,0,🟢 OK
1,170,22,-0.012758187829435275,1,🟢 OK
1,171,21,-0.002708864239815978,1,🟢 OK
1,172,20,0.001645318745735258,0,🟢 OK
1,173,19,-0.00859631345984091,1,🟢 OK
1,174,18,-0.009441563091982075,1,🟢 OK
1,175,17,-0.008855194214101303,1,🟢 OK
1,176,16,-0.005027903331807693,1,🟢 OK
1,177,15,-0.021505283894207472,1,🟢 OK
1,178,14,-0.022103600251018873,1,🟢 OK
1,179,13,-0.01783334218066135,1,🟢 OK
1,180,12,-0.025653014576216493,1,🟢 OK
1,181,11,-0.02747433318348025,1,🟢 OK
1,182,10,-0.039741077656682,1,🟢 OK
1,183,9,-0.04074944465631947,1,🟢 OK
1,184,8,-0.037061584824468086,1,🔴 ALERT
1,185,7,-0.0362572060616162,1,🔴 ALERT
1,186,6,-0.023549944835804415,1,🔴 ALERT
1,187,5,-0.03303537844517701,1,🔴 ALERT
1,188,4,-0.03285188528328975,1,🔴 ALERT
1,189,3,-0.03267219342342953,1,🔴 ALERT
1,190,2,-0.01784503893685574,1,🔴 ALERT
1,191,1,-0.024653398940273852,1,🔴 ALERT
1,192,0,-0.02068168501940082,1,🔴 ALERT
2,1,286,0.04384583211515092,0,🟢 OK
2,2,285,-0.03679350883775845,0,🟢 OK
2,3,284,-0.024458133495216305,0,🟢 OK
2,4,283,-0.01383958168172128,0,🟢 OK
2,5,282,0.004807764037372708,0,🟢 OK
2,6,281,0.005427759802340004,0,🟢 OK
2,7,280,0.014637856950293127,0,🟢 OK
2,8,279,0.015454312116310542,0,🟢 OK
2,9,278,0.015709242076130114,0,🟢 OK
2,10,277,0.014295744491632234,0,🟢 OK
2,11,276,0.02069254038832513,0,🟢 OK
2,12,275,0.024212674619078278,0,🟢 OK
2,13,274,0.0283659464443608,0,🟢 OK
2,14,273,0.027417492007560995,0,🟢 OK
2,15,272,0.04041360380349274,0,🟢 OK
2,16,271,0.05179432833328451,0,🟢 OK
2,17,270,0.05755446766343225,0,🟢 OK
2,18,269,0.05306755677927033,0,🟢 OK
2,19,268,0.06542651057969723,0,🟢 OK
2,20,267,0.05967674209243845,0,🟢 OK
2,21,266,0.04221888748111502,0,🟢 OK
2,22,265,0.04032465237835936,0,🟢 OK
2,23,264,0.03419470492529969,0,🟢 OK
2,24,263,0.03923378083682061,0,🟢 OK
2,25,262,0.03551370213550048,0,🟢 OK
2,26,261,0.03319216421608817,0,🟢 OK
2,27,260,0.05310711327631423,0,🟢 OK
2,28,259,0.04643060315771985,0,🟢 OK
2,29,258,0.043118335766351046,0,🟢 OK
2,30,257,0.05112559539835809,0,🟢 OK
2,31,256,0.04839459986406225,0,🟢 OK
2,32,255,0.04952595095704171,0,🟢 OK
2,33,254,0.03687658296000118,0,🟢 OK
2,34,253,0.03522913409581396,0,🟢 OK
2,35,252,0.031622001733734695,0,🟢 OK
2,36,251,0.041325157062118034,0,🟢 OK
2,37,250,0.037532885302559216,0,🟢 OK
2,38,249,0.04333292115042087,0,🟢 OK
2,39,248,0.04050312908168757,0,🟢 OK
2,40,247,0.035931184524852555,0,🟢 OK
2,41,246,0.06055424177666652,0,🟢 OK
2,42,245,0.05298794718347355,0,🟢 OK
2,43,244,0.04286994421123058,0,🟢 OK
2,44,243,0.040581814300228836,0,🟢 OK
2,45,242,0.04836266669039879,0,🟢 OK
2,46,241,0.042273279209776804,0,🟢 OK
2,47,240,0.04856726373700243,0,🟢 OK
2,48,239,0.04865816282071528,0,🟢 OK
2,49,238,0.06174758334050223,0,🟢 OK
2,50,237,0.05922658202105818,0,🟢 OK
2,51,236,0.05614598429533768,0,🟢 OK
2,52,235,0.06555200447556425,0,🟢 OK
2,53,234,0.07399684599568063,0,🟢 OK
2,54,233,0.07071890640010525,0,🟢 OK
2,55,232,0.04935411546890012,0,🟢 OK
2,56,231,0.03292751249700149,0,🟢 OK
2,57,230,0.03997794566760293,0,🟢 OK
2,58,229,0.04313193548985117,0,🟢 OK
2,59,228,0.04448329410685958,0,🟢 OK
2,60,227,0.0486415437612604,0,🟢 OK
2,61,226,0.04784449037721544,0,🟢 OK
2,62,225,0.058518641631538526,0,🟢 OK
2,63,224,0.05513221911148769,0,🟢 OK
2,64,223,0.047569232710457765,0,🟢 OK
2,65,222,0.06499636822125676,0,🟢 OK
2,66,221,0.07497804027286337,0,🟢 OK
2,67,220,0.07483433029224784,0,🟢 OK
2,68,219,0.07119545134224403,0,🟢 OK
2,69,218,0.07489787220266342,0,🟢 OK
2,70,217,0.07226046560197247,0,🟢 OK
2,71,216,0.07616240327070972,0,🟢 OK
2,72,215,0.07019184380480026,0,🟢 OK
2,73,214,0.08270436547308657,0,🟢 OK
2,74,213,0.0688266976886906,0,🟢 OK
2,75,212,0.05830159872409696,0,🟢 OK
2,76,211,0.05305260733595246,0,🟢 OK
2,77,210,0.06084421466964346,0,🟢 OK
2,78,209,0.05592013965889159,0,🟢 OK
2,79,208,0.05140071155474901,0,🟢 OK
2,80,207,0.043172716599100325,0,🟢 OK
2,81,206,0.04247614677513584,0,🟢 OK
2,82,205,0.03193048418388633,0,🟢 OK
2,83,204,0.02259285300326902,0,🟢 OK
2,84,203,0.04619656806537559,0,🟢 OK
2,85,202,0.05200368995535942,0,🟢 OK
2,86,201,0.053891236514605256,0,🟢 OK
2,87,200,0.05269806606573624,0,🟢 OK
2,88,199,0.0506913410090315,0,🟢 OK
2,89,198,0.04797334229306788,0,🟢 OK
2,90,197,0.055703291932020615,0,🟢 OK
2,91,196,0.05130599592213392,0,🟢 OK
2,92,195,0.041293993007190555,0,🟢 OK
2,93,194,0.04739466449013352,0,🟢 OK
2,94,193,0.05026845037432087,0,🟢 OK
2,95,192,0.05792456517004624,0,🟢 OK
2,96,191,0.06364178016745203,0,🟢 OK
2,97,190,0.06476088529088864,0,🟢 OK
2,98,189,0.0779589262641216,0,🟢 OK
2,99,188,0.08118816289014447,0,🟢 OK
2,100,187,0.08281577587775907,0,🟢 OK
2,101,186,0.08644815810068984,0,🟢 OK
2,102,185,0.08962099149351233,0,🟢 OK
2,103,184,0.09129574578392419,0,🟢 OK
2,104,183,0.08783854588235285,0,🟢 OK
2,105,182,0.08524142468214696,0,🟢 OK
2,106,181,0.07374038263672544,0,🟢 OK
2,107,180,0.07468047646394854,0,🟢 OK
2,108,179,0.07777131361282597,0,🟢 OK
2,109,178,0.07880263031570123,0,🟢 OK
2,110,177,0.07812019278258892,0,🟢 OK
2,111,176,0.07408578334809324,0,🟢 OK
2,112,175,0.07916804800352961,0,🟢 OK
2,113,174,0.08637030298766435,0,🟢 OK
2,114,173,0.07490588743742804,0,🟢 OK
2,115,172,0.07438539577725412,0,🟢 OK
2,116,171,0.07291565792463678,0,🟢 OK
2,117,170,0.06809953397056318,0,🟢 OK
2,118,169,0.07606224091148078,0,🟢 OK
2,119,168,0.08337948035361031,0,🟢 OK
2,120,167,0.07945633856422551,0,🟢 OK
2,121,166,0.08916761513935362,0,🟢 OK
2,122,165,0.07385288254398237,0,🟢 OK
2,123,164,0.06944921984740055,0,🟢 OK
2,124,163,0.08348708652396969,0,🟢 OK
2,125,162,0.08984321109488713,0,🟢 OK
2,126,161,0.08281372619994737,0,🟢 OK
2,127,160,0.08410108275440792,0,🟢 OK
2,128,159,0.07755270611935211,0,🟢 OK
2,129,158,0.06412007527275626,0,🟢 OK
2,130,157,0.06611899638345659,0,🟢 OK
2,131,156,0.06340268189073106,0,🟢 OK
2,132,155,0.0636600574893782,0,🟢 OK
2,133,154,0.07228565634901246,0,🟢 OK
2,134,153,0.07037728087390732,0,🟢 OK
2,135,152,0.07167111598841208,0,🟢 OK
2,136,151,0.07652296728817809,0,🟢 OK
2,137,150,0.06946289504273567,0,🟢 OK
2,138,149,0.07981587217613412,0,🟢 OK
2,139,148,0.09582223059300049,0,🟢 OK
2,140,147,0.10085299837764361,0,🟢 OK
2,141,146,0.10341031014227126,0,🟢 OK
2,142,145,0.10302592112061243,0,🟢 OK
2,143,144,0.08334022898870858,0,🟢 OK
2,144,143,0.0908855015352501,0,🟢 OK
2,145,142,0.086255876331648,0,🟢 OK
2,146,141,0.09340787757361813,0,🟢 OK
2,147,140,0.10099930584170275,0,🟢 OK
2,148,139,0.10112291801396228,0,🟢 OK
2,149,138,0.09938633060671914,0,🟢 OK
2,150,137,0.10759846580216903,0,🟢 OK
2,151,136,0.10621644601686564,0,🟢 OK
2,152,135,0.11092478853550514,0,🟢 OK
2,153,134,0.11671364036332205,0,🟢 OK
2,154,133,0.09640671323298594,0,🟢 OK
2,155,132,0.10124044486463857,0,🟢 OK
2,156,131,0.0886394972055694,0,🟢 OK
2,157,130,0.10015312760161521,0,🟢 OK
2,158,129,0.09706079773484333,0,🟢 OK
2,159,128,0.092551268092112,0,🟢 OK
2,160,127,0.09224640549870783,0,🟢 OK
2,161,126,0.09074861572391296,0,🟢 OK
2,162,125,0.0895009389869314,0,🟢 OK
2,163,124,0.09532200104940036,0,🟢 OK
2,164,123,0.11730884499533734,0,🟢 OK
2,165,122,0.11037644497915045,0,🟢 OK
2,166,121,0.09103590303331005,0,🟢 OK
2,167,120,0.08297078397332519,0,🟢 OK
2,168,119,0.08370457068245862,0,🟢 OK
2,169,118,0.08820594457179715,0,🟢 OK
2,170,117,0.10367531572600885,0,🟢 OK
2,171,116,0.10979759923272964,0,🟢 OK
2,172,115,0.11345473093855923,0,🟢 OK
2,173,114,0.10824689442694124,0,🟢 OK
2,174,113,0.1094412958062444,0,🟢 OK
2,175,112,0.11557583066512528,0,🟢 OK
2,176,111,0.11065874640305823,0,🟢 OK
2,177,110,0.11716073308508806,0,🟢 OK
2,178,109,0.12134125893091707,0,🟢 OK
2,179,108,0.12292548564036138,0,🟢 OK
2,180,107,0.12511526100819254,0,🟢 OK
2,181,106,0.11417278702387479,0,🟢 OK
2,182,105,0.12093155123990862,0,🟢 OK
2,183,104,0.12238686356496492,0,🟢 OK
2,184,103,0.1222466523378174,0,🟢 OK
2,185,102,0.12200873195538037,0,🟢 OK
2,186,101,0.12491225514353654,0,🟢 OK
2,187,100,0.12336100149369383,0,🟢 OK
2,188,99,0.12345271599950314,0,🟢 OK
2,189,98,0.12108786981366293,0,🟢 OK
2,190,97,0.1161647476726268,0,🟢 OK
2,191,96,0.10949931361549542,0,🟢 OK
2,192,95,0.08420089425213895,0,🟢 OK
2,193,94,0.09409753160694972,0,🟢 OK
2,194,93,0.09076812731358436,0,🟢 OK
2,195,92,0.10083740785427164,0,🟢 OK
2,196,91,0.09937345789291169,0,🟢 OK
2,197,90,0.10672767950105327,0,🟢 OK
2,198,89,0.10168509368977419,0,🟢 OK
2,199,88,0.10332937428402195,0,🟢 OK
2,200,87,0.11339048094648058,0,🟢 OK
2,201,86,0.10764786780439983,0,🟢 OK
2,202,85,0.12052431358575799,0,🟢 OK
2,203,84,0.11110391455780189,0,🟢 OK
2,204,83,0.11569531893062063,0,🟢 OK
2,205,82,0.12244923534302449,0,🟢 OK
2,206,81,0.12627612592349308,0,🟢 OK
2,207,80,0.1293917009480242,0,🟢 OK
2,208,79,0.11772768532390548,0,🟢 OK
2,209,78,0.11475204260543564,0,🟢 OK
2,210,77,0.13117051515820988,0,🟢 OK
2,211,76,0.1274500177740877,0,🟢 OK
2,212,75,0.12131938323054958,0,🟢 OK
2,213,74,0.11334506231951036,0,🟢 OK
2,214,73,0.11703960204584157,0,🟢 OK
2,215,72,0.10323595379081096,0,🟢 OK
2,216,71,0.09374463776446551,0,🟢 OK
2,217,70,0.08685660861399169,0,🟢 OK
2,218,69,0.08310763646356867,0,🟢 OK
2,219,68,0.10036824924130505,0,🟢 OK
2,220,67,0.08934464049707797,0,🟢 OK
2,221,66,0.08800110871551514,0,🟢 OK
2,222,65,0.0888825737129334,0,🟢 OK
2,223,64,0.08137314130703127,0,🟢 OK
2,224,63,0.08448306162886277,0,🟢 OK
2,225,62,0.0937070210687061,0,🟢 OK
2,226,61,0.07509129558813155,0,🟢 OK
2,227,60,0.07747631284101603,0,🟢 OK
2,228,59,0.08449844938392731,0,🟢 OK
2,229,58,0.08597926304517484,0,🟢 OK
2,230,57,0.08136557773111419,0,🟢 OK
2,231,56,0.07565378210033863,0,🟢 OK
2,232,55,0.07294363053418673,0,🟢 OK
2,233,54,0.09500555077773765,0,🟢 OK
2,234,53,0.09238669343942135,0,🟢 OK
2,235,52,0.09249811667939806,0,🟢 OK
2,236,51,0.07510407018598053,0,🟢 OK
2,237,50,0.07344277077169953,0,🟢 OK
2,238,49,0.07682606817248205,0,🟢 OK
2,239,48,0.0691190561186763,0,🟢 OK
2,240,47,0.06783177432881954,0,🟢 OK
2,241,46,0.07039635759019747,0,🟢 OK
2,242,45,0.07001023026143405,0,🟢 OK
2,243,44,0.054471553956513485,0,🟢 OK
2,244,43,0.0524880638396637,0,🟢 OK
2,245,42,0.05740458459164205,0,🟢 OK
2,246,41,0.04176093846315837,0,🟢 OK
2,247,40,0.04176044943038154,0,🟢 OK
2,248,39,0.03376234943995304,0,🟢 OK
2,249,38,0.025235764446182196,0,🟢 OK
2,250,37,0.02130121864112261,0,🟢 OK
2,251,36,0.0375205852009447,0,🟢 OK
2,252,35,0.024661991853438925,0,🟢 OK
2,253,34,0.028829414599091052,0,🟢 OK
2,254,33,0.02573010551848104,0,🟢 OK
2,255,32,0.023533720954676485,0,🟢 OK
2,256,31,-0.0019390943436271568,1,🟢 OK
2,257,30,-0.0019816562456911324,1,🟢 OK
2,258,29,-0.018460233000311632,1,🟢 OK
2,259,28,-0.020822747549057552,1,🟢 OK
2,260,27,-0.014557813725965318,1,🟢 OK
2,261,26,-0.024164709947122498,1,🟢 OK
2,262,25,-0.014316616885436506,1,🟢 OK
2,263,24,-0.021827201613194402,1,🟢 OK
2,264,23,-0.021213605444689865,1,🟢 OK
2,265,22,-0.02705013210917928,1,🟢 OK
2,266,21,-0.04179907827306828,1,🟢 OK
2,267,20,-0.05867905535424944,1,🟢 OK
2,268,19,-0.05403714828055417,1,🟢 OK
2,269,18,-0.0681130111478443,1,🔴 ALERT
2,270,17,-0.07020337433157486,1,🔴 ALERT
2,271,16,-0.07608530036659178,1,🔴 ALERT
2,272,15,-0.06928322066364845,1,🔴 ALERT
2,273,14,-0.05721684511913705,1,🔴 ALERT
2,274,13,-0.050680711747219886,1,🔴 ALERT
2,275,12,-0.0421742601628865,1,🔴 ALERT
2,276,11,-0.03341121890093268,1,🔴 ALERT
2,277,10,-0.03376645769926834,1,🔴 ALERT
2,278,9,-0.026409908985347008,1,🔴 ALERT
2,279,8,-0.02771774481480882,1,🔴 ALERT
2,280,7,-0.020539455222038372,1,🔴 ALERT
2,281,6,-0.0321540517867297,1,🔴 ALERT
2,282,5,-0.030638763813146452,1,🔴 ALERT
2,283,4,-0.027779155767839514,1,🔴 ALERT
2,284,3,-0.025662164412367905,1,🔴 ALERT
2,285,2,-0.02676725413674652,1,🔴 ALERT
2,286,1,-0.03324934675770108,1,🔴 ALERT
2,287,0,-0.033150651831729716,1,🔴 ALERT
3,1,178,0.10751211287598739,0,🟢 OK
3,2,177,0.05157321882026927,0,🟢 OK
3,3,176,0.05300297339802168,0,🟢 OK
3,4,175,0.06426672494653274,0,🟢 OK
3,5,174,0.06891385880232892,0,🟢 OK
3,6,173,0.057434126360003335,0,🟢 OK
3,7,172,0.07402090894767804,0,🟢 OK
3,8,171,0.08270375790840756,0,🟢 OK
3,9,170,0.08154049688935844,0,🟢 OK
3,10,169,0.08642596720391704,0,🟢 OK
3,11,168,0.09154520929092386,0,🟢 OK
3,12,167,0.09552738517368176,0,🟢 OK
3,13,166,0.10237392928947187,0,🟢 OK
3,14,165,0.11547336907941813,0,🟢 OK
3,15,164,0.1166021918765458,0,🟢 OK
3,16,163,0.11202176759660798,0,🟢 OK
3,17,162,0.11102473984403988,0,🟢 OK
3,18,161,0.10816618055231081,0,🟢 OK
3,19,160,0.11370588539390564,0,🟢 OK
3,20,159,0.11105132659473899,0,🟢 OK
3,21,158,0.11423538047732329,0,🟢 OK
3,22,157,0.11075652114552498,0,🟢 OK
3,23,156,0.11665843914341556,0,🟢 OK
3,24,155,0.11393760397072156,0,🟢 OK
3,25,154,0.10151788110443682,0,🟢 OK
3,26,153,0.1152471328470997,0,🟢 OK
3,27,152,0.09970939613586116,0,🟢 OK
3,28,151,0.10281581634416231,0,🟢 OK
3,29,150,0.09580752321060043,0,🟢 OK
3,30,149,0.0900853709772923,0,🟢 OK
3,31,148,0.09101333209112339,0,🟢 OK
3,32,147,0.1021628059800696,0,🟢 OK
3,33,146,0.09727659255570076,0,🟢 OK
3,34,145,0.09666661792200643,0,🟢 OK
3,35,144,0.09569026700841832,0,🟢 OK
3,36,143,0.09876433313200816,0,🟢 OK
3,37,142,0.08461500834142127,0,🟢 OK
3,38,141,0.09540565029724157,0,🟢 OK
3,39,140,0.1020388077344202,0,🟢 OK
3,40,139,0.09133224637139198,0,🟢 OK
3,41,138,0.08209068888630577,0,🟢 OK
3,42,137,0.0734688569445826,0,🟢 OK
3,43,136,0.07847125825623663,0,🟢 OK
3,44,135,0.07730651097504693,0,🟢 OK
3,45,134,0.07319290201074818,0,🟢 OK
3,46,133,0.08476340112516051,0,🟢 OK
3,47,132,0.09280295872207689,0,🟢 OK
3,48,131,0.09352047033188282,0,🟢 OK
3,49,130,0.09067488762965803,0,🟢 OK
3,50,129,0.07531926811435063,0,🟢 OK
3,51,128,0.09499886426171927,0,🟢 OK
3,52,127,0.10385228135630109,0,🟢 OK
3,53,126,0.09578970015706328,0,🟢 OK
3,54,125,0.09384811665912551,0,🟢 OK
3,55,124,0.09979067085057858,0,🟢 OK
3,56,123,0.09253139977533287,0,🟢 OK
3,57,122,0.10651332141594605,0,🟢 OK
3,58,121,0.10712991157542001,0,🟢 OK
3,59,120,0.0979538196134761,0,🟢 OK
3,60,119,0.10016618771668867,0,🟢 OK
3,61,118,0.10595760397647536,0,🟢 OK
3,62,117,0.11253513537613358,0,🟢 OK
3,63,116,0.11515142974010206,0,🟢 OK
3,64,115,0.11385971393039857,0,🟢 OK
3,65,114,0.10966469813408997,0,🟢 OK
3,66,113,0.11287721705936565,0,🟢 OK
3,67,112,0.10905464374449941,0,🟢 OK
3,68,111,0.11069221621623387,0,🟢 OK
3,69,110,0.11078241085638474,0,🟢 OK
3,70,109,0.10542407682239008,0,🟢 OK
3,71,108,0.08813844877915766,0,🟢 OK
3,72,107,0.10371431183831165,0,🟢 OK
3,73,106,0.09345576272552647,0,🟢 OK
3,74,105,0.087296660536195,0,🟢 OK
3,75,104,0.08547005942060765,0,🟢 OK
3,76,103,0.08851379825430217,0,🟢 OK
3,77,102,0.08727154599945691,0,🟢 OK
3,78,101,0.09695536420999107,0,🟢 OK
3,79,100,0.09281344652931944,0,🟢 OK
3,80,99,0.10093028297767564,0,🟢 OK
3,81,98,0.09802799642649357,0,🟢 OK
3,82,97,0.09557078455978707,0,🟢 OK
3,83,96,0.10050303192276233,0,🟢 OK
3,84,95,0.10469132720909641,0,🟢 OK
3,85,94,0.1071322009197842,0,🟢 OK
3,86,93,0.10520016962096329,0,🟢 OK
3,87,92,0.10662233234576152,0,🟢 OK
3,88,91,0.10828472169426084,0,🟢 OK
3,89,90,0.1106521691088243,0,🟢 OK
3,90,89,0.1067149540883851,0,🟢 OK
3,91,88,0.11394864638451824,0,🟢 OK
3,92,87,0.10111911974783944,0,🟢 OK
3,93,86,0.1092723431892334,0,🟢 OK
3,94,85,0.0862758307811462,0,🟢 OK
3,95,84,0.08006970498865895,0,🟢 OK
3,96,83,0.08340841707378593,0,🟢 OK
3,97,82,0.08993471205612641,0,🟢 OK
3,98,81,0.08535859160336923,0,🟢 OK
3,99,80,0.08277076747129875,0,🟢 OK
3,100,79,0.09291379541170397,0,🟢 OK
3,101,78,0.08829066348947012,0,🟢 OK
3,102,77,0.09352201968602664,0,🟢 OK
3,103,76,0.10232862010245714,0,🟢 OK
3,104,75,0.11520318602827045,0,🟢 OK
3,105,74,0.11200572208248238,0,🟢 OK
3,106,73,0.1101486272862468,0,🟢 OK
3,107,72,0.10687128676851743,0,🟢 OK
3,108,71,0.10999577487357926,0,🟢 OK
3,109,70,0.0954932943830033,0,🟢 OK
3,110,69,0.09167494509069196,0,🟢 OK
3,111,68,0.10133748845917512,0,🟢 OK
3,112,67,0.09974792606832494,0,🟢 OK
3,113,66,0.0948638552367197,0,🟢 OK
3,114,65,0.10116751579216549,0,🟢 OK
3,115,64,0.0990823230278759,0,🟢 OK
3,116,63,0.09449498531556766,0,🟢 OK
3,117,62,0.08727734835612688,0,🟢 OK
3,118,61,0.08550294868555147,0,🟢 OK
3,119,60,0.10444169235113576,0,🟢 OK
3,120,59,0.10250991680481847,0,🟢 OK
3,121,58,0.09235162498951116,0,🟢 OK
3,122,57,0.09274721650217183,0,🟢 OK
3,123,56,0.09630036908950684,0,🟢 OK
3,124,55,0.09815528651016009,0,🟢 OK
3,125,54,0.09865355318727104,0,🟢 OK
3,126,53,0.1063589558124507,0,🟢 OK
3,127,52,0.10942536319027785,0,🟢 OK
3,128,51,0.10993726796250175,0,🟢 OK
3,129,50,0.1005448708450945,0,🟢 OK
3,130,49,0.11098183671117418,0,🟢 OK
3,131,48,0.1151400873141396,0,🟢 OK
3,132,47,0.10714923099584978,0,🟢 OK
3,133,46,0.10769597665121916,0,🟢 OK
3,134,45,0.11125741307138015,0,🟢 OK
3,135,44,0.1132080541261028,0,🟢 OK
3,136,43,0.11668639126516472,0,🟢 OK
3,137,42,0.11335351435169716,0,🟢 OK
3,138,41,0.10689345908294723,0,🟢 OK
3,139,40,0.11303437766818791,0,🟢 OK
3,140,39,0.11289784226556143,0,🟢 OK
3,141,38,0.11155023002376901,0,🟢 OK
3,142,37,0.10631766306407481,0,🟢 OK
3,143,36,0.09199050451751717,0,🟢 OK
3,144,35,0.09225510674299547,0,🟢 OK
3,145,34,0.09263175419031067,0,🟢 OK
3,146,33,0.0861828939408848,0,🟢 OK
3,147,32,0.0758215707358264,0,🟢 OK
3,148,31,0.06950952594436322,0,🟢 OK
3,149,30,0.07489757431764915,0,🟢 OK
3,150,29,0.07333110269892323,0,🟢 OK
3,151,28,0.05308528325515677,0,🟢 OK
3,152,27,0.029346431445695986,0,🟢 OK
3,153,26,0.04438381976928191,0,🟢 OK
3,154,25,0.048320269402838734,0,🟢 OK
3,155,24,0.04516495494511957,0,🟢 OK
3,156,23,0.031811397058886026,0,🟢 OK
3,157,22,0.03381891216154681,0,🟢 OK
3,158,21,0.012897155153011208,0,🟢 OK
3,159,20,0.018181166747973487,0,🟢 OK
3,160,19,0.019166052306241355,0,🟢 OK
3,161,18,0.01533494548147657,0,🟢 OK
3,162,17,0.015777731654799898,0,🟢 OK
3,163,16,0.01512995976088688,0,🟢 OK
3,164,15,0.02029868510842181,0,🟢 OK
3,165,14,0.0008054791143055073,0,🟢 OK
3,166,13,-0.008675320967274192,1,🟢 OK
3,167,12,-0.00957626012379531,1,🟢 OK
3,168,11,-0.027016819435168204,1,🟢 OK
3,169,10,-0.034239873936115495,1,🟢 OK
3,170,9,-0.029395031782746717,1,🟢 OK
3,171,8,-0.04781336822971327,1,🟢 OK
3,172,7,-0.052059624012349204,1,🟢 OK
3,173,6,-0.05465171760851961,1,🟢 OK
3,174,5,-0.05636607289094153,1,🟢 OK
3,175,4,-0.08143111861932018,1,🟢 OK
3,176,3,-0.08360313148748466,1,🟢 OK
3,177,2,-0.07582723211863884,1,🔴 ALERT
3,178,1,-0.10008510933402504,1,🔴 ALERT
3,179,0,-0.11094992267124304,1,🔴 ALERT
4,1,188,0.1224678558538641,0,🟢 OK
4,2,187,0.02875157687144747,0,🟢 OK
4,3,186,0.06281625374092553,0,🟢 OK
4,4,185,0.07653863443649461,0,🟢 OK
4,5,184,0.09851879969912969,0,🟢 OK
4,6,183,0.10399677557684334,0,🟢 OK
4,7,182,0.10100816406313906,0,🟢 OK
4,8,181,0.10292316550715874,0,🟢 OK
4,9,180,0.10804365860651277,0,🟢 OK
4,10,179,0.10720861728295045,0,🟢 OK
4,11,178,0.10900140545463272,0,🟢 OK
4,12,177,0.11357141693996137,0,🟢 OK
4,13,176,0.11718081188180418,0,🟢 OK
4,14,175,0.11782520540288088,0,🟢 OK
4,15,174,0.11862783303970797,0,🟢 OK
4,16,173,0.11770844897912264,0,🟢 OK
4,17,172,0.11795946199146573,0,🟢 OK
4,18,171,0.11727288482207271,0,🟢 OK
4,19,170,0.11566222137104837,0,🟢 OK
4,20,169,0.11431976020461415,0,🟢 OK
4,21,168,0.12437617626228098,0,🟢 OK
4,22,167,0.12472386855381584,0,🟢 OK
4,23,166,0.12368224872339956,0,🟢 OK
4,24,165,0.1089329067214807,0,🟢 OK
4,25,164,0.10990271464449913,0,🟢 OK
4,26,163,0.10298624630184255,0,🟢 OK
4,27,162,0.1052177390330079,0,🟢 OK
4,28,161,0.09461525462038345,0,🟢 OK
4,29,160,0.09368977875890122,0,🟢 OK
4,30,159,0.09867552613778335,0,🟢 OK
4,31,158,0.09892086692094654,0,🟢 OK
4,32,157,0.10653712625383899,0,🟢 OK
4,33,156,0.12165673541274613,0,🟢 OK
4,34,155,0.13208301498074,0,🟢 OK
4,35,154,0.12676947158631185,0,🟢 OK
4,36,153,0.12743656683959764,0,🟢 OK
4,37,152,0.11781424106404748,0,🟢 OK
4,38,151,0.1197964413949758,0,🟢 OK
4,39,150,0.12853828346983764,0,🟢 OK
4,40,149,0.11714136513371443,0,🟢 OK
4,41,148,0.11621363309329164,0,🟢 OK
4,42,147,0.11013377879107439,0,🟢 OK
4,43,146,0.10953885737319174,0,🟢 OK
4,44,145,0.09490287701256805,0,🟢 OK
4,45,144,0.09616021666506647,0,🟢 OK
4,46,143,0.07576257635167272,0,🟢 OK
4,47,142,0.076496670190563,0,🟢 OK
4,48,141,0.0755150132725585,0,🟢 OK
4,49,140,0.07510536587128497,0,🟢 OK
4,50,139,0.07719750474363613,0,🟢 OK
4,51,138,0.08730505470684724,0,🟢 OK
4,52,137,0.09700459254901461,0,🟢 OK
4,53,136,0.09732302679214311,0,🟢 OK
4,54,135,0.10805686173177242,0,🟢 OK
4,55,134,0.10438777675776939,0,🟢 OK
4,56,133,0.11398739934720359,0,🟢 OK
4,57,132,0.11069161406361294,0,🟢 OK
4,58,131,0.1211066353582726,0,🟢 OK
4,59,130,0.10901003128979508,0,🟢 OK
4,60,129,0.09913019411648155,0,🟢 OK
4,61,128,0.11251503837921695,0,🟢 OK
4,62,127,0.109688641339238,0,🟢 OK
4,63,126,0.11668048633658867,0,🟢 OK
4,64,125,0.1174666187919528,0,🟢 OK
4,65,124,0.10820139333200157,0,🟢 OK
4,66,123,0.10759543868176352,0,🟢 OK
4,67,122,0.11205667094683419,0,🟢 OK
4,68,121,0.11375204514334902,0,🟢 OK
4,69,120,0.11985938512122368,0,🟢 OK
4,70,119,0.11188213402092873,0,🟢 OK
4,71,118,0.11495955619331327,0,🟢 OK
4,72,117,0.11766431168457359,0,🟢 OK
4,73,116,0.10733730709041145,0,🟢 OK
4,74,115,0.105550970197958,0,🟢 OK
4,75,114,0.10347055431823177,0,🟢 OK
4,76,113,0.10813806864788383,0,🟢 OK
4,77,112,0.11236886106640281,0,🟢 OK
4,78,111,0.12098362848121424,0,🟢 OK
4,79,110,0.12371810054070531,0,🟢 OK
4,80,109,0.11384441499170994,0,🟢 OK
4,81,108,0.12191786225387424,0,🟢 OK
4,82,107,0.12115392944451286,0,🟢 OK
4,83,106,0.12642785511580323,0,🟢 OK
4,84,105,0.12743738813394123,0,🟢 OK
4,85,104,0.13268032084658,0,🟢 OK
4,86,103,0.13177645629309498,0,🟢 OK
4,87,102,0.12560253283465184,0,🟢 OK
4,88,101,0.13623839031484591,0,🟢 OK
4,89,100,0.13223785477821648,0,🟢 OK
4,90,99,0.12808028152425865,0,🟢 OK
4,91,98,0.12702844962261112,0,🟢 OK
4,92,97,0.11975444812677144,0,🟢 OK
4,93,96,0.12530619532619597,0,🟢 OK
4,94,95,0.1298100895693498,0,🟢 OK
4,95,94,0.1259319231206134,0,🟢 OK
4,96,93,0.12874243561488719,0,🟢 OK
4,97,92,0.12448044964374105,0,🟢 OK
4,98,91,0.12329506350832364,0,🟢 OK
4,99,90,0.12418945327569225,0,🟢 OK
4,100,89,0.12667269469382414,0,🟢 OK
4,101,88,0.1267771505855027,0,🟢 OK
4,102,87,0.12900088902397866,0,🟢 OK
4,103,86,0.11952964411811162,0,🟢 OK
4,104,85,0.13022383343553245,0,🟢 OK
4,105,84,0.12666101739106667,0,🟢 OK
4,106,83,0.1284956610039093,0,🟢 OK
4,107,82,0.12904914532037148,0,🟢 OK
4,108,81,0.12972902782661555,0,🟢 OK
4,109,80,0.12213772021054348,0,🟢 OK
4,110,79,0.11707351832977192,0,🟢 OK
4,111,78,0.11675155593332076,0,🟢 OK
4,112,77,0.10879551244643648,0,🟢 OK
4,113,76,0.10503935447491014,0,🟢 OK
4,114,75,0.11208175296753559,0,🟢 OK
4,115,74,0.11209384059689681,0,🟢 OK
4,116,73,0.10939886272369126,0,🟢 OK
4,117,72,0.10377864604111386,0,🟢 OK
4,118,71,0.10265050950152244,0,🟢 OK
4,119,70,0.1037368043392699,0,🟢 OK
4,120,69,0.11006652606762501,0,🟢 OK
4,121,68,0.10779961520620013,0,🟢 OK
4,122,67,0.11468274964287345,0,🟢 OK
4,123,66,0.11532091119609833,0,🟢 OK
4,124,65,0.11484081973431137,0,🟢 OK
4,125,64,0.11349718910606699,0,🟢 OK
4,126,63,0.11163001739532469,0,🟢 OK
4,127,62,0.11566613185661345,0,🟢 OK
4,128,61,0.10787732641646897,0,🟢 OK
4,129,60,0.10946150818543565,0,🟢 OK
4,130,59,0.10687953866456629,0,🟢 OK
4,131,58,0.10983428568625586,0,🟢 OK
4,132,57,0.10400077739017621,0,🟢 OK
4,133,56,0.10777288562557852,0,🟢 OK
4,134,55,0.10410654789178558,0,🟢 OK
4,135,54,0.08032984093016354,0,🟢 OK
4,136,53,0.0792184668139132,0,🟢 OK
4,137,52,0.08914555720266543,0,🟢 OK
4,138,51,0.09421678581075554,0,🟢 OK
4,139,50,0.0959743141254269,0,🟢 OK
4,140,49,0.08214456173951623,0,🟢 OK
4,141,48,0.08178685151769421,0,🟢 OK
4,142,47,0.09895805297564386,0,🟢 OK
4,143,46,0.08696118735641023,0,🟢 OK
4,144,45,0.0896230027481621,0,🟢 OK
4,145,44,0.10295039437689552,0,🟢 OK
4,146,43,0.11609905584447278,0,🟢 OK
4,147,42,0.10747485760817577,0,🟢 OK
4,148,41,0.10134988706164705,0,🟢 OK
4,149,40,0.08386310204253372,0,🟢 OK
4,150,39,0.07844133179408813,0,🟢 OK
4,151,38,0.06879376159360451,0,🟢 OK
4,152,37,0.06977762780323526,0,🟢 OK
4,153,36,0.07466706396314599,0,🟢 OK
4,154,35,0.06121423221681732,0,🟢 OK
4,155,34,0.060172113538057626,0,🟢 OK
4,156,33,0.07228496219277969,0,🟢 OK
4,157,32,0.06644342093998701,0,🟢 OK
4,158,31,0.05523961663298743,0,🟢 OK
4,159,30,0.05802974400037242,0,🟢 OK
4,160,29,0.05029073741377216,0,🟢 OK
4,161,28,0.03334386658398397,0,🟢 OK
4,162,27,0.0023898386013669892,0,🟢 OK
4,163,26,0.0062288685493157026,0,🟢 OK
4,164,25,-0.002131468263090519,1,🟢 OK
4,165,24,0.006789123636981309,0,🟢 OK
4,166,23,0.008126310514578738,0,🟢 OK
4,167,22,-0.010378357829799012,1,🟢 OK
4,168,21,-0.002707696486070721,1,🟢 OK
4,169,20,-0.01192806883678621,1,🟢 OK
4,170,19,0.0039708139167791145,0,🟢 OK
4,171,18,0.01579758417371757,0,🟢 OK
4,172,17,0.003832332850949527,0,🟢 OK
4,173,16,-0.0020210370020112833,1,🟢 OK
4,174,15,-0.013579937763421146,1,🟢 OK
4,175,14,-0.018959643303047335,1,🟢 OK
4,176,13,-0.012503354554678325,1,🟢 OK
4,177,12,-0.027183213164567288,1,🟢 OK
4,178,11,-0.034250370222804305,1,🟢 OK
4,179,10,-0.02656701728528943,1,🟢 OK
4,180,9,-0.03150032295528182,1,🟢 OK
4,181,8,-0.03546918623326489,1,🟢 OK
4,182,7,-0.041650381794211655,1,🟢 OK
4,183,6,-0.049108307994793154,1,🟢 OK
4,184,5,-0.05548888330227253,1,🔴 ALERT
4,185,4,-0.053267888511684514,1,🔴 ALERT
4,186,3,-0.05325596900532181,1,🔴 ALERT
4,187,2,-0.05765661191833438,1,🔴 ALERT
4,188,1,-0.06699662609863644,1,🔴 ALERT
4,189,0,-0.07831074550714978,1,🔴 ALERT
5,1,268,0.06842860526375288,0,🟢 OK
5,2,267,-0.009674588881950386,0,🟢 OK
5,3,266,0.011477954842692928,0,🟢 OK
5,4,265,0.016637646235363457,0,🟢 OK
5,5,264,0.024239706202920874,0,🟢 OK
5,6,263,0.032511936448223866,0,🟢 OK
5,7,262,0.021496054832852662,0,🟢 OK
5,8,261,0.03414153446406837,0,🟢 OK
5,9,260,0.046545334238966896,0,🟢 OK
5,10,259,0.028328724189376542,0,🟢 OK
5,11,258,0.03571358441498329,0,🟢 OK
5,12,257,0.024832794147331028,0,🟢 OK
5,13,256,0.023594837940620006,0,🟢 OK
5,14,255,0.025977636807969384,0,🟢 OK
5,15,254,0.048536524265341,0,🟢 OK
5,16,253,0.031200268408514586,0,🟢 OK
5,17,252,0.0382347075043139,0,🟢 OK
5,18,251,0.03528729043603074,0,🟢 OK
5,19,250,0.046220981420912466,0,🟢 OK
5,20,249,0.051894520194999016,0,🟢 OK
5,21,248,0.036920691774536496,0,🟢 OK
5,22,247,0.04187901586442211,0,🟢 OK
5,23,246,0.028423245282609977,0,🟢 OK
5,24,245,0.038189443489242636,0,🟢 OK
5,25,244,0.03385367233350062,0,🟢 OK
5,26,243,0.04007576629790904,0,🟢 OK
5,27,242,0.030891269296776658,0,🟢 OK
5,28,241,0.031190929836450054,0,🟢 OK
5,29,240,0.031994903472948144,0,🟢 OK
5,30,239,0.01988319738362737,0,🟢 OK
5,31,238,0.03196120736643998,0,🟢 OK
5,32,237,0.02608506913981734,0,🟢 OK
5,33,236,0.032504929601868404,0,🟢 OK
5,34,235,0.031114748075760812,0,🟢 OK
5,35,234,0.03811541422871545,0,🟢 OK
5,36,233,0.0346777721883596,0,🟢 OK
5,37,232,0.04802974426200646,0,🟢 OK
5,38,231,0.040660952061823186,0,🟢 OK
5,39,230,0.04986371294437608,0,🟢 OK
5,40,229,0.0702343155156005,0,🟢 OK
5,41,228,0.05062568893761543,0,🟢 OK
5,42,227,0.04389776701022596,0,🟢 OK
5,43,226,0.03304218275371884,0,🟢 OK
5,44,225,0.0479690139892226,0,🟢 OK
5,45,224,0.04260369191858199,0,🟢 OK
5,46,223,0.06366302185123202,0,🟢 OK
5,47,222,0.047593041695671856,0,🟢 OK
5,48,221,0.044993308911068786,0,🟢 OK
5,49,220,0.03529856617812882,0,🟢 OK
5,50,219,0.044764292988435817,0,🟢 OK
5,51,218,0.051267509003751766,0,🟢 OK
5,52,217,0.035627640587479525,0,🟢 OK
5,53,216,0.03920693780541479,0,🟢 OK
5,54,215,0.03501359573454965,0,🟢 OK
5,55,214,0.042807534247255696,0,🟢 OK
5,56,213,0.0319053767350474,0,🟢 OK
5,57,212,0.034971712703013635,0,🟢 OK
5,58,211,0.04610318596170743,0,🟢 OK
5,59,210,0.03929541246755802,0,🟢 OK
5,60,209,0.04041707754457197,0,🟢 OK
5,61,208,0.047356981970607226,0,🟢 OK
5,62,207,0.04948184002187106,0,🟢 OK
5,63,206,0.05032968263940846,0,🟢 OK
5,64,205,0.06163638248820813,0,🟢 OK
5,65,204,0.062466154307675104,0,🟢 OK
5,66,203,0.06911289572383417,0,🟢 OK
5,67,202,0.06596709772611387,0,🟢 OK
5,68,201,0.0610066652715997,0,🟢 OK
5,69,200,0.056662237647749025,0,🟢 OK
5,70,199,0.04160529043835148,0,🟢 OK
5,71,198,0.020610200575707005,0,🟢 OK
5,72,197,0.02501689468594054,0,🟢 OK
5,73,196,0.02027495431038412,0,🟢 OK
5,74,195,0.013319219664576665,0,🟢 OK
5,75,194,0.019138695836053876,0,🟢 OK
5,76,193,0.027313499609577574,0,🟢 OK
5,77,192,0.015326895451914402,0,🟢 OK
5,78,191,0.057085686662116664,0,🟢 OK
5,79,190,0.05485599666044877,0,🟢 OK
5,80,189,0.05442788970848783,0,🟢 OK
5,81,188,0.06344062914221116,0,🟢 OK
5,82,187,0.06812207909102413,0,🟢 OK
5,83,186,0.06925937232193896,0,🟢 OK
5,84,185,0.07002120862585931,0,🟢 OK
5,85,184,0.07068480956176831,0,🟢 OK
5,86,183,0.06788748908387965,0,🟢 OK
5,87,182,0.04300571138056086,0,🟢 OK
5,88,181,0.04867041948013623,0,🟢 OK
5,89,180,0.04599338293588173,0,🟢 OK
5,90,179,0.03672561673516256,0,🟢 OK
5,91,178,0.041723345034518744,0,🟢 OK
5,92,177,0.03951741797605707,0,🟢 OK
5,93,176,0.043391644344364266,0,🟢 OK
5,94,175,0.042987670688898194,0,🟢 OK
5,95,174,0.0562962210352127,0,🟢 OK
5,96,173,0.07868404031917109,0,🟢 OK
5,97,172,0.08273709441741128,0,🟢 OK
5,98,171,0.08366663640081284,0,🟢 OK
5,99,170,0.07510053746950324,0,🟢 OK
5,100,169,0.06973922587860565,0,🟢 OK
5,101,168,0.08044693229151417,0,🟢 OK
5,102,167,0.08030189588802833,0,🟢 OK
5,103,166,0.08106400414571269,0,🟢 OK
5,104,165,0.08088976500371775,0,🟢 OK
5,105,164,0.07629216991805393,0,🟢 OK
5,106,163,0.07276609521526439,0,🟢 OK
5,107,162,0.07979222163323824,0,🟢 OK
5,108,161,0.06687442193168242,0,🟢 OK
5,109,160,0.0813419274218044,0,🟢 OK
5,110,159,0.0786385120084368,0,🟢 OK
5,111,158,0.07912667298525694,0,🟢 OK
5,112,157,0.08450064921633427,0,🟢 OK
5,113,156,0.08242214926690422,0,🟢 OK
5,114,155,0.08201752341420454,0,🟢 OK
5,115,154,0.07623278236559078,0,🟢 OK
5,116,153,0.06999368958578328,0,🟢 OK
5,117,152,0.08079213496366205,0,🟢 OK
5,118,151,0.0790826301101949,0,🟢 OK
5,119,150,0.08718346569408714,0,🟢 OK
5,120,149,0.083462254357415,0,🟢 OK
5,121,148,0.07643993591870973,0,🟢 OK
5,122,147,0.07074968510378704,0,🟢 OK
5,123,146,0.07016688265745269,0,🟢 OK
5,124,145,0.07865484233580633,0,🟢 OK
5,125,144,0.07272915005501512,0,🟢 OK
5,126,143,0.06073147760919129,0,🟢 OK
5,127,142,0.05628818818369208,0,🟢 OK
5,128,141,0.05944949497543972,0,🟢 OK
5,129,140,0.07262474691542165,0,🟢 OK
5,130,139,0.07191588075981814,0,🟢 OK
5,131,138,0.07449908712975228,0,🟢 OK
5,132,137,0.08756309835145165,0,🟢 OK
5,133,136,0.10221544161840068,0,🟢 OK
5,134,135,0.09412005451574063,0,🟢 OK
5,135,134,0.09668508440512125,0,🟢 OK
5,136,133,0.0982434777965625,0,🟢 OK
5,137,132,0.09533518320457951,0,🟢 OK
5,138,131,0.09569134992440509,0,🟢 OK
5,139,130,0.08871079763682,0,🟢 OK
5,140,129,0.08838195653772923,0,🟢 OK
5,141,128,0.08160286066994071,0,🟢 OK
5,142,127,0.07655049564946764,0,🟢 OK
5,143,126,0.0639209128476777,0,🟢 OK
5,144,125,0.06940320133657507,0,🟢 OK
5,145,124,0.06886327405126375,0,🟢 OK
5,146,123,0.08856172099425513,0,🟢 OK
5,147,122,0.07078245482196732,0,🟢 OK
5,148,121,0.07300902489218114,0,🟢 OK
5,149,120,0.0739878847813496,0,🟢 OK
5,150,119,0.07511475355883557,0,🟢 OK
5,151,118,0.0841953631776281,0,🟢 OK
5,152,117,0.08659531838967022,0,🟢 OK
5,153,116,0.08391322413546226,0,🟢 OK
5,154,115,0.07492407177942856,0,🟢 OK
5,155,114,0.07540584974705145,0,🟢 OK
5,156,113,0.06671595554060378,0,🟢 OK
5,157,112,0.07382197562420811,0,🟢 OK
5,158,111,0.08756379108471096,0,🟢 OK
5,159,110,0.09074178377891312,0,🟢 OK
5,160,109,0.08557840671971162,0,🟢 OK
5,161,108,0.08046584786026417,0,🟢 OK
5,162,107,0.08076557477331492,0,🟢 OK
5,163,106,0.08434479242319692,0,🟢 OK
5,164,105,0.09350158247722556,0,🟢 OK
5,165,104,0.10035391433034402,0,🟢 OK
5,166,103,0.09974027592694412,0,🟢 OK
5,167,102,0.09460584759586982,0,🟢 OK
5,168,101,0.09103466164231938,0,🟢 OK
5,169,100,0.10476210861952706,0,🟢 OK
5,170,99,0.09399913391601533,0,🟢 OK
5,171,98,0.09487577322430885,0,🟢 OK
5,172,97,0.09575567583942157,0,🟢 OK
5,173,96,0.09417019779470831,0,🟢 OK
5,174,95,0.09680438249925638,0,🟢 OK
5,175,94,0.08882460016144439,0,🟢 OK
5,176,93,0.08060095933967099,0,🟢 OK
5,177,92,0.08066689853750064,0,🟢 OK
5,178,91,0.0961378776678673,0,🟢 OK
5,179,90,0.09697567626870457,0,🟢 OK
5,180,89,0.10034383853103862,0,🟢 OK
5,181,88,0.08676682012754339,0,🟢 OK
5,182,87,0.09450501397394384,0,🟢 OK
5,183,86,0.09025734372049454,0,🟢 OK
5,184,85,0.09739934920797655,0,🟢 OK
5,185,84,0.0861119722235466,0,🟢 OK
5,186,83,0.08175060431067832,0,🟢 OK
5,187,82,0.07057770419420512,0,🟢 OK
5,188,81,0.07727153089821892,0,🟢 OK
5,189,80,0.082299729721801,0,🟢 OK
5,190,79,0.09426943092998419,0,🟢 OK
5,191,78,0.10151947093504615,0,🟢 OK
5,192,77,0.10481008029388117,0,🟢 OK
5,193,76,0.10894807956984764,0,🟢 OK
5,194,75,0.10651308470149212,0,🟢 OK
5,195,74,0.09278855514672091,0,🟢 OK
5,196,73,0.09248234707191355,0,🟢 OK
5,197,72,0.0907845878928164,0,🟢 OK
5,198,71,0.08667881091074353,0,🟢 OK
5,199,70,0.09503274625406127,0,🟢 OK
5,200,69,0.08588155460376318,0,🟢 OK
5,201,68,0.09677447038798254,0,🟢 OK
5,202,67,0.07882866437543662,0,🟢 OK
5,203,66,0.09551140945517256,0,🟢 OK
5,204,65,0.0839408444682278,0,🟢 OK
5,205,64,0.1129068316904634,0,🟢 OK
5,206,63,0.10832077030830067,0,🟢 OK
5,207,62,0.09258727442648262,0,🟢 OK
5,208,61,0.08815676379672038,0,🟢 OK
5,209,60,0.10964854334175267,0,🟢 OK
5,210,59,0.09891395650694745,0,🟢 OK
5,211,58,0.08237523956068443,0,🟢 OK
5,212,57,0.07955196280916654,0,🟢 OK
5,213,56,0.07649674982218546,0,🟢 OK
5,214,55,0.08090819668948579,0,🟢 OK
5,215,54,0.060819374511343005,0,🟢 OK
5,216,53,0.05182102129468874,0,🟢 OK
5,217,52,0.05624106442226173,0,🟢 OK
5,218,51,0.05786448120314064,0,🟢 OK
5,219,50,0.054989474650755654,0,🟢 OK
5,220,49,0.056417525331303175,0,🟢 OK
5,221,48,0.060810772253116874,0,🟢 OK
5,222,47,0.04164412950057378,0,🟢 OK
5,223,46,0.0362564577532038,0,🟢 OK
5,224,45,0.03853792592626126,0,🟢 OK
5,225,44,0.038497145667756416,0,🟢 OK
5,226,43,0.0385058868430706,0,🟢 OK
5,227,42,0.04664659748749472,0,🟢 OK
5,228,41,0.04731533460729592,0,🟢 OK
5,229,40,0.05896443050482475,0,🟢 OK
5,230,39,0.04189085849379104,0,🟢 OK
5,231,38,0.058100512430209805,0,🟢 OK
5,232,37,0.05165333062771377,0,🟢 OK
5,233,36,0.04709214587076288,0,🟢 OK
5,234,35,0.04494376583591242,0,🟢 OK
5,235,34,0.03887918392327572,0,🟢 OK
5,236,33,0.030946637381814246,0,🟢 OK
5,237,32,0.011654707943411724,0,🟢 OK
5,238,31,0.01980093216159229,0,🟢 OK
5,239,30,0.011772363234618333,0,🟢 OK
5,240,29,0.0056763943394519956,0,🟢 OK
5,241,28,0.009974507151724654,0,🟢 OK
5,242,27,0.008543814198939792,0,🟢 OK
5,243,26,0.014125399691478024,0,🟢 OK
5,244,25,0.009525559391318605,0,🟢 OK
5,245,24,0.016809189909886002,0,🟢 OK
5,246,23,0.010930864381053007,0,🟢 OK
5,247,22,-0.003081294106533683,1,🟢 OK
5,248,21,0.0002955102933067666,0,🟢 OK
5,249,20,-0.007445075628367492,1,🟢 OK
5,250,19,-0.017422905578698855,1,🟢 OK
5,251,18,-0.030986221381837598,1,🟢 OK
5,252,17,-0.033982580577359256,1,🟢 OK
5,253,16,-0.03169908303641478,1,🟢 OK
5,254,15,-0.03716431999329162,1,🟢 OK
5,255,14,-0.053741707399044936,1,🟢 OK
5,256,13,-0.044686179419765715,1,🟢 OK
5,257,12,-0.0662186217489984,1,🟢 OK
5,258,11,-0.059009165719173806,1,🟢 OK
5,259,10,-0.06178999809958108,1,🟢 OK
5,260,9,-0.05605883565699865,1,🔴 ALERT
5,261,8,-0.0513751939598901,1,🔴 ALERT
5,262,7,-0.047472425277389596,1,🔴 ALERT
5,263,6,-0.03559117610633089,1,🔴 ALERT
5,264,5,-0.033630920058086544,1,🔴 ALERT
5,265,4,-0.04433873188029058,1,🔴 ALERT
5,266,3,-0.04555690805478818,1,🔴 ALERT
5,267,2,-0.027889266316093675,1,🔴 ALERT
5,268,1,-0.03628810103789315,1,🔴 ALERT
5,269,0,-0.039258396587359634,1,🔴 ALERT
6,1,187,0.09188960268575525,0,🟢 OK
6,2,186,0.03146713559071124,0,🟢 OK
6,3,185,0.10302158066731792,0,🟢 OK
6,4,184,0.10465365616600003,0,🟢 OK
6,5,183,0.10701024476121868,0,🟢 OK
6,6,182,0.09770128005121165,0,🟢 OK
6,7,181,0.10528245504431527,0,🟢 OK
6,8,180,0.10023631710869668,0,🟢 OK
6,9,179,0.09143082077074993,0,🟢 OK
6,10,178,0.09137730564344038,0,🟢 OK
6,11,177,0.09011633699844568,0,🟢 OK
6,12,176,0.08052370916412682,0,🟢 OK
6,13,175,0.08605337507619443,0,🟢 OK
6,14,174,0.09344858371148163,0,🟢 OK
6,15,173,0.09494621475782028,0,🟢 OK
6,16,172,0.10537190637637339,0,🟢 OK
6,17,171,0.09918841341419415,0,🟢 OK
6,18,170,0.09175435466492982,0,🟢 OK
6,19,169,0.09820093208377206,0,🟢 OK
6,20,168,0.10379941098109108,0,🟢 OK
6,21,167,0.10406682450817245,0,🟢 OK
6,22,166,0.08886934427621362,0,🟢 OK
6,23,165,0.09738997633325763,0,🟢 OK
6,24,164,0.09241109759741684,0,🟢 OK
6,25,163,0.09837254436607362,0,🟢 OK
6,26,162,0.09541411550596973,0,🟢 OK
6,27,161,0.09361734301295105,0,🟢 OK
6,28,160,0.09300173068597561,0,🟢 OK
6,29,159,0.08574273117702885,0,🟢 OK
6,30,158,0.08722115214040943,0,🟢 OK
6,31,157,0.09158908747300848,0,🟢 OK
6,32,156,0.08452632911169211,0,🟢 OK
6,33,155,0.09002651530372957,0,🟢 OK
6,34,154,0.08750800128186975,0,🟢 OK
6,35,153,0.08584477920190575,0,🟢 OK
6,36,152,0.08532606673980686,0,🟢 OK
6,37,151,0.09294672438165102,0,🟢 OK
6,38,150,0.10034616338664687,0,🟢 OK
6,39,149,0.08670694533877932,0,🟢 OK
6,40,148,0.08197534173370208,0,🟢 OK
6,41,147,0.08989368267864584,0,🟢 OK
6,42,146,0.08829020068521376,0,🟢 OK
6,43,145,0.08785062836924623,0,🟢 OK
6,44,144,0.09175326740372958,0,🟢 OK
6,45,143,0.09865351831091679,0,🟢 OK
6,46,142,0.08151143619319123,0,🟢 OK
6,47,141,0.07621425262460535,0,🟢 OK
6,48,140,0.06878355403998271,0,🟢 OK
6,49,139,0.0807724277965573,0,🟢 OK
6,50,138,0.07891505488735828,0,🟢 OK
6,51,137,0.08690174783705107,0,🟢 OK
6,52,136,0.08451295223741262,0,🟢 OK
6,53,135,0.0859638090285787,0,🟢 OK
6,54,134,0.0864080257226083,0,🟢 OK
6,55,133,0.08631032927680898,0,🟢 OK
6,56,132,0.098976209222846,0,🟢 OK
6,57,131,0.08652807970675486,0,🟢 OK
6,58,130,0.0810339202054382,0,🟢 OK
6,59,129,0.08714973946389609,0,🟢 OK
6,60,128,0.0814201852037339,0,🟢 OK
6,61,127,0.07339555982443485,0,🟢 OK
6,62,126,0.08023680785963955,0,🟢 OK
6,63,125,0.06608691903863806,0,🟢 OK
6,64,124,0.06823070162658718,0,🟢 OK
6,65,123,0.0700433561955181,0,🟢 OK
6,66,122,0.0764168212824961,0,🟢 OK
6,67,121,0.07441258647440246,0,🟢 OK
6,68,120,0.07310909006193378,0,🟢 OK
6,69,119,0.06612759418885861,0,🟢 OK
6,70,118,0.0631888639138522,0,🟢 OK
6,71,117,0.07410700166358136,0,🟢 OK
6,72,116,0.07346761230431781,0,🟢 OK
6,73,115,0.06774226949040457,0,🟢 OK
6,74,114,0.07327842459552308,0,🟢 OK
6,75,113,0.0691543284508121,0,🟢 OK
6,76,112,0.058119450870492584,0,🟢 OK
6,77,111,0.04930001114408111,0,🟢 OK
6,78,110,0.04540970471029304,0,🟢 OK
6,79,109,0.041672163691114705,0,🟢 OK
6,80,108,0.04423844398916055,0,🟢 OK
6,81,107,0.04485400399467476,0,🟢 OK
6,82,106,0.05020810976100387,0,🟢 OK
6,83,105,0.056236572231371074,0,🟢 OK
6,84,104,0.04895776615593911,0,🟢 OK
6,85,103,0.04244466296919136,0,🟢 OK
6,86,102,0.048075446088530926,0,🟢 OK
6,87,101,0.07462737792204427,0,🟢 OK
6,88,100,0.072406133176869,0,🟢 OK
6,89,99,0.06402145828907468,0,🟢 OK
6,90,98,0.06340293814894354,0,🟢 OK
6,91,97,0.06873236480204498,0,🟢 OK
6,92,96,0.05591091397374348,0,🟢 OK
6,93,95,0.0461461437766546,0,🟢 OK
6,94,94,0.04454642761347316,0,🟢 OK
6,95,93,0.05985195177461172,0,🟢 OK
6,96,92,0.05507843947305824,0,🟢 OK
6,97,91,0.05593865940246423,0,🟢 OK
6,98,90,0.05514684436202627,0,🟢 OK
6,99,89,0.05418085975759507,0,🟢 OK
6,100,88,0.05918642058396362,0,🟢 OK
6,101,87,0.052790216162526216,0,🟢 OK
6,102,86,0.04890249271630376,0,🟢 OK
6,103,85,0.051995453912949074,0,🟢 OK
6,104,84,0.049400347262678335,0,🟢 OK
6,105,83,0.06213553524971027,0,🟢 OK
6,106,82,0.05635047315526409,0,🟢 OK
6,107,81,0.05789900714433199,0,🟢 OK
6,108,80,0.058939616366509406,0,🟢 OK
6,109,79,0.05946826486064333,0,🟢 OK
6,110,78,0.053381876676436624,0,🟢 OK
6,111,77,0.05719615563434205,0,🟢 OK
6,112,76,0.04903466257236094,0,🟢 OK
6,113,75,0.053912321091754534,0,🟢 OK
6,114,74,0.04596526316366434,0,🟢 OK
6,115,73,0.05281154759220541,0,🟢 OK
6,116,72,0.0513894235237059,0,🟢 OK
6,117,71,0.05001124187809586,0,🟢 OK
6,118,70,0.06126279778295929,0,🟢 OK
6,119,69,0.056410422364301605,0,🟢 OK
6,120,68,0.060853561938650436,0,🟢 OK
6,121,67,0.060129695973602126,0,🟢 OK
6,122,66,0.056193631679594014,0,🟢 OK
6,123,65,0.04653179047295075,0,🟢 OK
6,124,64,0.03430542915260976,0,🟢 OK
6,125,63,0.03598507014369484,0,🟢 OK
6,126,62,0.03827037801628802,0,🟢 OK
6,127,61,0.03280368591574928,0,🟢 OK
6,128,60,0.021170388876259827,0,🟢 OK
6,129,59,0.021490268840562543,0,🟢 OK
6,130,58,0.013080420103027457,0,🟢 OK
6,131,57,0.005989742588057179,0,🟢 OK
6,132,56,-0.004753866948316698,1,🟢 OK
6,133,55,0.017176393021671288,0,🟢 OK
6,134,54,0.00964055038016609,0,🟢 OK
6,135,53,0.014253126702081231,0,🟢 OK
6,136,52,0.025467086820200935,0,🟢 OK
6,137,51,0.031742642930237874,0,🟢 OK
6,138,50,0.01778188069067499,0,🟢 OK
6,139,49,0.012342339243901435,0,🟢 OK
6,140,48,0.030054523875991557,0,🟢 OK
6,141,47,0.033281623990535913,0,🟢 OK
6,142,46,0.022100977035190206,0,🟢 OK
6,143,45,0.009298171652554699,0,🟢 OK
6,144,44,-0.008455865140583718,1,🟢 OK
6,145,43,-0.029482499262959316,1,🟢 OK
6,146,42,-0.031730460179915765,1,🟢 OK
6,147,41,-0.029827285586384922,1,🟢 OK
6,148,40,-0.019958790599749476,1,🟢 OK
6,149,39,-0.024447068536666228,1,🟢 OK
6,150,38,-0.02251131302940179,1,🟢 OK
6,151,37,-0.031150232038932968,1,🟢 OK
6,152,36,-0.028670335123775037,1,🟢 OK
6,153,35,-0.02064554425697951,1,🟢 OK
6,154,34,-0.010776496405391467,1,🟢 OK
6,155,33,-0.023743364614082108,1,🔴 ALERT
6,156,32,-0.023164210462593093,1,🔴 ALERT
6,157,31,-0.01989273308693129,1,🔴 ALERT
6,158,30,-0.01731454467649085,1,🔴 ALERT
6,159,29,-0.016243834700279125,1,🔴 ALERT
6,160,28,-0.027098962703237084,1,🔴 ALERT
6,161,27,-0.03858828037970918,1,🔴 ALERT
6,162,26,-0.03009109951178801,1,🔴 ALERT
6,163,25,-0.0450058673306295,1,🔴 ALERT
6,164,24,-0.04896501218323834,1,🔴 ALERT
6,165,23,-0.04858925164019279,1,🔴 ALERT
6,166,22,-0.058865871158009786,1,🔴 ALERT
6,167,21,-0.04308127276574025,1,🔴 ALERT
6,168,20,-0.03207010434653679,1,🔴 ALERT
6,169,19,-0.03183379296088584,1,🔴 ALERT
6,170,18,-0.034444391585066514,1,🔴 ALERT
6,171,17,-0.04157831112072563,1,🔴 ALERT
6,172,16,-0.033999301560277195,1,🔴 ALERT
6,173,15,-0.03129195420941855,1,🔴 ALERT
6,174,14,-0.0334038358864438,1,🔴 ALERT
6,175,13,-0.03261701468178657,1,🔴 ALERT
6,176,12,-0.038568161383003674,1,🔴 ALERT
6,177,11,-0.04920626143886786,1,🔴 ALERT
6,178,10,-0.04946445536713051,1,🔴 ALERT
6,179,9,-0.04057528154177836,1,🔴 ALERT
6,180,8,-0.045979988938417704,1,🔴 ALERT
6,181,7,-0.04749103869961957,1,🔴 ALERT
6,182,6,-0.04384207908322568,1,🔴 ALERT
6,183,5,-0.03640647029924371,1,🔴 ALERT
6,184,4,-0.0361948059288163,1,🔴 ALERT
6,185,3,-0.039243721641762375,1,🔴 ALERT
6,186,2,-0.03494871823171719,1,🔴 ALERT
6,187,1,-0.04357794532989423,1,🔴 ALERT
6,188,0,-0.05223807516226353,1,🔴 ALERT
7,1,258,0.06514399550335592,0,🟢 OK
7,2,257,0.004143407634250806,0,🟢 OK
7,3,256,0.03590992418930394,0,🟢 OK
7,4,255,0.020753460144439018,0,🟢 OK
7,5,254,0.04484541573107076,0,🟢 OK
7,6,253,0.05583783353670657,0,🟢 OK
7,7,252,0.07092825173014844,0,🟢 OK
7,8,251,0.0682083279067871,0,🟢 OK
7,9,250,0.08073978450112179,0,🟢 OK
7,10,249,0.08336602663361203,0,🟢 OK
7,11,248,0.08745195965104452,0,🟢 OK
7,12,247,0.09148047095142192,0,🟢 OK
7,13,246,0.09257639126598094,0,🟢 OK
7,14,245,0.09874602199830346,0,🟢 OK
7,15,244,0.09383692943269889,0,🟢 OK
7,16,243,0.09225629921298456,0,🟢 OK
7,17,242,0.10499065095934029,0,🟢 OK
7,18,241,0.09236562116164893,0,🟢 OK
7,19,240,0.09643712262217274,0,🟢 OK
7,20,239,0.09018253599119619,0,🟢 OK
7,21,238,0.08393587724693363,0,🟢 OK
7,22,237,0.09317662854518666,0,🟢 OK
7,23,236,0.09081251963074694,0,🟢 OK
7,24,235,0.08851343555681412,0,🟢 OK
7,25,234,0.08877494954371179,0,🟢 OK
7,26,233,0.06781398855180892,0,🟢 OK
7,27,232,0.06914901011217539,0,🟢 OK
7,28,231,0.06772930514136422,0,🟢 OK
7,29,230,0.06620323024255687,0,🟢 OK
7,30,229,0.04914850003324028,0,🟢 OK
7,31,228,0.055764438275386796,0,🟢 OK
7,32,227,0.05439754789400364,0,🟢 OK
7,33,226,0.05632360356677435,0,🟢 OK
7,34,225,0.05318555927455687,0,🟢 OK
7,35,224,0.05837024304896793,0,🟢 OK
7,36,223,0.08565247998521508,0,🟢 OK
7,37,222,0.0756600739466981,0,🟢 OK
7,38,221,0.06533387932531565,0,🟢 OK
7,39,220,0.07083752413144029,0,🟢 OK
7,40,219,0.073117855310251,0,🟢 OK
7,41,218,0.07357466793618339,0,🟢 OK
7,42,217,0.06918175378778291,0,🟢 OK
7,43,216,0.0618435392983569,0,🟢 OK
7,44,215,0.06123483343132957,0,🟢 OK
7,45,214,0.07296984484613855,0,🟢 OK
7,46,213,0.08289266552809715,0,🟢 OK
7,47,212,0.09267186909399677,0,🟢 OK
7,48,211,0.09691006136687152,0,🟢 OK
7,49,210,0.09559138140998064,0,🟢 OK
7,50,209,0.09293029630712907,0,🟢 OK
7,51,208,0.0821873610188788,0,🟢 OK
7,52,207,0.06352019454175623,0,🟢 OK
7,53,206,0.0752534872966455,0,🟢 OK
7,54,205,0.0734205543609795,0,🟢 OK
7,55,204,0.07781916449403153,0,🟢 OK
7,56,203,0.08155492320384372,0,🟢 OK
7,57,202,0.07851538030708688,0,🟢 OK
7,58,201,0.056676659895364356,0,🟢 OK
7,59,200,0.04667766555835606,0,🟢 OK
7,60,199,0.05867498528391929,0,🟢 OK
7,61,198,0.0527362740452052,0,🟢 OK
7,62,197,0.08209641757761554,0,🟢 OK
7,63,196,0.06971746133267687,0,🟢 OK
7,64,195,0.06677723362564053,0,🟢 OK
7,65,194,0.05455135422255164,0,🟢 OK
7,66,193,0.05897613274823421,0,🟢 OK
7,67,192,0.052501023654812407,0,🟢 OK
7,68,191,0.0801219503912845,0,🟢 OK
7,69,190,0.06912626789624166,0,🟢 OK
7,70,189,0.07318188860792657,0,🟢 OK
7,71,188,0.07577564245912727,0,🟢 OK
7,72,187,0.07056734638492346,0,🟢 OK
7,73,186,0.08501834468846026,0,🟢 OK
7,74,185,0.08399890775010549,0,🟢 OK
7,75,184,0.08189580735734697,0,🟢 OK
7,76,183,0.06994434940576927,0,🟢 OK
7,77,182,0.058691446643063305,0,🟢 OK
7,78,181,0.07031300097703136,0,🟢 OK
7,79,180,0.08372242546644648,0,🟢 OK
7,80,179,0.08546726373514024,0,🟢 OK
7,81,178,0.08098781475116534,0,🟢 OK
7,82,177,0.08308091775615689,0,🟢 OK
7,83,176,0.08033472444953149,0,🟢 OK
7,84,175,0.0895527728780291,0,🟢 OK
7,85,174,0.09236661035720095,0,🟢 OK
7,86,173,0.06107651477037668,0,🟢 OK
7,87,172,0.06334491600789988,0,🟢 OK
7,88,171,0.0433962831698641,0,🟢 OK
7,89,170,0.044412277792309496,0,🟢 OK
7,90,169,0.04178906727290138,0,🟢 OK
7,91,168,0.05800170121191689,0,🟢 OK
7,92,167,0.06799790388880284,0,🟢 OK
7,93,166,0.060692317594550294,0,🟢 OK
7,94,165,0.06830893032863677,0,🟢 OK
7,95,164,0.08785638591821321,0,🟢 OK
7,96,163,0.0926622384009223,0,🟢 OK
7,97,162,0.09407311074876185,0,🟢 OK
7,98,161,0.09661716689247535,0,🟢 OK
7,99,160,0.09984611433501017,0,🟢 OK
7,100,159,0.10123065112824403,0,🟢 OK
7,101,158,0.09665452764654947,0,🟢 OK
7,102,157,0.09582322871705518,0,🟢 OK
7,103,156,0.09272414920702837,0,🟢 OK
7,104,155,0.09781335401637503,0,🟢 OK
7,105,154,0.09354931693839719,0,🟢 OK
7,106,153,0.08739909652524552,0,🟢 OK
7,107,152,0.08844532277908101,0,🟢 OK
7,108,151,0.08531364272315956,0,🟢 OK
7,109,150,0.07564335966261337,0,🟢 OK
7,110,149,0.07331667411277659,0,🟢 OK
7,111,148,0.07650784536543476,0,🟢 OK
7,112,147,0.08284375442307917,0,🟢 OK
7,113,146,0.07228007833086958,0,🟢 OK
7,114,145,0.07653322616654545,0,🟢 OK
7,115,144,0.08341469365512655,0,🟢 OK
7,116,143,0.08233561472019224,0,🟢 OK
7,117,142,0.07571351139727678,0,🟢 OK
7,118,141,0.08072961618503594,0,🟢 OK
7,119,140,0.09140281422519347,0,🟢 OK
7,120,139,0.08053827159939986,0,🟢 OK
7,121,138,0.09446093889060608,0,🟢 OK
7,122,137,0.09793228523250569,0,🟢 OK
7,123,136,0.09743624288270247,0,🟢 OK
7,124,135,0.09462664826905265,0,🟢 OK
7,125,134,0.10313205035286072,0,🟢 OK
7,126,133,0.1104937755739957,0,🟢 OK
7,127,132,0.10425395363783369,0,🟢 OK
7,128,131,0.09738749341262737,0,🟢 OK
7,129,130,0.10459182303368814,0,🟢 OK
7,130,129,0.09627323971389656,0,🟢 OK
7,131,128,0.09583283470276699,0,🟢 OK
7,132,127,0.08950899449951116,0,🟢 OK
7,133,126,0.080597764715648,0,🟢 OK
7,134,125,0.1078002186627498,0,🟢 OK
7,135,124,0.1101817008677538,0,🟢 OK
7,136,123,0.10945855888348094,0,🟢 OK
7,137,122,0.11168311365523392,0,🟢 OK
7,138,121,0.10952488904850588,0,🟢 OK
7,139,120,0.10056333452025701,0,🟢 OK
7,140,119,0.10049655646362621,0,🟢 OK
7,141,118,0.10247025580497571,0,🟢 OK
7,142,117,0.10378306881616672,0,🟢 OK
7,143,116,0.10591973552167816,0,🟢 OK
7,144,115,0.1124688708374395,0,🟢 OK
7,145,114,0.10497268580542124,0,🟢 OK
7,146,113,0.11053166161420175,0,🟢 OK
7,147,112,0.11238080043616933,0,🟢 OK
7,148,111,0.12057135567655664,0,🟢 OK
7,149,110,0.11583766957454145,0,🟢 OK
7,150,109,0.10733978187311777,0,🟢 OK
7,151,108,0.11592042001749525,0,🟢 OK
7,152,107,0.11821718557555383,0,🟢 OK
7,153,106,0.09384393077063774,0,🟢 OK
7,154,105,0.11169371971122238,0,🟢 OK
7,155,104,0.09861981943427645,0,🟢 OK
7,156,103,0.10731371125339118,0,🟢 OK
7,157,102,0.10937936460519615,0,🟢 OK
7,158,101,0.11162455937534316,0,🟢 OK
7,159,100,0.11618057386931963,0,🟢 OK
7,160,99,0.11422280255278677,0,🟢 OK
7,161,98,0.11650504867510253,0,🟢 OK
7,162,97,0.12335905956298421,0,🟢 OK
7,163,96,0.12408266763540632,0,🟢 OK
7,164,95,0.12270720416695813,0,🟢 OK
7,165,94,0.11905620005865664,0,🟢 OK
7,166,93,0.12173479694638589,0,🟢 OK
7,167,92,0.11961447245447754,0,🟢 OK
7,168,91,0.11576930603088242,0,🟢 OK
7,169,90,0.10559053839087046,0,🟢 OK
7,170,89,0.1036236371217153,0,🟢 OK
7,171,88,0.10594534143346873,0,🟢 OK
7,172,87,0.10776740048809452,0,🟢 OK
7,173,86,0.11746771915584658,0,🟢 OK
7,174,85,0.1209486903176843,0,🟢 OK
7,175,84,0.10827617683474688,0,🟢 OK
7,176,83,0.11506973739832221,0,🟢 OK
7,177,82,0.11529750659850069,0,🟢 OK
7,178,81,0.09721242012293585,0,🟢 OK
7,179,80,0.12428458167579887,0,🟢 OK
7,180,79,0.10681048358366618,0,🟢 OK
7,181,78,0.10136419435220234,0,🟢 OK
7,182,77,0.1056887697823497,0,🟢 OK
7,183,76,0.10514465505927001,0,🟢 OK
7,184,75,0.10796932254860797,0,🟢 OK
7,185,74,0.11371675301784218,0,🟢 OK
7,186,73,0.10398323976220802,0,🟢 OK
7,187,72,0.10858094887649145,0,🟢 OK
7,188,71,0.0999736262876072,0,🟢 OK
7,189,70,0.09356323336477484,0,🟢 OK
7,190,69,0.10327021620313753,0,🟢 OK
7,191,68,0.10028035614644648,0,🟢 OK
7,192,67,0.09872447458898714,0,🟢 OK
7,193,66,0.08713854432062973,0,🟢 OK
7,194,65,0.09568106622304678,0,🟢 OK
7,195,64,0.09476737843788396,0,🟢 OK
7,196,63,0.07122558194141665,0,🟢 OK
7,197,62,0.07278792129245337,0,🟢 OK
7,198,61,0.06705154021041115,0,🟢 OK
7,199,60,0.06647499229648701,0,🟢 OK
7,200,59,0.054626518332626606,0,🟢 OK
7,201,58,0.05513596449009828,0,🟢 OK
7,202,57,0.057375156526242144,0,🟢 OK
7,203,56,0.043554830719811255,0,🟢 OK
7,204,55,0.03956036815075442,0,🟢 OK
7,205,54,0.03377093641143325,0,🟢 OK
7,206,53,0.05963444825654696,0,🟢 OK
7,207,52,0.05642115972692868,0,🟢 OK
7,208,51,0.06134670687012733,0,🟢 OK
7,209,50,0.056426166098214825,0,🟢 OK
7,210,49,0.05092191926812589,0,🟢 OK
7,211,48,0.038306604956131474,0,🟢 OK
7,212,47,0.04192933112948183,0,🟢 OK
7,213,46,0.03484752547562847,0,🟢 OK
7,214,45,0.05061303571656545,0,🟢 OK
7,215,44,0.0322844372162811,0,🟢 OK
7,216,43,0.059308523758407505,0,🟢 OK
7,217,42,0.05216098005216213,0,🟢 OK
7,218,41,0.039194044227111535,0,🟢 OK
7,219,40,0.026525212136494114,0,🟢 OK
7,220,39,0.023710494641175917,0,🟢 OK
7,221,38,0.03660894678164556,0,🟢 OK
7,222,37,0.01798633301903929,0,🟢 OK
7,223,36,0.036846224935361827,0,🟢 OK
7,224,35,0.029121857724548617,0,🟢 OK
7,225,34,-0.002836603723978426,1,🟢 OK
7,226,33,-0.005581011323546492,1,🟢 OK
7,227,32,-0.01176014830392913,1,🟢 OK
7,228,31,-0.002066834362897896,1,🟢 OK
7,229,30,-0.013852273802635429,1,🟢 OK
7,230,29,-0.018872641122360756,1,🟢 OK
7,231,28,-0.015346387033234876,1,🟢 OK
7,232,27,-0.01619310119833728,1,🟢 OK
7,233,26,-0.03417545883365247,1,🟢 OK
7,234,25,-0.03366062794824598,1,🟢 OK
7,235,24,-0.029745409820315594,1,🟢 OK
7,236,23,-0.023499243106443024,1,🟢 OK
7,237,22,-0.03840636193691205,1,🟢 OK
7,238,21,-0.04680629941361025,1,🟢 OK
7,239,20,-0.05331292694766332,1,🟢 OK
7,240,19,-0.06029668002685995,1,🔴 ALERT
7,241,18,-0.0723949979294658,1,🔴 ALERT
7,242,17,-0.06187886915436003,1,🔴 ALERT
7,243,16,-0.054240845471762666,1,🔴 ALERT
7,244,15,-0.06662871673051785,1,🔴 ALERT
7,245,14,-0.062283438692989024,1,🔴 ALERT
7,246,13,-0.06190299086251749,1,🔴 ALERT
7,247,12,-0.03087195453029179,1,🔴 ALERT
7,248,11,-0.020490159685548237,1,🔴 ALERT
7,249,10,-0.022342221391201234,1,🔴 ALERT
7,250,9,-0.022285882200255847,1,🔴 ALERT
7,251,8,-0.015445462718409741,1,🔴 ALERT
7,252,7,-0.029670192436365372,1,🔴 ALERT
7,253,6,-0.040840850730143874,1,🔴 ALERT
7,254,5,-0.041651771202175336,1,🔴 ALERT
7,255,4,-0.04366878072929048,1,🔴 ALERT
7,256,3,-0.038996524195769156,1,🔴 ALERT
7,257,2,-0.04531544405700838,1,🔴 ALERT
7,258,1,-0.042605643408737515,1,🔴 ALERT
7,259,0,-0.039860029191807755,1,🔴 ALERT
8,1,149,0.08370652511701787,0,🟢 OK
8,2,148,-0.009347183614716648,0,🟢 OK
8,3,147,0.03799463759271943,0,🟢 OK
8,4,146,0.047635610795701444,0,🟢 OK
8,5,145,0.04288898523655854,0,🟢 OK
8,6,144,0.06296434065755163,0,🟢 OK
8,7,143,0.06505765172537625,0,🟢 OK
8,8,142,0.07154981334096766,0,🟢 OK
8,9,141,0.0806548742483284,0,🟢 OK
8,10,140,0.07657631374251067,0,🟢 OK
8,11,139,0.0837936989322497,0,🟢 OK
8,12,138,0.08727743747367672,0,🟢 OK
8,13,137,0.08844655016319874,0,🟢 OK
8,14,136,0.09718499907678357,0,🟢 OK
8,15,135,0.07348481376697968,0,🟢 OK
8,16,134,0.06996275524624118,0,🟢 OK
8,17,133,0.06629802146226976,0,🟢 OK
8,18,132,0.05662261497276322,0,🟢 OK
8,19,131,0.06930497404248781,0,🟢 OK
8,20,130,0.06818105176114886,0,🟢 OK
8,21,129,0.08584242758293309,0,🟢 OK
8,22,128,0.0923948603634181,0,🟢 OK
8,23,127,0.08583307937445633,0,🟢 OK
8,24,126,0.08933329673657275,0,🟢 OK
8,25,125,0.09524635139211113,0,🟢 OK
8,26,124,0.10529353207578779,0,🟢 OK
8,27,123,0.09529595945616381,0,🟢 OK
8,28,122,0.09660865054667245,0,🟢 OK
8,29,121,0.09850802918119006,0,🟢 OK
8,30,120,0.10108141198835163,0,🟢 OK
8,31,119,0.10367561035620182,0,🟢 OK
8,32,118,0.10032206746747141,0,🟢 OK
8,33,117,0.08016306969544351,0,🟢 OK
8,34,116,0.08496516462152576,0,🟢 OK
8,35,115,0.08754402487857366,0,🟢 OK
8,36,114,0.08948068824227912,0,🟢 OK
8,37,113,0.10326591344585562,0,🟢 OK
8,38,112,0.09028658236518794,0,🟢 OK
8,39,111,0.0825757830008722,0,🟢 OK
8,40,110,0.08634742691075875,0,🟢 OK
8,41,109,0.08186581476344673,0,🟢 OK
8,42,108,0.08217970796114366,0,🟢 OK
8,43,107,0.08944776657074865,0,🟢 OK
8,44,106,0.0789247641283321,0,🟢 OK
8,45,105,0.0868164175027843,0,🟢 OK
8,46,104,0.0852748912401905,0,🟢 OK
8,47,103,0.08156687209242347,0,🟢 OK
8,48,102,0.06704172977501743,0,🟢 OK
8,49,101,0.07072663569985915,0,🟢 OK
8,50,100,0.06831391761114208,0,🟢 OK
8,51,99,0.05317578406571011,0,🟢 OK
8,52,98,0.062089250629018045,0,🟢 OK
8,53,97,0.06002959540950964,0,🟢 OK
8,54,96,0.05993304083167589,0,🟢 OK
8,55,95,0.07939114438176403,0,🟢 OK
8,56,94,0.08588942801519583,0,🟢 OK
8,57,93,0.08631784684677796,0,🟢 OK
8,58,92,0.06356920171618952,0,🟢 OK
8,59,91,0.05879146313423972,0,🟢 OK
8,60,90,0.06113898448688898,0,🟢 OK
8,61,89,0.062092111653179294,0,🟢 OK
8,62,88,0.056096881360649886,0,🟢 OK
8,63,87,0.05527208318003096,0,🟢 OK
8,64,86,0.06465059455349215,0,🟢 OK
8,65,85,0.06649897296756796,0,🟢 OK
8,66,84,0.07500022068708684,0,🟢 OK
8,67,83,0.06268199905022159,0,🟢 OK
8,68,82,0.0671529205636549,0,🟢 OK
8,69,81,0.08589341992447114,0,🟢 OK
8,70,80,0.08052808026339398,0,🟢 OK
8,71,79,0.09040772428628557,0,🟢 OK
8,72,78,0.0934249063339111,0,🟢 OK
8,73,77,0.08927255936882211,0,🟢 OK
8,74,76,0.08445724446758912,0,🟢 OK
8,75,75,0.07323198672572784,0,🟢 OK
8,76,74,0.07574151358193748,0,🟢 OK
8,77,73,0.07816798551109827,0,🟢 OK
8,78,72,0.08133708227396769,0,🟢 OK
8,79,71,0.07257288814579266,0,🟢 OK
8,80,70,0.0628550875805704,0,🟢 OK
8,81,69,0.062309639054532906,0,🟢 OK
8,82,68,0.05932597796040778,0,🟢 OK
8,83,67,0.05835371253967153,0,🟢 OK
8,84,66,0.049752952888721724,0,🟢 OK
8,85,65,0.045150946350805965,0,🟢 OK
8,86,64,0.02931123134964425,0,🟢 OK
8,87,63,0.02376483633711024,0,🟢 OK
8,88,62,0.020469615794739326,0,🟢 OK
8,89,61,0.024194453364209,0,🟢 OK
8,90,60,0.026278213645645643,0,🟢 OK
8,91,59,0.04282926113393931,0,🟢 OK
8,92,58,0.04424955071079195,0,🟢 OK
8,93,57,0.04899171096959659,0,🟢 OK
8,94,56,0.03675587384327783,0,🟢 OK
8,95,55,0.04575182660988186,0,🟢 OK
8,96,54,0.06172004471741449,0,🟢 OK
8,97,53,0.05303233692804987,0,🟢 OK
8,98,52,0.05519838845453645,0,🟢 OK
8,99,51,0.05874729855644334,0,🟢 OK
8,100,50,0.0570427949799876,0,🟢 OK
8,101,49,0.054672612060870374,0,🟢 OK
8,102,48,0.05112655758470891,0,🟢 OK
8,103,47,0.05124108262651533,0,🟢 OK
8,104,46,0.061062866685916206,0,🟢 OK
8,105,45,0.06140425206240113,0,🟢 OK
8,106,44,0.06311748312701143,0,🟢 OK
8,107,43,0.04609165659423409,0,🟢 OK
8,108,42,0.04837328125389556,0,🟢 OK
8,109,41,0.04370713595380188,0,🟢 OK
8,110,40,0.049477113199452416,0,🟢 OK
8,111,39,0.045360698872769945,0,🟢 OK
8,112,38,0.030693639467164135,0,🟢 OK
8,113,37,0.019634407156953082,0,🟢 OK
8,114,36,0.02824501419554265,0,🟢 OK
8,115,35,0.025244732458277186,0,🟢 OK
8,116,34,0.02105860057321135,0,🟢 OK
8,117,33,-0.003935121555739718,1,🟢 OK
8,118,32,-0.003513869781777923,1,🟢 OK
8,119,31,-0.004157857015639643,1,🟢 OK
8,120,30,-0.012403761914430378,1,🟢 OK
8,121,29,-0.015542968330874318,1,🟢 OK
8,122,28,-0.009539849829622304,1,🟢 OK
8,123,27,-9.700439254634041e-05,1,🟢 OK
8,124,26,-0.009283625515280391,1,🟢 OK
8,125,25,-0.011045792403870047,1,🟢 OK
8,126,24,-0.01836357932767796,1,🟢 OK
8,127,23,-0.00960233098309704,1,🟢 OK
8,128,22,-0.011103086383698169,1,🟢 OK
8,129,21,-0.020574069880243573,1,🟢 OK
8,130,20,-0.01532971350111656,1,🟢 OK
8,131,19,-0.008423385804291361,1,🟢 OK
8,132,18,-0.013010721871881792,1,🟢 OK
8,133,17,-0.01481370668166826,1,🔴 ALERT
8,134,16,-0.02348727591819122,1,🔴 ALERT
8,135,15,-0.02189614464119105,1,🔴 ALERT
8,136,14,-0.02227178461594559,1,🔴 ALERT
8,137,13,-0.04396389227391628,1,🔴 ALERT
8,138,12,-0.04180466086712098,1,🔴 ALERT
8,139,11,-0.05495617028049726,1,🔴 ALERT
8,140,10,-0.04692650348401606,1,🔴 ALERT
8,141,9,-0.047928041704211055,1,🔴 ALERT
8,142,8,-0.04673001432997215,1,🔴 ALERT
8,143,7,-0.04151701782112971,1,🔴 ALERT
8,144,6,-0.034810604955707314,1,🔴 ALERT
8,145,5,-0.03159467487053724,1,🔴 ALERT
8,146,4,-0.03187568219210235,1,🔴 ALERT
8,147,3,-0.02957710937951441,1,🔴 ALERT
8,148,2,-0.026714056268950293,1,🔴 ALERT
8,149,1,-0.03301763414701542,1,🔴 ALERT
8,150,0,-0.019270455920244567,1,🔴 ALERT
9,1,200,0.06080536148149496,0,🟢 OK
9,2,199,-0.027981394098085643,0,🟢 OK
9,3,198,0.0027526495247098826,0,🟢 OK
9,4,197,0.02413572668642172,0,🟢 OK
9,5,196,0.024375224012398833,0,🟢 OK
9,6,195,0.026011684779710775,0,🟢 OK
9,7,194,0.048129221961631274,0,🟢 OK
9,8,193,0.028734396293751463,0,🟢 OK
9,9,192,0.03733227294913549,0,🟢 OK
9,10,191,0.04405673446286301,0,🟢 OK
9,11,190,0.0353542937244839,0,🟢 OK
9,12,189,0.046741270560295145,0,🟢 OK
9,13,188,0.0355560485388538,0,🟢 OK
9,14,187,0.04940680464429981,0,🟢 OK
9,15,186,0.047320488704029884,0,🟢 OK
9,16,185,0.04438155085287482,0,🟢 OK
9,17,184,0.057187101436447896,0,🟢 OK
9,18,183,0.06128454760589386,0,🟢 OK
9,19,182,0.076044351035079,0,🟢 OK
9,20,181,0.06323303913100725,0,🟢 OK
9,21,180,0.0481309172747042,0,🟢 OK
9,22,179,0.05926881477433049,0,🟢 OK
9,23,178,0.05319513633661399,0,🟢 OK
9,24,177,0.0576533681840119,0,🟢 OK
9,25,176,0.052255163589381204,0,🟢 OK
9,26,175,0.06506720180041409,0,🟢 OK
9,27,174,0.062366809323057715,0,🟢 OK
9,28,173,0.04995509444159435,0,🟢 OK
9,29,172,0.04311460189700739,0,🟢 OK
9,30,171,0.04321978551410122,0,🟢 OK
9,31,170,0.05297747838314004,0,🟢 OK
9,32,169,0.0503959071280482,0,🟢 OK
9,33,168,0.04501186347197861,0,🟢 OK
9,34,167,0.05501660503299588,0,🟢 OK
9,35,166,0.039067719906412945,0,🟢 OK
9,36,165,0.0341868358351638,0,🟢 OK
9,37,164,0.04859753402293332,0,🟢 OK
9,38,163,0.05308234531768097,0,🟢 OK
9,39,162,0.04000764282451408,0,🟢 OK
9,40,161,0.041079858265091806,0,🟢 OK
9,41,160,0.05651992967411684,0,🟢 OK
9,42,159,0.06140623557235564,0,🟢 OK
9,43,158,0.06331208900193164,0,🟢 OK
9,44,157,0.0588582127864169,0,🟢 OK
9,45,156,0.058612195450806315,0,🟢 OK
9,46,155,0.046534308785920464,0,🟢 OK
9,47,154,0.04740965806677927,0,🟢 OK
9,48,153,0.04041542773140189,0,🟢 OK
9,49,152,0.048220019467804576,0,🟢 OK
9,50,151,0.04727747027380713,0,🟢 OK
9,51,150,0.06035563761170171,0,🟢 OK
9,52,149,0.04537461261134351,0,🟢 OK
9,53,148,0.05808741963269576,0,🟢 OK
9,54,147,0.06852644384983048,0,🟢 OK
9,55,146,0.05667605144041643,0,🟢 OK
9,56,145,0.05820689582135519,0,🟢 OK
9,57,144,0.06679261369048406,0,🟢 OK
9,58,143,0.07727995442929836,0,🟢 OK
9,59,142,0.08218291672816647,0,🟢 OK
9,60,141,0.08442051707398535,0,🟢 OK
9,61,140,0.06738981220867801,0,🟢 OK
9,62,139,0.07401283354451638,0,🟢 OK
9,63,138,0.07989082214856263,0,🟢 OK
9,64,137,0.08813236224850252,0,🟢 OK
9,65,136,0.08861425368375242,0,🟢 OK
9,66,135,0.0814981082758765,0,🟢 OK
9,67,134,0.08230523700950809,0,🟢 OK
9,68,133,0.0809370048604538,0,🟢 OK
9,69,132,0.07078542532279242,0,🟢 OK
9,70,131,0.07340241318008339,0,🟢 OK
9,71,130,0.0772306451962868,0,🟢 OK
9,72,129,0.08393075846884529,0,🟢 OK
9,73,128,0.07553244509650175,0,🟢 OK
9,74,127,0.0676181448057856,0,🟢 OK
9,75,126,0.06608860345474399,0,🟢 OK
9,76,125,0.05791268811436168,0,🟢 OK
9,77,124,0.06180016138131761,0,🟢 OK
9,78,123,0.055316440240350706,0,🟢 OK
9,79,122,0.052153204890982574,0,🟢 OK
9,80,121,0.04691210375201921,0,🟢 OK
9,81,120,0.05256623206822725,0,🟢 OK
9,82,119,0.06281821005525634,0,🟢 OK
9,83,118,0.06167202365028068,0,🟢 OK
9,84,117,0.06166942321277419,0,🟢 OK
9,85,116,0.05139345086968389,0,🟢 OK
9,86,115,0.03655900962166497,0,🟢 OK
9,87,114,0.04287883028033396,0,🟢 OK
9,88,113,0.039902033171551,0,🟢 OK
9,89,112,0.04674424834164642,0,🟢 OK
9,90,111,0.054486922535601945,0,🟢 OK
9,91,110,0.0532844811963229,0,🟢 OK
9,92,109,0.034384067425764164,0,🟢 OK
9,93,108,0.03168248516530342,0,🟢 OK
9,94,107,0.03488764421867102,0,🟢 OK
9,95,106,0.04632890937793016,0,🟢 OK
9,96,105,0.0692198267113337,0,🟢 OK
9,97,104,0.06900846160706531,0,🟢 OK
9,98,103,0.07562770331433633,0,🟢 OK
9,99,102,0.07548524044036908,0,🟢 OK
9,100,101,0.0727571103291576,0,🟢 OK
9,101,100,0.06434993550052381,0,🟢 OK
9,102,99,0.07066911217767469,0,🟢 OK
9,103,98,0.07835816419962827,0,🟢 OK
9,104,97,0.06904976917496997,0,🟢 OK
9,105,96,0.06120914972952657,0,🟢 OK
9,106,95,0.058230666166377065,0,🟢 OK
9,107,94,0.05945162060894732,0,🟢 OK
9,108,93,0.04951125630746511,0,🟢 OK
9,109,92,0.053329684529710486,0,🟢 OK
9,110,91,0.046575126622758534,0,🟢 OK
9,111,90,0.05069954441343805,0,🟢 OK
9,112,89,0.045645191519616934,0,🟢 OK
9,113,88,0.049326717795211694,0,🟢 OK
9,114,87,0.05187790557260258,0,🟢 OK
9,115,86,0.05491736324952179,0,🟢 OK
9,116,85,0.04860775651772459,0,🟢 OK
9,117,84,0.04954287760795678,0,🟢 OK
9,118,83,0.06689733701243866,0,🟢 OK
9,119,82,0.0639004635178495,0,🟢 OK
9,120,81,0.05065259373412223,0,🟢 OK
9,121,80,0.0637715129532398,0,🟢 OK
9,122,79,0.05310497888918986,0,🟢 OK
9,123,78,0.04165111029634316,0,🟢 OK
9,124,77,0.041624886919238546,0,🟢 OK
9,125,76,0.032327837310559715,0,🟢 OK
9,126,75,0.04371777617966194,0,🟢 OK
9,127,74,0.04279137423984919,0,🟢 OK
9,128,73,0.043768989393975444,0,🟢 OK
9,129,72,0.05079393165153401,0,🟢 OK
9,130,71,0.06846744286222678,0,🟢 OK
9,131,70,0.06895942413621814,0,🟢 OK
9,132,69,0.08169666620481852,0,🟢 OK
9,133,68,0.0796443966134398,0,🟢 OK
9,134,67,0.08204198516809713,0,🟢 OK
9,135,66,0.08516227468681081,0,🟢 OK
9,136,65,0.08322621650593581,0,🟢 OK
9,137,64,0.09041429467020468,0,🟢 OK
9,138,63,0.08703703407893665,0,🟢 OK
9,139,62,0.08351885264855197,0,🟢 OK
9,140,61,0.08384372061998197,0,🟢 OK
9,141,60,0.08385562753455839,0,🟢 OK
9,142,59,0.08243229383728595,0,🟢 OK
9,143,58,0.08514437851824225,0,🟢 OK
9,144,57,0.07916855563082675,0,🟢 OK
9,145,56,0.0822231206002742,0,🟢 OK
9,146,55,0.08194342784629832,0,🟢 OK
9,147,54,0.08285388448503545,0,🟢 OK
9,148,53,0.091717101269151,0,🟢 OK
9,149,52,0.09002805555004756,0,🟢 OK
9,150,51,0.0890423265596898,0,🟢 OK
9,151,50,0.08826913145037651,0,🟢 OK
9,152,49,0.0851471472302987,0,🟢 OK
9,153,48,0.0817383150966885,0,🟢 OK
9,154,47,0.08369310036827005,0,🟢 OK
9,155,46,0.09450865408264075,0,🟢 OK
9,156,45,0.08963797943780144,0,🟢 OK
9,157,44,0.0888384905327656,0,🟢 OK
9,158,43,0.07567968809886355,0,🟢 OK
9,159,42,0.07627449629458594,0,🟢 OK
9,160,41,0.07066124233575222,0,🟢 OK
9,161,40,0.06552474140464376,0,🟢 OK
9,162,39,0.07854562868128384,0,🟢 OK
9,163,38,0.07357598113759717,0,🟢 OK
9,164,37,0.07540503372134882,0,🟢 OK
9,165,36,0.07491630485540157,0,🟢 OK
9,166,35,0.08181040916832805,0,🟢 OK
9,167,34,0.07891076309245076,0,🟢 OK
9,168,33,0.09010666894737501,0,🟢 OK
9,169,32,0.08057163089955988,0,🟢 OK
9,170,31,0.088127976805296,0,🟢 OK
9,171,30,0.07196517135048924,0,🟢 OK
9,172,29,0.07052363408795131,0,🟢 OK
9,173,28,0.0694784063864819,0,🟢 OK
9,174,27,0.062061963894784355,0,🟢 OK
9,175,26,0.07078210758629222,0,🟢 OK
9,176,25,0.07123893332873998,0,🟢 OK
9,177,24,0.06187075482678761,0,🟢 OK
9,178,23,0.06861118451956616,0,🟢 OK
9,179,22,0.07090851171419704,0,🟢 OK
9,180,21,0.03506462766324325,0,🟢 OK
9,181,20,0.04598566578537394,0,🟢 OK
9,182,19,0.029216385672858503,0,🟢 OK
9,183,18,0.010916586038795084,0,🟢 OK
9,184,17,0.006594169094431224,0,🟢 OK
9,185,16,-0.004771992189724239,1,🟢 OK
9,186,15,-0.01717995139266082,1,🟢 OK
9,187,14,-0.020034295882566777,1,🟢 OK
9,188,13,-0.03142340633552587,1,🟢 OK
9,189,12,-0.019350723551670113,1,🟢 OK
9,190,11,-0.02368465328682523,1,🟢 OK
9,191,10,-0.01852388374310876,1,🟢 OK
9,192,9,-0.023919099907287356,1,🟢 OK
9,193,8,-0.03724745886253622,1,🟢 OK
9,194,7,-0.034805636433453135,1,🟢 OK
9,195,6,-0.05169321232920643,1,🟢 OK
9,196,5,-0.05420018747214583,1,🟢 OK
9,197,4,-0.058961982807589575,1,🔴 ALERT
9,198,3,-0.06081665297134742,1,🔴 ALERT
9,199,2,-0.05889055330559656,1,🔴 ALERT
9,200,1,-0.09434481976867537,1,🔴 ALERT
9,201,0,-0.10437050869787123,1,🔴 ALERT
10,1,221,0.057931778993816185,0,🟢 OK
10,2,220,-0.006485938791726098,0,🟢 OK
10,3,219,0.029482821453917063,0,🟢 OK
10,4,218,0.04461653696391271,0,🟢 OK
10,5,217,0.022479454738134896,0,🟢 OK
10,6,216,0.028674064949930078,0,🟢 OK
10,7,215,0.03679370695783457,0,🟢 OK
10,8,214,0.04209414522494803,0,🟢 OK
10,9,213,0.051978979573315987,0,🟢 OK
10,10,212,0.05518272583740741,0,🟢 OK
10,11,211,0.06237590261462267,0,🟢 OK
10,12,210,0.06800606220737299,0,🟢 OK
10,13,209,0.047006426348772834,0,🟢 OK
10,14,208,0.046969955998121815,0,🟢 OK
10,15,207,0.06854694092008973,0,🟢 OK
10,16,206,0.04351995928349339,0,🟢 OK
10,17,205,0.04452632714254623,0,🟢 OK
10,18,204,0.04591432445395199,0,🟢 OK
10,19,203,0.036170971008254615,0,🟢 OK
10,20,202,0.04162956328262146,0,🟢 OK
10,21,201,0.03922577244200193,0,🟢 OK
10,22,200,0.044615377650366106,0,🟢 OK
10,23,199,0.04887096197047658,0,🟢 OK
10,24,198,0.023706280941991176,0,🟢 OK
10,25,197,0.050535941868569745,0,🟢 OK
10,26,196,0.052147934240761806,0,🟢 OK
10,27,195,0.058550564819966455,0,🟢 OK
10,28,194,0.028469308886259148,0,🟢 OK
10,29,193,0.04722929787359231,0,🟢 OK
10,30,192,0.045436864514388164,0,🟢 OK
10,31,191,0.043778254925102456,0,🟢 OK
10,32,190,0.034803245141720396,0,🟢 OK
10,33,189,0.04620424711875276,0,🟢 OK
10,34,188,0.04358810941800856,0,🟢 OK
10,35,187,0.034644314016309574,0,🟢 OK
10,36,186,0.05153121440013991,0,🟢 OK
10,37,185,0.05027987481082624,0,🟢 OK
10,38,184,0.05870914412704292,0,🟢 OK
10,39,183,0.06491288427607389,0,🟢 OK
10,40,182,0.06689486072584133,0,🟢 OK
10,41,181,0.06725136414493538,0,🟢 OK
10,42,180,0.05827973730721919,0,🟢 OK
10,43,179,0.03811784573081711,0,🟢 OK
10,44,178,0.029626866197567714,0,🟢 OK
10,45,177,0.04062408276534435,0,🟢 OK
10,46,176,0.03908190359716496,0,🟢 OK
10,47,175,0.03548141250125497,0,🟢 OK
10,48,174,0.04057942408796206,0,🟢 OK
10,49,173,0.033891285750673183,0,🟢 OK
10,50,172,0.04475706132343599,0,🟢 OK
10,51,171,0.0418175245243112,0,🟢 OK
10,52,170,0.04107217774005467,0,🟢 OK
10,53,169,0.056398850067027606,0,🟢 OK
10,54,168,0.05926430845475922,0,🟢 OK
10,55,167,0.07049958201162237,0,🟢 OK
10,56,166,0.07196942538505102,0,🟢 OK
10,57,165,0.048374430134904556,0,🟢 OK
10,58,164,0.06017982590646248,0,🟢 OK
10,59,163,0.062101199516643724,0,🟢 OK
10,60,162,0.06492232036377543,0,🟢 OK
10,61,161,0.057163972616200764,0,🟢 OK
10,62,160,0.05180481234058215,0,🟢 OK
10,63,159,0.05497365089522438,0,🟢 OK
10,64,158,0.04511527488509537,0,🟢 OK
10,65,157,0.04425215056406839,0,🟢 OK
10,66,156,0.0428044547738185,0,🟢 OK
10,67,155,0.06032213390409086,0,🟢 OK
10,68,154,0.05845374457160191,0,🟢 OK
10,69,153,0.0679641131142491,0,🟢 OK
10,70,152,0.059762475416060445,0,🟢 OK
10,71,151,0.08291426218225817,0,🟢 OK
10,72,150,0.07604933978953615,0,🟢 OK
10,73,149,0.08285459142338086,0,🟢 OK
10,74,148,0.08880433797139536,0,🟢 OK
10,75,147,0.07162151660098276,0,🟢 OK
10,76,146,0.07081550092853345,0,🟢 OK
10,77,145,0.08381969326754707,0,🟢 OK
10,78,144,0.09261531176658688,0,🟢 OK
10,79,143,0.08794161735095235,0,🟢 OK
10,80,142,0.08142388698479996,0,🟢 OK
10,81,141,0.08277886228825554,0,🟢 OK
10,82,140,0.07695408149188043,0,🟢 OK
10,83,139,0.0857963951599604,0,🟢 OK
10,84,138,0.08253749755578377,0,🟢 OK
10,85,137,0.09469050556342212,0,🟢 OK
10,86,136,0.09392238634707067,0,🟢 OK
10,87,135,0.09685760199712029,0,🟢 OK
10,88,134,0.0921250753115549,0,🟢 OK
10,89,133,0.08857652640917313,0,🟢 OK
10,90,132,0.08612166659525322,0,🟢 OK
10,91,131,0.0812552989569923,0,🟢 OK
10,92,130,0.08544010596415269,0,🟢 OK
10,93,129,0.08852887995565556,0,🟢 OK
10,94,128,0.08309570081765105,0,🟢 OK
10,95,127,0.0901760473567188,0,🟢 OK
10,96,126,0.08452404475985004,0,🟢 OK
10,97,125,0.0824950730756619,0,🟢 OK
10,98,124,0.08118928761646765,0,🟢 OK
10,99,123,0.07853864050217108,0,🟢 OK
10,100,122,0.09925388250497524,0,🟢 OK
10,101,121,0.08460976247384783,0,🟢 OK
10,102,120,0.08758481067005636,0,🟢 OK
10,103,119,0.0834646740643683,0,🟢 OK
10,104,118,0.0942926887125809,0,🟢 OK
10,105,117,0.09674741344603732,0,🟢 OK
10,106,116,0.0953097798224794,0,🟢 OK
10,107,115,0.10393797575665109,0,🟢 OK
10,108,114,0.09180700023392518,0,🟢 OK
10,109,113,0.09786923380042928,0,🟢 OK
10,110,112,0.0862906177452481,0,🟢 OK
10,111,111,0.0930138465539464,0,🟢 OK
10,112,110,0.09408382093403506,0,🟢 OK
10,113,109,0.1139081616772824,0,🟢 OK
10,114,108,0.10019087383251807,0,🟢 OK
10,115,107,0.10717507155683104,0,🟢 OK
10,116,106,0.10392148506271831,0,🟢 OK
10,117,105,0.106705268322139,0,🟢 OK
10,118,104,0.10639600822238748,0,🟢 OK
10,119,103,0.10262428155211423,0,🟢 OK
10,120,102,0.10985469848052731,0,🟢 OK
10,121,101,0.10962403383291469,0,🟢 OK
10,122,100,0.11429744562734123,0,🟢 OK
10,123,99,0.11495793026430023,0,🟢 OK
10,124,98,0.11346514916122236,0,🟢 OK
10,125,97,0.11013321019291783,0,🟢 OK
10,126,96,0.1144780111013749,0,🟢 OK
10,127,95,0.10647553436808538,0,🟢 OK
10,128,94,0.10140663451567677,0,🟢 OK
10,129,93,0.09610930371347842,0,🟢 OK
10,130,92,0.09503779985666944,0,🟢 OK
10,131,91,0.10599689742234308,0,🟢 OK
10,132,90,0.11039299013086834,0,🟢 OK
10,133,89,0.12111858808989623,0,🟢 OK
10,134,88,0.11982229743213985,0,🟢 OK
10,135,87,0.12984789199100777,0,🟢 OK
10,136,86,0.12731695004145194,0,🟢 OK
10,137,85,0.12435259708268076,0,🟢 OK
10,138,84,0.12663692496414614,0,🟢 OK
10,139,83,0.12306427055515906,0,🟢 OK
10,140,82,0.12589046606376608,0,🟢 OK
10,141,81,0.11979324437411898,0,🟢 OK
10,142,80,0.12320519610629382,0,🟢 OK
10,143,79,0.12012921006475863,0,🟢 OK
10,144,78,0.1148532915480231,0,🟢 OK
10,145,77,0.1195303562410936,0,🟢 OK
10,146,76,0.11237387113357461,0,🟢 OK
10,147,75,0.11015328857472545,0,🟢 OK
10,148,74,0.11097131295523449,0,🟢 OK
10,149,73,0.12068817919434155,0,🟢 OK
10,150,72,0.12663429207889026,0,🟢 OK
10,151,71,0.13001781486716707,0,🟢 OK
10,152,70,0.12906047891177863,0,🟢 OK
10,153,69,0.12908125757337907,0,🟢 OK
10,154,68,0.11966766506302517,0,🟢 OK
10,155,67,0.12002359228600196,0,🟢 OK
10,156,66,0.11126101545744305,0,🟢 OK
10,157,65,0.1074177761629464,0,🟢 OK
10,158,64,0.09410482943540516,0,🟢 OK
10,159,63,0.08878561289637316,0,🟢 OK
10,160,62,0.09446409844477366,0,🟢 OK
10,161,61,0.10178886295998818,0,🟢 OK
10,162,60,0.10462301149786912,0,🟢 OK
10,163,59,0.10154175235964985,0,🟢 OK
10,164,58,0.09234873198301513,0,🟢 OK
10,165,57,0.09516582444733385,0,🟢 OK
10,166,56,0.07946284784535862,0,🟢 OK
10,167,55,0.08568458383039718,0,🟢 OK
10,168,54,0.09671028458434311,0,🟢 OK
10,169,53,0.09463808467889445,0,🟢 OK
10,170,52,0.09346962997677705,0,🟢 OK
10,171,51,0.08253654761561485,0,🟢 OK
10,172,50,0.083261097137315,0,🟢 OK
10,173,49,0.06703175989353738,0,🟢 OK
10,174,48,0.0690693799726062,0,🟢 OK
10,175,47,0.0798748028656891,0,🟢 OK
10,176,46,0.07318773822247726,0,🟢 OK
10,177,45,0.07456785538191729,0,🟢 OK
10,178,44,0.06466151525935332,0,🟢 OK
10,179,43,0.07620834336277527,0,🟢 OK
10,180,42,0.07103916711921254,0,🟢 OK
10,181,41,0.07687701015256926,0,🟢 OK
10,182,40,0.0631016325977109,0,🟢 OK
10,183,39,0.06141313560673051,0,🟢 OK
10,184,38,0.06260419191107719,0,🟢 OK
10,185,37,0.06900183491549228,0,🟢 OK
10,186,36,0.06478335353105952,0,🟢 OK
10,187,35,0.07104390221675322,0,🟢 OK
10,188,34,0.06244648892705035,0,🟢 OK
10,189,33,0.05502815350613899,0,🟢 OK
10,190,32,0.026303598537986472,0,🟢 OK
10,191,31,0.04720500874457012,0,🟢 OK
10,192,30,0.059019073518729315,0,🟢 OK
10,193,29,0.0434773187448515,0,🟢 OK
10,194,28,0.023483264238696067,0,🟢 OK
10,195,27,0.03584665116378016,0,🟢 OK
10,196,26,0.027691417681031394,0,🟢 OK
10,197,25,0.023104259800435734,0,🟢 OK
10,198,24,0.030584510385515906,0,🟢 OK
10,199,23,0.023791424654252713,0,🟢 OK
10,200,22,0.021750909965975007,0,🟢 OK
10,201,21,0.010311373750248098,0,🟢 OK
10,202,20,0.0063362257907666475,0,🟢 OK
10,203,19,0.006932308254468944,0,🟢 OK
10,204,18,-0.01130234984392664,1,🟢 OK
10,205,17,-0.019827490533188108,1,🟢 OK
10,206,16,-0.0203009309537181,1,🟢 OK
10,207,15,-0.0169611819287121,1,🟢 OK
10,208,14,-0.023566682699508235,1,🟢 OK
10,209,13,-0.008305500949964517,1,🟢 OK
10,210,12,-0.021963067173482065,1,🟢 OK
10,211,11,-0.0374344655501091,1,🟢 OK
10,212,10,-0.04241561261192639,1,🟢 OK
10,213,9,-0.04927190014438776,1,🟢 OK
10,214,8,-0.04259636853953286,1,🟢 OK
10,215,7,-0.04167261507076814,1,🔴 ALERT
10,216,6,-0.03870200635711729,1,🔴 ALERT
10,217,5,-0.04517068183164863,1,🔴 ALERT
10,218,4,-0.036959781590240603,1,🔴 ALERT
10,219,3,-0.03173110237061383,1,🔴 ALERT
10,220,2,-0.03196900429567329,1,🔴 ALERT
10,221,1,-0.01947449936636625,1,🔴 ALERT
10,222,0,-0.02101844405355391,1,🔴 ALERT
11,1,239,0.06973941056280414,0,🟢 OK
11,2,238,-0.03418953022602078,0,🟢 OK
11,3,237,-0.03552576594101431,0,🟢 OK
11,4,236,0.0072179887689908795,0,🟢 OK
11,5,235,0.019848928377471375,0,🟢 OK
11,6,234,0.041357939720575276,0,🟢 OK
11,7,233,0.053282757192536556,0,🟢 OK
11,8,232,0.05598618563715091,0,🟢 OK
11,9,231,0.04775656579134657,0,🟢 OK
11,10,230,0.05900052594453614,0,🟢 OK
11,11,229,0.06438419160670561,0,🟢 OK
11,12,228,0.07464104715672493,0,🟢 OK
11,13,227,0.052995787737165456,0,🟢 OK
11,14,226,0.041072045420576575,0,🟢 OK
11,15,225,0.050704034535175635,0,🟢 OK
11,16,224,0.045083847543171185,0,🟢 OK
11,17,223,0.057632994886271105,0,🟢 OK
11,18,222,0.055354712319065746,0,🟢 OK
11,19,221,0.0640733306403582,0,🟢 OK
11,20,220,0.0568716651840977,0,🟢 OK
11,21,219,0.04809018952410549,0,🟢 OK
11,22,218,0.04887741091078085,0,🟢 OK
11,23,217,0.0644007075757882,0,🟢 OK
11,24,216,0.0884240646534254,0,🟢 OK
11,25,215,0.08190282674469163,0,🟢 OK
11,26,214,0.08389302569373586,0,🟢 OK
11,27,213,0.0875764269180147,0,🟢 OK
11,28,212,0.07013457546290036,0,🟢 OK
11,29,211,0.05570217846887632,0,🟢 OK
11,30,210,0.047087137767100995,0,🟢 OK
11,31,209,0.03357759161807805,0,🟢 OK
11,32,208,0.03707218604367124,0,🟢 OK
11,33,207,0.041437122069761745,0,🟢 OK
11,34,206,0.05296471917774376,0,🟢 OK
11,35,205,0.07235951068232371,0,🟢 OK
11,36,204,0.0706457734791685,0,🟢 OK
11,37,203,0.07521152684822746,0,🟢 OK
11,38,202,0.08080802776594243,0,🟢 OK
11,39,201,0.07155051174399607,0,🟢 OK
11,40,200,0.07379922188110816,0,🟢 OK
11,41,199,0.07313184857564059,0,🟢 OK
11,42,198,0.06583619482175973,0,🟢 OK
11,43,197,0.04919499722570614,0,🟢 OK
11,44,196,0.054484008169552345,0,🟢 OK
11,45,195,0.06642886828072814,0,🟢 OK
11,46,194,0.05434890091485284,0,🟢 OK
11,47,193,0.06583124378608457,0,🟢 OK
11,48,192,0.07525514784114579,0,🟢 OK
11,49,191,0.07316290726225155,0,🟢 OK
11,50,190,0.05404877348874765,0,🟢 OK
11,51,189,0.05274813898680242,0,🟢 OK
11,52,188,0.0517149350781515,0,🟢 OK
11,53,187,0.06144949863803245,0,🟢 OK
11,54,186,0.07154653540991357,0,🟢 OK
11,55,185,0.07796743141158646,0,🟢 OK
11,56,184,0.07675469349858671,0,🟢 OK
11,57,183,0.06877734200510599,0,🟢 OK
11,58,182,0.0670644177058401,0,🟢 OK
11,59,181,0.0832752764448062,0,🟢 OK
11,60,180,0.07536537452866998,0,🟢 OK
11,61,179,0.0878832589416173,0,🟢 OK
11,62,178,0.0944590465720811,0,🟢 OK
11,63,177,0.09288338499408111,0,🟢 OK
11,64,176,0.08444931707437964,0,🟢 OK
11,65,175,0.08788392289187558,0,🟢 OK
11,66,174,0.08522816926036386,0,🟢 OK
11,67,173,0.0834339146425051,0,🟢 OK
11,68,172,0.07929392726718831,0,🟢 OK
11,69,171,0.08800610209341919,0,🟢 OK
11,70,170,0.0915228253922285,0,🟢 OK
11,71,169,0.08726261393558293,0,🟢 OK
11,72,168,0.10305815098478716,0,🟢 OK
11,73,167,0.09731957372564648,0,🟢 OK
11,74,166,0.09875207487838344,0,🟢 OK
11,75,165,0.1049494350300138,0,🟢 OK
11,76,164,0.09949216609308142,0,🟢 OK
11,77,163,0.09991447978058676,0,🟢 OK
11,78,162,0.09511298676503432,0,🟢 OK
11,79,161,0.10207800331084377,0,🟢 OK
11,80,160,0.10304832146173637,0,🟢 OK
11,81,159,0.10894214984929895,0,🟢 OK
11,82,158,0.10536179992931544,0,🟢 OK
11,83,157,0.10450725479262502,0,🟢 OK
11,84,156,0.10034965496885145,0,🟢 OK
11,85,155,0.09711500457630201,0,🟢 OK
11,86,154,0.10451493870714218,0,🟢 OK
11,87,153,0.10274801009234596,0,🟢 OK
11,88,152,0.11342943828184238,0,🟢 OK
11,89,151,0.10049521876858603,0,🟢 OK
11,90,150,0.11158371915123749,0,🟢 OK
11,91,149,0.11380697432926146,0,🟢 OK
11,92,148,0.10822257507573257,0,🟢 OK
11,93,147,0.11460655755101112,0,🟢 OK
11,94,146,0.0981342269822792,0,🟢 OK
11,95,145,0.09464810842747906,0,🟢 OK
11,96,144,0.09027274257664569,0,🟢 OK
11,97,143,0.09313420716816367,0,🟢 OK
11,98,142,0.09767572910005562,0,🟢 OK
11,99,141,0.10617834170986967,0,🟢 OK
11,100,140,0.10453361074162637,0,🟢 OK
11,101,139,0.09758413552240669,0,🟢 OK
11,102,138,0.09567397085179824,0,🟢 OK
11,103,137,0.09245235348497305,0,🟢 OK
11,104,136,0.10098292889603588,0,🟢 OK
11,105,135,0.10785105714290472,0,🟢 OK
11,106,134,0.10637993772245741,0,🟢 OK
11,107,133,0.1068006598006549,0,🟢 OK
11,108,132,0.09764789443282212,0,🟢 OK
11,109,131,0.09567518848527984,0,🟢 OK
11,110,130,0.08605626899976387,0,🟢 OK
11,111,129,0.09032578001949149,0,🟢 OK
11,112,128,0.08816062304625283,0,🟢 OK
11,113,127,0.08408045122267299,0,🟢 OK
11,114,126,0.08529256548511183,0,🟢 OK
11,115,125,0.08427528186550559,0,🟢 OK
11,116,124,0.08164155476929646,0,🟢 OK
11,117,123,0.08155673602954816,0,🟢 OK
11,118,122,0.08216251321442697,0,🟢 OK
11,119,121,0.08053742569935257,0,🟢 OK
11,120,120,0.07466758908415849,0,🟢 OK
11,121,119,0.09425055357929396,0,🟢 OK
11,122,118,0.09080091294278458,0,🟢 OK
11,123,117,0.11138431939183197,0,🟢 OK
11,124,116,0.11151274984299603,0,🟢 OK
11,125,115,0.11363643533708051,0,🟢 OK
11,126,114,0.11286474205211744,0,🟢 OK
11,127,113,0.11168746743840618,0,🟢 OK
11,128,112,0.10852456491213952,0,🟢 OK
11,129,111,0.10056318436556744,0,🟢 OK
11,130,110,0.11669771762321707,0,🟢 OK
11,131,109,0.11055411886780736,0,🟢 OK
11,132,108,0.10556385350963121,0,🟢 OK
11,133,107,0.09788990260619046,0,🟢 OK
11,134,106,0.1054846802167766,0,🟢 OK
11,135,105,0.11689848735492153,0,🟢 OK
11,136,104,0.1047077291185296,0,🟢 OK
11,137,103,0.11185813979404852,0,🟢 OK
11,138,102,0.09448229437034544,0,🟢 OK
11,139,101,0.08539624130748236,0,🟢 OK
11,140,100,0.09462022450981583,0,🟢 OK
11,141,99,0.09923008257451721,0,🟢 OK
11,142,98,0.09422676791388818,0,🟢 OK
11,143,97,0.09399130604226325,0,🟢 OK
11,144,96,0.09530500287309518,0,🟢 OK
11,145,95,0.1013113249526969,0,🟢 OK
11,146,94,0.10196626976157114,0,🟢 OK
11,147,93,0.11030296503110165,0,🟢 OK
11,148,92,0.11188831931541826,0,🟢 OK
11,149,91,0.11102185457979247,0,🟢 OK
11,150,90,0.10855085733978104,0,🟢 OK
11,151,89,0.10833613271248455,0,🟢 OK
11,152,88,0.1039004711673534,0,🟢 OK
11,153,87,0.09834656434633554,0,🟢 OK
11,154,86,0.09236245883954491,0,🟢 OK
11,155,85,0.10338191778305955,0,🟢 OK
11,156,84,0.11470922249657894,0,🟢 OK
11,157,83,0.1012034310416044,0,🟢 OK
11,158,82,0.10321153507594566,0,🟢 OK
11,159,81,0.08974624282366406,0,🟢 OK
11,160,80,0.09432766101180312,0,🟢 OK
11,161,79,0.09342839173371831,0,🟢 OK
11,162,78,0.08970401944832446,0,🟢 OK
11,163,77,0.09496573075982784,0,🟢 OK
11,164,76,0.1018225416080078,0,🟢 OK
11,165,75,0.09658635237185675,0,🟢 OK
11,166,74,0.10334968960398005,0,🟢 OK
11,167,73,0.0976253397701613,0,🟢 OK
11,168,72,0.0961164709832586,0,🟢 OK
11,169,71,0.10961759610420985,0,🟢 OK
11,170,70,0.11483848185102041,0,🟢 OK
11,171,69,0.10768548088071223,0,🟢 OK
11,172,68,0.1022394076342123,0,🟢 OK
11,173,67,0.11157074515210375,0,🟢 OK
11,174,66,0.10951131691077881,0,🟢 OK
11,175,65,0.11781873135298093,0,🟢 OK
11,176,64,0.11858298084632557,0,🟢 OK
11,177,63,0.11525591779236821,0,🟢 OK
11,178,62,0.11622879751223492,0,🟢 OK
11,179,61,0.10769977946657261,0,🟢 OK
11,180,60,0.10804995111441362,0,🟢 OK
11,181,59,0.11345658168998668,0,🟢 OK
11,182,58,0.09698651794841473,0,🟢 OK
11,183,57,0.09774194572622225,0,🟢 OK
11,184,56,0.09271175934085718,0,🟢 OK
11,185,55,0.08836575747793796,0,🟢 OK
11,186,54,0.10405317348393878,0,🟢 OK
11,187,53,0.10061322582009513,0,🟢 OK
11,188,52,0.1021727408508798,0,🟢 OK
11,189,51,0.0889624566487166,0,🟢 OK
11,190,50,0.08213532237698318,0,🟢 OK
11,191,49,0.07938136133762225,0,🟢 OK
11,192,48,0.08497849107831723,0,🟢 OK
11,193,47,0.08437311011933851,0,🟢 OK
11,194,46,0.07980892258893663,0,🟢 OK
11,195,45,0.06512953969899932,0,🟢 OK
11,196,44,0.06451117877575013,0,🟢 OK
11,197,43,0.06670667883460413,0,🟢 OK
11,198,42,0.06383044006219635,0,🟢 OK
11,199,41,0.05530024473152301,0,🟢 OK
11,200,40,0.04986616311601927,0,🟢 OK
11,201,39,0.05516183205599179,0,🟢 OK
11,202,38,0.04842801329829105,0,🟢 OK
11,203,37,0.05014378478261966,0,🟢 OK
11,204,36,0.05379402142942841,0,🟢 OK
11,205,35,0.04369965664654185,0,🟢 OK
11,206,34,0.03522062123981107,0,🟢 OK
11,207,33,0.028501947772359426,0,🟢 OK
11,208,32,0.04280682995377588,0,🟢 OK
11,209,31,0.05172178542862671,0,🟢 OK
11,210,30,0.04780254742681189,0,🟢 OK
11,211,29,0.0386456757119546,0,🟢 OK
11,212,28,0.04118439022847581,0,🟢 OK
11,213,27,0.0315936994780569,0,🟢 OK
11,214,26,0.014721961022647612,0,🟢 OK
11,215,25,0.022914397168937117,0,🟢 OK
11,216,24,0.023773758497045994,0,🟢 OK
11,217,23,0.010525883572856332,0,🟢 OK
11,218,22,0.019622175242725803,0,🟢 OK
11,219,21,0.013639129594984312,0,🟢 OK
11,220,20,0.010266160114018374,0,🟢 OK
11,221,19,0.014788433416844216,0,🟢 OK
11,222,18,0.014423463878612874,0,🟢 OK
11,223,17,-0.0017309431643031115,1,🟢 OK
11,224,16,0.0004932924118428161,0,🟢 OK
11,225,15,-0.003183406487550333,1,🟢 OK
11,226,14,-0.029489440546778822,1,🟢 OK
11,227,13,-0.02835428395544215,1,🟢 OK
11,228,12,-0.036874801967983095,1,🟢 OK
11,229,11,-0.0402593633900028,1,🟢 OK
11,230,10,-0.04085330647151664,1,🟢 OK
11,231,9,-0.03604105806314184,1,🟢 OK
11,232,8,-0.04489318153632904,1,🟢 OK
11,233,7,-0.04328210185290782,1,🟢 OK
11,234,6,-0.046091330346675674,1,🟢 OK
11,235,5,-0.045234885857393325,1,🟢 OK
11,236,4,-0.0390581519767742,1,🔴 ALERT
11,237,3,-0.04692264358635345,1,🔴 ALERT
11,238,2,-0.046740036504195226,1,🔴 ALERT
11,239,1,-0.05331923283320339,1,🔴 ALERT
11,240,0,-0.04977546806910382,1,🔴 ALERT
12,1,169,0.12031950640421529,0,🟢 OK
12,2,168,0.07339590982702487,0,🟢 OK
12,3,167,0.0722566121528081,0,🟢 OK
12,4,166,0.0971495418918778,0,🟢 OK
12,5,165,0.10985809566773802,0,🟢 OK
12,6,164,0.11097684660885165,0,🟢 OK
12,7,163,0.11539849555473208,0,🟢 OK
12,8,162,0.11936135734378372,0,🟢 OK
12,9,161,0.12726023408236098,0,🟢 OK
12,10,160,0.12656529298316677,0,🟢 OK
12,11,159,0.12422366152521103,0,🟢 OK
12,12,158,0.13192661049547788,0,🟢 OK
12,13,157,0.11643406632820313,0,🟢 OK
12,14,156,0.11330886909492455,0,🟢 OK
12,15,155,0.1093454693441564,0,🟢 OK
12,16,154,0.10501086802092657,0,🟢 OK
12,17,153,0.11324742596242393,0,🟢 OK
12,18,152,0.11499790793356046,0,🟢 OK
12,19,151,0.1105903490556977,0,🟢 OK
12,20,150,0.11162415059762482,0,🟢 OK
12,21,149,0.1050966727822859,0,🟢 OK
12,22,148,0.12155223444348778,0,🟢 OK
12,23,147,0.12571106545950578,0,🟢 OK
12,24,146,0.12104102491133178,0,🟢 OK
12,25,145,0.12102906778851219,0,🟢 OK
12,26,144,0.12025566940432458,0,🟢 OK
12,27,143,0.11514464742399061,0,🟢 OK
12,28,142,0.12247283095814115,0,🟢 OK
12,29,141,0.1199405307087737,0,🟢 OK
12,30,140,0.12590843708968147,0,🟢 OK
12,31,139,0.12004394228448495,0,🟢 OK
12,32,138,0.11265212109513151,0,🟢 OK
12,33,137,0.12191989572252093,0,🟢 OK
12,34,136,0.10622076986238588,0,🟢 OK
12,35,135,0.10727700068619195,0,🟢 OK
12,36,134,0.11051070185652634,0,🟢 OK
12,37,133,0.11723824855650211,0,🟢 OK
12,38,132,0.12104434406320586,0,🟢 OK
12,39,131,0.12050623663476395,0,🟢 OK
12,40,130,0.12536388251453906,0,🟢 OK
12,41,129,0.12100881062128338,0,🟢 OK
12,42,128,0.12505664746868406,0,🟢 OK
12,43,127,0.12038171054094116,0,🟢 OK
12,44,126,0.11277889799260127,0,🟢 OK
12,45,125,0.11891777906013262,0,🟢 OK
12,46,124,0.11629308229327467,0,🟢 OK
12,47,123,0.12488187225977115,0,🟢 OK
12,48,122,0.10963813615195839,0,🟢 OK
12,49,121,0.12117925993984269,0,🟢 OK
12,50,120,0.11773501889368188,0,🟢 OK
12,51,119,0.11761140462240138,0,🟢 OK
12,52,118,0.11818868583339337,0,🟢 OK
12,53,117,0.11166323006049272,0,🟢 OK
12,54,116,0.1025710543128397,0,🟢 OK
12,55,115,0.10529009006665968,0,🟢 OK
12,56,114,0.10236532730968312,0,🟢 OK
12,57,113,0.0971692567178224,0,🟢 OK
12,58,112,0.11283583959166504,0,🟢 OK
12,59,111,0.10788822999491643,0,🟢 OK
12,60,110,0.10907750392664012,0,🟢 OK
12,61,109,0.10802797509138112,0,🟢 OK
12,62,108,0.10635741357469558,0,🟢 OK
12,63,107,0.10216579670290926,0,🟢 OK
12,64,106,0.08351619910007657,0,🟢 OK
12,65,105,0.0952389423534632,0,🟢 OK
12,66,104,0.09954939477538155,0,🟢 OK
12,67,103,0.11282166249340025,0,🟢 OK
12,68,102,0.11901022560729324,0,🟢 OK
12,69,101,0.10505628025776459,0,🟢 OK
12,70,100,0.09798462941033775,0,🟢 OK
12,71,99,0.10207680046012085,0,🟢 OK
12,72,98,0.09566793033170984,0,🟢 OK
12,73,97,0.09219299009152127,0,🟢 OK
12,74,96,0.08892863024075981,0,🟢 OK
12,75,95,0.08885080418823832,0,🟢 OK
12,76,94,0.08485814119368529,0,🟢 OK
12,77,93,0.08158310236971422,0,🟢 OK
12,78,92,0.08195739114067546,0,🟢 OK
12,79,91,0.08552221765509793,0,🟢 OK
12,80,90,0.08530956353989105,0,🟢 OK
12,81,89,0.07976182669346898,0,🟢 OK
12,82,88,0.07006372420567691,0,🟢 OK
12,83,87,0.08851604805050528,0,🟢 OK
12,84,86,0.10026294282379161,0,🟢 OK
12,85,85,0.08755474297920496,0,🟢 OK
12,86,84,0.08591695611842254,0,🟢 OK
12,87,83,0.0907368651297501,0,🟢 OK
12,88,82,0.08399332431038048,0,🟢 OK
12,89,81,0.08402600632087692,0,🟢 OK
12,90,80,0.07797797265490308,0,🟢 OK
12,91,79,0.07080241068660881,0,🟢 OK
12,92,78,0.06092724103087027,0,🟢 OK
12,93,77,0.051792507727131565,0,🟢 OK
12,94,76,0.052809639885713355,0,🟢 OK
12,95,75,0.06204238768796022,0,🟢 OK
12,96,74,0.06347816803511552,0,🟢 OK
12,97,73,0.07343599217083746,0,🟢 OK
12,98,72,0.07228482251242385,0,🟢 OK
12,99,71,0.07512225659610383,0,🟢 OK
12,100,70,0.08165119504154322,0,🟢 OK
12,101,69,0.0910677992329566,0,🟢 OK
12,102,68,0.09761363090461456,0,🟢 OK
12,103,67,0.08582861195087305,0,🟢 OK
12,104,66,0.08005485719030753,0,🟢 OK
12,105,65,0.08425572894388167,0,🟢 OK
12,106,64,0.07439546591650076,0,🟢 OK
12,107,63,0.07110439168523092,0,🟢 OK
12,108,62,0.06610482689484048,0,🟢 OK
12,109,61,0.06283581851425096,0,🟢 OK
12,110,60,0.059932846940263906,0,🟢 OK
12,111,59,0.0515043657936235,0,🟢 OK
12,112,58,0.05252930266670369,0,🟢 OK
12,113,57,0.06173735908746647,0,🟢 OK
12,114,56,0.055060856529941526,0,🟢 OK
12,115,55,0.06060523063058487,0,🟢 OK
12,116,54,0.05985840738154646,0,🟢 OK
12,117,53,0.048134586850496375,0,🟢 OK
12,118,52,0.0627613332956431,0,🟢 OK
12,119,51,0.06514117130436053,0,🟢 OK
12,120,50,0.0779023688858888,0,🟢 OK
12,121,49,0.06838508492690343,0,🟢 OK
12,122,48,0.06959300384335765,0,🟢 OK
12,123,47,0.05649026805447732,0,🟢 OK
12,124,46,0.06003479787797111,0,🟢 OK
12,125,45,0.03330287877318472,0,🟢 OK
12,126,44,0.02441624079339144,0,🟢 OK
12,127,43,0.016446055509104884,0,🟢 OK
12,128,42,0.02850325769388229,0,🟢 OK
12,129,41,0.01092384147202402,0,🟢 OK
12,130,40,0.009398312159777433,0,🟢 OK
12,131,39,-0.002516699060539862,1,🟢 OK
12,132,38,0.0026736257416389853,0,🟢 OK
12,133,37,-0.012334824760110163,1,🟢 OK
12,134,36,-0.004126818418067613,1,🟢 OK
12,135,35,0.00016617808399033152,0,🟢 OK
12,136,34,-0.005520239915369096,1,🟢 OK
12,137,33,0.011896749740953338,0,🟢 OK
12,138,32,-0.020633252890961185,1,🟢 OK
12,139,31,-0.005543314009228473,1,🟢 OK
12,140,30,0.0006167041807985107,0,🟢 OK
12,141,29,0.0005044561513020129,0,🟢 OK
12,142,28,0.011549169410067728,0,🟢 OK
12,143,27,-0.007021117147156142,1,🟢 OK
12,144,26,-0.012565314045548837,1,🟢 OK
12,145,25,-0.02599091676783638,1,🟢 OK
12,146,24,-0.025527753904636574,1,🟢 OK
12,147,23,-0.0257173678950956,1,🟢 OK
12,148,22,-0.012831374440649634,1,🟢 OK
12,149,21,-0.01776096930368143,1,🟢 OK
12,150,20,-0.023602599814700254,1,🟢 OK
12,151,19,-0.019818107060783463,1,🟢 OK
12,152,18,-0.025109148031480233,1,🔴 ALERT
12,153,17,-0.029112542181964574,1,🔴 ALERT
12,154,16,-0.037766975228006094,1,🔴 ALERT
12,155,15,-0.0344070493405606,1,🔴 ALERT
12,156,14,-0.016524231929211708,1,🔴 ALERT
12,157,13,-0.01637954198788516,1,🔴 ALERT
12,158,12,-0.0072228427563985065,1,🔴 ALERT
12,159,11,-0.002056005460235877,1,🔴 ALERT
12,160,10,0.002856056766047943,0,🔴 ALERT
12,161,9,-0.00010728422147288086,1,🔴 ALERT
12,162,8,-0.004486712551727057,1,🔴 ALERT
12,163,7,-0.027225995938004455,1,🔴 ALERT
12,164,6,-0.027875572204382304,1,🔴 ALERT
12,165,5,-0.02929644887416194,1,🔴 ALERT
12,166,4,-0.02777310527389132,1,🔴 ALERT
12,167,3,-0.02899708112187327,1,🔴 ALERT
12,168,2,-0.025125624148112702,1,🔴 ALERT
12,169,1,-0.03075589486338326,1,🔴 ALERT
12,170,0,-0.03938322442733522,1,🔴 ALERT
13,1,162,0.10695441828668856,0,🟢 OK
13,2,161,0.025345995034026236,0,🟢 OK
13,3,160,0.07297504958172513,0,🟢 OK
13,4,159,0.10473660561316123,0,🟢 OK
13,5,158,0.07129934141867295,0,🟢 OK
13,6,157,0.07804223601430055,0,🟢 OK
13,7,156,0.09226429712314932,0,🟢 OK
13,8,155,0.0995785294396479,0,🟢 OK
13,9,154,0.09665535900300853,0,🟢 OK
13,10,153,0.09860530361303727,0,🟢 OK
13,11,152,0.09697824748974776,0,🟢 OK
13,12,151,0.102874854929776,0,🟢 OK
13,13,150,0.11417142224973009,0,🟢 OK
13,14,149,0.11468534818561815,0,🟢 OK
13,15,148,0.1097483157777886,0,🟢 OK
13,16,147,0.11463986499064183,0,🟢 OK
13,17,146,0.11756598756276398,0,🟢 OK
13,18,145,0.11480916493461457,0,🟢 OK
13,19,144,0.11163544056167646,0,🟢 OK
13,20,143,0.11598657528412881,0,🟢 OK
13,21,142,0.11457770228345726,0,🟢 OK
13,22,141,0.1201180973223373,0,🟢 OK
13,23,140,0.1210902191977749,0,🟢 OK
13,24,139,0.12000906939098405,0,🟢 OK
13,25,138,0.11196251327852774,0,🟢 OK
13,26,137,0.12416047226076293,0,🟢 OK
13,27,136,0.12049686020952932,0,🟢 OK
13,28,135,0.1185405749623426,0,🟢 OK
13,29,134,0.12146011208978597,0,🟢 OK
13,30,133,0.1294723982620138,0,🟢 OK
13,31,132,0.13140228297383527,0,🟢 OK
13,32,131,0.12824825007786972,0,🟢 OK
13,33,130,0.12571883143499513,0,🟢 OK
13,34,129,0.12292042005985288,0,🟢 OK
13,35,128,0.11999250555269214,0,🟢 OK
13,36,127,0.10652953564451895,0,🟢 OK
13,37,126,0.11975097540843943,0,🟢 OK
13,38,125,0.11971644370942985,0,🟢 OK
13,39,124,0.1252544990894407,0,🟢 OK
13,40,123,0.12031127939777936,0,🟢 OK
13,41,122,0.12331555201681327,0,🟢 OK
13,42,121,0.11956317676694089,0,🟢 OK
13,43,120,0.12328796744032733,0,🟢 OK
13,44,119,0.1252329186024026,0,🟢 OK
13,45,118,0.12716911587811613,0,🟢 OK
13,46,117,0.12729071354727362,0,🟢 OK
13,47,116,0.12296523165836165,0,🟢 OK
13,48,115,0.12048931015643127,0,🟢 OK
13,49,114,0.10797232025415132,0,🟢 OK
13,50,113,0.12040875321985522,0,🟢 OK
13,51,112,0.12692080172530334,0,🟢 OK
13,52,111,0.12856394219216338,0,🟢 OK
13,53,110,0.12167986319723562,0,🟢 OK
13,54,109,0.11468584787209551,0,🟢 OK
13,55,108,0.11695673824440922,0,🟢 OK
13,56,107,0.12291209576725814,0,🟢 OK
13,57,106,0.11881181871175173,0,🟢 OK
13,58,105,0.12404766160506303,0,🟢 OK
13,59,104,0.12766122520648454,0,🟢 OK
13,60,103,0.12663261214229116,0,🟢 OK
13,61,102,0.12119325609041393,0,🟢 OK
13,62,101,0.12496872415209148,0,🟢 OK
13,63,100,0.12321029391273713,0,🟢 OK
13,64,99,0.12618604634765473,0,🟢 OK
13,65,98,0.12598676017727817,0,🟢 OK
13,66,97,0.1220829559291034,0,🟢 OK
13,67,96,0.10322874678481714,0,🟢 OK
13,68,95,0.09539959177356849,0,🟢 OK
13,69,94,0.10036696368268627,0,🟢 OK
13,70,93,0.09805731496994469,0,🟢 OK
13,71,92,0.09681147333746065,0,🟢 OK
13,72,91,0.09302456285715272,0,🟢 OK
13,73,90,0.09049924130202236,0,🟢 OK
13,74,89,0.08387170747707423,0,🟢 OK
13,75,88,0.08969804044395979,0,🟢 OK
13,76,87,0.08760187111456735,0,🟢 OK
13,77,86,0.08583982722001349,0,🟢 OK
13,78,85,0.09062370823369154,0,🟢 OK
13,79,84,0.09502084403351624,0,🟢 OK
13,80,83,0.09775471677036784,0,🟢 OK
13,81,82,0.09815667005599799,0,🟢 OK
13,82,81,0.10839020040516228,0,🟢 OK
13,83,80,0.1073454854848076,0,🟢 OK
13,84,79,0.10696065661985577,0,🟢 OK
13,85,78,0.10395582143566862,0,🟢 OK
13,86,77,0.10805295226611478,0,🟢 OK
13,87,76,0.10810383068215168,0,🟢 OK
13,88,75,0.11164009823949012,0,🟢 OK
13,89,74,0.1052535587434999,0,🟢 OK
13,90,73,0.11360625844511746,0,🟢 OK
13,91,72,0.11097881984542007,0,🟢 OK
13,92,71,0.0980254076785298,0,🟢 OK
13,93,70,0.08188780651473349,0,🟢 OK
13,94,69,0.08753908653456433,0,🟢 OK
13,95,68,0.07967758094566085,0,🟢 OK
13,96,67,0.0842215611814619,0,🟢 OK
13,97,66,0.08605799814678622,0,🟢 OK
13,98,65,0.09055912178769904,0,🟢 OK
13,99,64,0.09731799392143436,0,🟢 OK
13,100,63,0.07960831743738073,0,🟢 OK
13,101,62,0.06701223674635975,0,🟢 OK
13,102,61,0.07628548251227363,0,🟢 OK
13,103,60,0.07545101292959894,0,🟢 OK
13,104,59,0.08948889595480919,0,🟢 OK
13,105,58,0.09306914956592738,0,🟢 OK
13,106,57,0.0821692145026428,0,🟢 OK
13,107,56,0.08897959242969089,0,🟢 OK
13,108,55,0.08252846886756676,0,🟢 OK
13,109,54,0.09209890098068063,0,🟢 OK
13,110,53,0.08392782000789623,0,🟢 OK
13,111,52,0.08602551644646261,0,🟢 OK
13,112,51,0.07149227133454694,0,🟢 OK
13,113,50,0.08227198780403805,0,🟢 OK
13,114,49,0.06833937027657877,0,🟢 OK
13,115,48,0.06975720371981037,0,🟢 OK
13,116,47,0.07422010634200332,0,🟢 OK
13,117,46,0.06500524629363874,0,🟢 OK
13,118,45,0.06885680802617727,0,🟢 OK
13,119,44,0.06893322201178548,0,🟢 OK
13,120,43,0.0730619819711616,0,🟢 OK
13,121,42,0.07139173799184367,0,🟢 OK
13,122,41,0.06966060055527706,0,🟢 OK
13,123,40,0.06167738483350099,0,🟢 OK
13,124,39,0.05041759219192499,0,🟢 OK
13,125,38,0.05173545040790922,0,🟢 OK
13,126,37,0.04435626295947648,0,🟢 OK
13,127,36,0.04301249060188894,0,🟢 OK
13,128,35,0.03464167785027267,0,🟢 OK
13,129,34,0.03970108509815595,0,🟢 OK
13,130,33,0.03579956360084352,0,🟢 OK
13,131,32,0.0338068545228733,0,🟢 OK
13,132,31,0.025130818303100877,0,🟢 OK
13,133,30,0.02402408974512632,0,🟢 OK
13,134,29,0.022969299735295046,0,🟢 OK
13,135,28,0.010851585140195186,0,🟢 OK
13,136,27,0.006332774250846884,0,🟢 OK
13,137,26,0.0003469331123961972,0,🟢 OK
13,138,25,-0.005272668431351546,1,🟢 OK
13,139,24,-0.019724102450176084,1,🟢 OK
13,140,23,-0.009834704764759672,1,🟢 OK
13,141,22,-0.010176276961324504,1,🟢 OK
13,142,21,-0.007924483833940066,1,🟢 OK
13,143,20,-0.02001966935650268,1,🟢 OK
13,144,19,-0.033912858578590166,1,🟢 OK
13,145,18,-0.04266404124658507,1,🟢 OK
13,146,17,-0.03033317497272714,1,🟢 OK
13,147,16,-0.015145336421193534,1,🟢 OK
13,148,15,-0.014450845351901886,1,🟢 OK
13,149,14,-0.01783647311745995,1,🔴 ALERT
13,150,13,-0.025877075518886516,1,🔴 ALERT
13,151,12,-0.00907044845174465,1,🔴 ALERT
13,152,11,-0.016387705370664585,1,🔴 ALERT
13,153,10,-0.015213355009588425,1,🔴 ALERT
13,154,9,-0.04445135529082611,1,🔴 ALERT
13,155,8,-0.03960632035121747,1,🔴 ALERT
13,156,7,-0.04605725269782723,1,🔴 ALERT
13,157,6,-0.0452000165756421,1,🔴 ALERT
13,158,5,-0.04718794136545379,1,🔴 ALERT
13,159,4,-0.07422886558909159,1,🔴 ALERT
13,160,3,-0.06272664284311524,1,🔴 ALERT
13,161,2,-0.07810618693570248,1,🔴 ALERT
13,162,1,-0.07134987476557941,1,🔴 ALERT
13,163,0,-0.07121817713812895,1,🔴 ALERT
14,1,179,0.1308013093747244,0,🟢 OK
14,2,178,0.05466395071537067,0,🟢 OK
14,3,177,0.10484576247881011,0,🟢 OK
14,4,176,0.10098766387809394,0,🟢 OK
14,5,175,0.1030094813131277,0,🟢 OK
14,6,174,0.10228876606749027,0,🟢 OK
14,7,173,0.10224867097453483,0,🟢 OK
14,8,172,0.11465104405138382,0,🟢 OK
14,9,171,0.11604930004411163,0,🟢 OK
14,10,170,0.11834904998010526,0,🟢 OK
14,11,169,0.11742012743784802,0,🟢 OK
14,12,168,0.11732605481368746,0,🟢 OK
14,13,167,0.09567966584024712,0,🟢 OK
14,14,166,0.09193489822883494,0,🟢 OK
14,15,165,0.09511578564216833,0,🟢 OK
14,16,164,0.09957294193499666,0,🟢 OK
14,17,163,0.10525086264698175,0,🟢 OK
14,18,162,0.09321358339587771,0,🟢 OK
14,19,161,0.08328616768823621,0,🟢 OK
14,20,160,0.11349516050781461,0,🟢 OK
14,21,159,0.10914858699677427,0,🟢 OK
14,22,158,0.12583188798176376,0,🟢 OK
14,23,157,0.12910414117311914,0,🟢 OK
14,24,156,0.12016624581449492,0,🟢 OK
14,25,155,0.11865782276054426,0,🟢 OK
14,26,154,0.12199056639720296,0,🟢 OK
14,27,153,0.1264587984227819,0,🟢 OK
14,28,152,0.12214165528309667,0,🟢 OK
14,29,151,0.11723654012790186,0,🟢 OK
14,30,150,0.11609034851074157,0,🟢 OK
14,31,149,0.10168740792295117,0,🟢 OK
14,32,148,0.10810571503266286,0,🟢 OK
14,33,147,0.10003551300551683,0,🟢 OK
14,34,146,0.0983587631288465,0,🟢 OK
14,35,145,0.08238374724960784,0,🟢 OK
14,36,144,0.0816727838683064,0,🟢 OK
14,37,143,0.09044191295233733,0,🟢 OK
14,38,142,0.09493111984640568,0,🟢 OK
14,39,141,0.0987958624608462,0,🟢 OK
14,40,140,0.10080195231294442,0,🟢 OK
14,41,139,0.1226576059309788,0,🟢 OK
14,42,138,0.12014632493389221,0,🟢 OK
14,43,137,0.11828572262590248,0,🟢 OK
14,44,136,0.11828242705960201,0,🟢 OK
14,45,135,0.10652091491143978,0,🟢 OK
14,46,134,0.11003446568627673,0,🟢 OK
14,47,133,0.10497274664773426,0,🟢 OK
14,48,132,0.11239699189353292,0,🟢 OK
14,49,131,0.10579756179242567,0,🟢 OK
14,50,130,0.11304992118681689,0,🟢 OK
14,51,129,0.12105918572686741,0,🟢 OK
14,52,128,0.11843565112929849,0,🟢 OK
14,53,127,0.11921704322720938,0,🟢 OK
14,54,126,0.12074513157854488,0,🟢 OK
14,55,125,0.1258471990620268,0,🟢 OK
14,56,124,0.12318555727728925,0,🟢 OK
14,57,123,0.1174719537305276,0,🟢 OK
14,58,122,0.11125473130455976,0,🟢 OK
14,59,121,0.10451089999491142,0,🟢 OK
14,60,120,0.1008029623351151,0,🟢 OK
14,61,119,0.10812835057348874,0,🟢 OK
14,62,118,0.1072255313824747,0,🟢 OK
14,63,117,0.1108808311079314,0,🟢 OK
14,64,116,0.10898621624192623,0,🟢 OK
14,65,115,0.11019865902720621,0,🟢 OK
14,66,114,0.1124747990038274,0,🟢 OK
14,67,113,0.11499684937867727,0,🟢 OK
14,68,112,0.1152686915396039,0,🟢 OK
14,69,111,0.11476908968489874,0,🟢 OK
14,70,110,0.12473669502459767,0,🟢 OK
14,71,109,0.12683228966572613,0,🟢 OK
14,72,108,0.12429081716362966,0,🟢 OK
14,73,107,0.1258184398486008,0,🟢 OK
14,74,106,0.12721199967956287,0,🟢 OK
14,75,105,0.11990142396225073,0,🟢 OK
14,76,104,0.119754501247609,0,🟢 OK
14,77,103,0.11816959770477753,0,🟢 OK
14,78,102,0.109256875314801,0,🟢 OK
14,79,101,0.0944583218235101,0,🟢 OK
14,80,100,0.10828730980918139,0,🟢 OK
14,81,99,0.10787841081933569,0,🟢 OK
14,82,98,0.1163121261609919,0,🟢 OK
14,83,97,0.11909019155333511,0,🟢 OK
14,84,96,0.11568008842817912,0,🟢 OK
14,85,95,0.1105040430932222,0,🟢 OK
14,86,94,0.11651899427114387,0,🟢 OK
14,87,93,0.12090681076045956,0,🟢 OK
14,88,92,0.1147433290958424,0,🟢 OK
14,89,91,0.10907096886345946,0,🟢 OK
14,90,90,0.10774979350180186,0,🟢 OK
14,91,89,0.10079681520476741,0,🟢 OK
14,92,88,0.09947922380858898,0,🟢 OK
14,93,87,0.09755687133508018,0,🟢 OK
14,94,86,0.09503167171797156,0,🟢 OK
14,95,85,0.0881276923355081,0,🟢 OK
14,96,84,0.06899515834327635,0,🟢 OK
14,97,83,0.0796854813929212,0,🟢 OK
14,98,82,0.07806503578937435,0,🟢 OK
14,99,81,0.08713642622408829,0,🟢 OK
14,100,80,0.0803938699596291,0,🟢 OK
14,101,79,0.0888340438237743,0,🟢 OK
14,102,78,0.08076963234934526,0,🟢 OK
14,103,77,0.09721126025684379,0,🟢 OK
14,104,76,0.09292056553924583,0,🟢 OK
14,105,75,0.09210552856224563,0,🟢 OK
14,106,74,0.08509393647729102,0,🟢 OK
14,107,73,0.07770992818509503,0,🟢 OK
14,108,72,0.07621175182168982,0,🟢 OK
14,109,71,0.07895485320891416,0,🟢 OK
14,110,70,0.0793071971432302,0,🟢 OK
14,111,69,0.07978045610820145,0,🟢 OK
14,112,68,0.0818031088392529,0,🟢 OK
14,113,67,0.07506503346438043,0,🟢 OK
14,114,66,0.08423070810221978,0,🟢 OK
14,115,65,0.06822706547388685,0,🟢 OK
14,116,64,0.0670950771815656,0,🟢 OK
14,117,63,0.07261149410418771,0,🟢 OK
14,118,62,0.07755740831055769,0,🟢 OK
14,119,61,0.07767029709662177,0,🟢 OK
14,120,60,0.07352328949590681,0,🟢 OK
14,121,59,0.0634385654110593,0,🟢 OK
14,122,58,0.05811040146273999,0,🟢 OK
14,123,57,0.06915739138200888,0,🟢 OK
14,124,56,0.0660455778732783,0,🟢 OK
14,125,55,0.07224059394990723,0,🟢 OK
14,126,54,0.06533756919681294,0,🟢 OK
14,127,53,0.06391139717903321,0,🟢 OK
14,128,52,0.05768270486861582,0,🟢 OK
14,129,51,0.05347995090701102,0,🟢 OK
14,130,50,0.048549308309259465,0,🟢 OK
14,131,49,0.04558745241966161,0,🟢 OK
14,132,48,0.045214532502646676,0,🟢 OK
14,133,47,0.033278140400751055,0,🟢 OK
14,134,46,0.032110253238826325,0,🟢 OK
14,135,45,0.02717678173576693,0,🟢 OK
14,136,44,0.03171771362951187,0,🟢 OK
14,137,43,0.028558933029981193,0,🟢 OK
14,138,42,0.026628025442708314,0,🟢 OK
14,139,41,0.025025041781623014,0,🟢 OK
14,140,40,0.022971598826471207,0,🟢 OK
14,141,39,0.012236509150218233,0,🟢 OK
14,142,38,0.022268139905128048,0,🟢 OK
14,143,37,0.018707659736722282,0,🟢 OK
14,144,36,0.027134978869343296,0,🟢 OK
14,145,35,0.0182782837146781,0,🟢 OK
14,146,34,0.01983286605844431,0,🟢 OK
14,147,33,0.020867138494082782,0,🟢 OK
14,148,32,0.0339526283216649,0,🟢 OK
14,149,31,0.020523556320142522,0,🟢 OK
14,150,30,0.016709158831573645,0,🟢 OK
14,151,29,0.012446812666858154,0,🟢 OK
14,152,28,-0.010052384915543722,1,🟢 OK
14,153,27,-0.02115610127322176,1,🟢 OK
14,154,26,-0.03124515826694696,1,🟢 OK
14,155,25,-0.03963049609047431,1,🟢 OK
14,156,24,-0.03868510909569822,1,🟢 OK
14,157,23,-0.03980409516260419,1,🟢 OK
14,158,22,-0.045827280804735526,1,🟢 OK
14,159,21,-0.06184274443377202,1,🟢 OK
14,160,20,-0.06254112395652678,1,🟢 OK
14,161,19,-0.058020331642592904,1,🟢 OK
14,162,18,-0.03149912086953688,1,🟢 OK
14,163,17,-0.02773635712754785,1,🔴 ALERT
14,164,16,-0.043879173289823825,1,🔴 ALERT
14,165,15,-0.045726563734164616,1,🔴 ALERT
14,166,14,-0.035698909659274025,1,🔴 ALERT
14,167,13,-0.03471793914225507,1,🔴 ALERT
14,168,12,-0.04019011675474815,1,🔴 ALERT
14,169,11,-0.036803847507874576,1,🔴 ALERT
14,170,10,-0.033317416864873106,1,🔴 ALERT
14,171,9,-0.03238084957133702,1,🔴 ALERT
14,172,8,-0.04150482767578989,1,🔴 ALERT
14,173,7,-0.047342220059626294,1,🔴 ALERT
14,174,6,-0.04570241901560945,1,🔴 ALERT
14,175,5,-0.054807584385628605,1,🔴 ALERT
14,176,4,-0.052472590917655104,1,🔴 ALERT
14,177,3,-0.06149984409833431,1,🔴 ALERT
14,178,2,-0.05970635952332637,1,🔴 ALERT
14,179,1,-0.053415956297842015,1,🔴 ALERT
14,180,0,-0.045193003619898975,1,🔴 ALERT
15,1,206,0.05240176041783606,0,🟢 OK
15,2,205,-0.03500798218490497,0,🟢 OK
15,3,204,-0.0021932584093006247,0,🟢 OK
15,4,203,-0.007005852943601565,0,🟢 OK
15,5,202,-0.00946264518767126,0,🟢 OK
15,6,201,0.004700345639486403,0,🟢 OK
15,7,200,0.0015473000218957367,0,🟢 OK
15,8,199,0.0175199473492475,0,🟢 OK
15,9,198,0.00998080232801074,0,🟢 OK
15,10,197,0.021677285583392825,0,🟢 OK
15,11,196,0.023023406586533457,0,🟢 OK
15,12,195,0.012477225826980465,0,🟢 OK
15,13,194,0.012724560746648683,0,🟢 OK
15,14,193,0.021887249471756465,0,🟢 OK
15,15,192,0.024886224261021883,0,🟢 OK
15,16,191,0.016562516636255242,0,🟢 OK
15,17,190,0.018174441640255223,0,🟢 OK
15,18,189,0.01666603327120303,0,🟢 OK
15,19,188,0.03453211509790738,0,🟢 OK
15,20,187,0.03069307050202369,0,🟢 OK
15,21,186,0.022077351390812183,0,🟢 OK
15,22,185,0.029376887208222346,0,🟢 OK
15,23,184,0.03997312063488612,0,🟢 OK
15,24,183,0.017465850782146075,0,🟢 OK
15,25,182,0.018612494762880183,0,🟢 OK
15,26,181,0.024211492730628947,0,🟢 OK
15,27,180,0.025838510532513237,0,🟢 OK
15,28,179,0.02980088410819748,0,🟢 OK
15,29,178,0.025870915424018537,0,🟢 OK
15,30,177,0.027790192502550104,0,🟢 OK
15,31,176,0.044746921727135625,0,🟢 OK
15,32,175,0.04798260251819819,0,🟢 OK
15,33,174,0.04930168756439118,0,🟢 OK
15,34,173,0.061929253917902494,0,🟢 OK
15,35,172,0.05932028336060302,0,🟢 OK
15,36,171,0.06944442582844595,0,🟢 OK
15,37,170,0.053855109891809194,0,🟢 OK
15,38,169,0.03163684242539949,0,🟢 OK
15,39,168,0.047352879147558424,0,🟢 OK
15,40,167,0.0633809304620151,0,🟢 OK
15,41,166,0.05735020724461709,0,🟢 OK
15,42,165,0.06186697920711676,0,🟢 OK
15,43,164,0.046215413087946966,0,🟢 OK
15,44,163,0.046335884125854654,0,🟢 OK
15,45,162,0.042842700329875305,0,🟢 OK
15,46,161,0.06175627684810853,0,🟢 OK
15,47,160,0.07185231885653126,0,🟢 OK
15,48,159,0.0862866018852882,0,🟢 OK
15,49,158,0.07637365871434915,0,🟢 OK
15,50,157,0.06329398437575806,0,🟢 OK
15,51,156,0.05323366510897398,0,🟢 OK
15,52,155,0.06420797003488277,0,🟢 OK
15,53,154,0.05045870124775653,0,🟢 OK
15,54,153,0.06222672969508197,0,🟢 OK
15,55,152,0.06473941230191982,0,🟢 OK
15,56,151,0.05892209606201482,0,🟢 OK
15,57,150,0.05278653646332815,0,🟢 OK
15,58,149,0.057202998087743206,0,🟢 OK
15,59,148,0.03590899520943974,0,🟢 OK
15,60,147,0.04367618078413937,0,🟢 OK
15,61,146,0.06387218562980579,0,🟢 OK
15,62,145,0.05513623228292369,0,🟢 OK
15,63,144,0.06086710415031904,0,🟢 OK
15,64,143,0.059932409400298314,0,🟢 OK
15,65,142,0.07453440176124909,0,🟢 OK
15,66,141,0.08059846392248154,0,🟢 OK
15,67,140,0.08130650365302083,0,🟢 OK
15,68,139,0.07691618198059214,0,🟢 OK
15,69,138,0.08396903905405562,0,🟢 OK
15,70,137,0.08688274208600905,0,🟢 OK
15,71,136,0.08660693906103839,0,🟢 OK
15,72,135,0.07978208508804768,0,🟢 OK
15,73,134,0.08080186332005085,0,🟢 OK
15,74,133,0.08336362034271144,0,🟢 OK
15,75,132,0.07467604872124833,0,🟢 OK
15,76,131,0.07867983915031701,0,🟢 OK
15,77,130,0.08879460530688299,0,🟢 OK
15,78,129,0.08637285922846938,0,🟢 OK
15,79,128,0.08842113663716195,0,🟢 OK
15,80,127,0.08583390305000765,0,🟢 OK
15,81,126,0.09006236101538945,0,🟢 OK
15,82,125,0.0826796153164755,0,🟢 OK
15,83,124,0.09844362512444443,0,🟢 OK
15,84,123,0.0858971554487527,0,🟢 OK
15,85,122,0.0867455546907957,0,🟢 OK
15,86,121,0.07358092093196833,0,🟢 OK
15,87,120,0.0820679400530187,0,🟢 OK
15,88,119,0.0790238221644794,0,🟢 OK
15,89,118,0.08464882806950685,0,🟢 OK
15,90,117,0.08956434446160072,0,🟢 OK
15,91,116,0.08803922406618764,0,🟢 OK
15,92,115,0.09481607248306595,0,🟢 OK
15,93,114,0.08839214171148063,0,🟢 OK
15,94,113,0.08543473569428761,0,🟢 OK
15,95,112,0.08802925685896479,0,🟢 OK
15,96,111,0.1021239167900585,0,🟢 OK
15,97,110,0.09975096393069666,0,🟢 OK
15,98,109,0.10562206439586591,0,🟢 OK
15,99,108,0.10602210859797445,0,🟢 OK
15,100,107,0.1005427014830032,0,🟢 OK
15,101,106,0.08890040691876988,0,🟢 OK
15,102,105,0.08261568149238424,0,🟢 OK
15,103,104,0.09178412435900252,0,🟢 OK
15,104,103,0.09205547161814609,0,🟢 OK
15,105,102,0.08993980267309037,0,🟢 OK
15,106,101,0.0959428519224706,0,🟢 OK
15,107,100,0.11152860626181699,0,🟢 OK
15,108,99,0.11242452186922158,0,🟢 OK
15,109,98,0.11271808755809354,0,🟢 OK
15,110,97,0.11351983629856155,0,🟢 OK
15,111,96,0.1143410407912619,0,🟢 OK
15,112,95,0.11702088397328536,0,🟢 OK
15,113,94,0.11650450145889923,0,🟢 OK
15,114,93,0.11632217330350086,0,🟢 OK
15,115,92,0.1175223483108645,0,🟢 OK
15,116,91,0.11754912322436861,0,🟢 OK
15,117,90,0.11408611305028721,0,🟢 OK
15,118,89,0.11365981466826935,0,🟢 OK
15,119,88,0.10886474236381383,0,🟢 OK
15,120,87,0.10956979465451078,0,🟢 OK
15,121,86,0.10730042225698505,0,🟢 OK
15,122,85,0.10655346664380588,0,🟢 OK
15,123,84,0.11202961641302944,0,🟢 OK
15,124,83,0.0937775610017858,0,🟢 OK
15,125,82,0.08802332342318042,0,🟢 OK
15,126,81,0.09178945436565178,0,🟢 OK
15,127,80,0.08490363891940356,0,🟢 OK
15,128,79,0.0982310513711756,0,🟢 OK
15,129,78,0.09951725806429873,0,🟢 OK
15,130,77,0.10388739756081183,0,🟢 OK
15,131,76,0.11222701553609182,0,🟢 OK
15,132,75,0.12110360762283928,0,🟢 OK
15,133,74,0.11182664623256289,0,🟢 OK
15,134,73,0.1248873471680369,0,🟢 OK
15,135,72,0.11047427706948232,0,🟢 OK
15,136,71,0.1164278196529242,0,🟢 OK
15,137,70,0.1199312482598916,0,🟢 OK
15,138,69,0.11429052303056925,0,🟢 OK
15,139,68,0.11423610956788122,0,🟢 OK
15,140,67,0.11030868492309326,0,🟢 OK
15,141,66,0.1094626986268894,0,🟢 OK
15,142,65,0.10180680066729847,0,🟢 OK
15,143,64,0.1085030542078535,0,🟢 OK
15,144,63,0.11521924728099192,0,🟢 OK
15,145,62,0.11997925913238944,0,🟢 OK
15,146,61,0.11999718564408679,0,🟢 OK
15,147,60,0.1263019573769572,0,🟢 OK
15,148,59,0.12475665359396193,0,🟢 OK
15,149,58,0.1206514905979219,0,🟢 OK
15,150,57,0.12929407435403883,0,🟢 OK
15,151,56,0.12143371907307304,0,🟢 OK
15,152,55,0.12237165222447216,0,🟢 OK
15,153,54,0.12909742369571653,0,🟢 OK
15,154,53,0.13013317095387,0,🟢 OK
15,155,52,0.1319916240986148,0,🟢 OK
15,156,51,0.12036485077590908,0,🟢 OK
15,157,50,0.12304691440938215,0,🟢 OK
15,158,49,0.12954950834045448,0,🟢 OK
15,159,48,0.12476749039705937,0,🟢 OK
15,160,47,0.12813828698569268,0,🟢 OK
15,161,46,0.11783915549793711,0,🟢 OK
15,162,45,0.1144185744448743,0,🟢 OK
15,163,44,0.11806193457556885,0,🟢 OK
15,164,43,0.10777953190468376,0,🟢 OK
15,165,42,0.10125694925998474,0,🟢 OK
15,166,41,0.09733840711490482,0,🟢 OK
15,167,40,0.09882863187418356,0,🟢 OK
15,168,39,0.10230289435178735,0,🟢 OK
15,169,38,0.102541705158601,0,🟢 OK
15,170,37,0.09309887063607825,0,🟢 OK
15,171,36,0.08535019234370683,0,🟢 OK
15,172,35,0.08428422711508621,0,🟢 OK
15,173,34,0.06644423671296801,0,🟢 OK
15,174,33,0.05822465136177468,0,🟢 OK
15,175,32,0.05241882989285335,0,🟢 OK
15,176,31,0.04942383292207325,0,🟢 OK
15,177,30,0.048047145141164815,0,🟢 OK
15,178,29,0.0406956903074675,0,🟢 OK
15,179,28,0.03668751045358065,0,🟢 OK
15,180,27,0.03897958151760711,0,🟢 OK
15,181,26,0.03714249911700579,0,🟢 OK
15,182,25,0.03390936884069279,0,🟢 OK
15,183,24,0.025711051134006513,0,🟢 OK
15,184,23,0.02042822310365222,0,🟢 OK
15,185,22,0.016097448853534813,0,🟢 OK
15,186,21,0.01586801957081796,0,🟢 OK
15,187,20,0.0193041124489709,0,🟢 OK
15,188,19,0.0030066721992761947,0,🟢 OK
15,189,18,0.002234488021676362,0,🟢 OK
15,190,17,-0.010203382648607762,1,🟢 OK
15,191,16,-0.02079370676725567,1,🟢 OK
15,192,15,-0.02834545416322809,1,🟢 OK
15,193,14,-0.03059348166970577,1,🟢 OK
15,194,13,-0.025386257051454586,1,🟢 OK
15,195,12,-0.02560946267497688,1,🟢 OK
15,196,11,-0.025438639784228445,1,🟢 OK
15,197,10,-0.023135698168547547,1,🟢 OK
15,198,9,-0.023589229614198848,1,🟢 OK
15,199,8,-0.026434645336611884,1,🟢 OK
15,200,7,-0.0222503279463101,1,🟢 OK
15,201,6,-0.022716023770192106,1,🔴 ALERT
15,202,5,-0.009396529406329068,1,🔴 ALERT
15,203,4,-0.014895611007245235,1,🔴 ALERT
15,204,3,-0.03089298601236823,1,🔴 ALERT
15,205,2,-0.030787693349617062,1,🔴 ALERT
15,206,1,-0.04794481752877855,1,🔴 ALERT
15,207,0,-0.05100933717824496,1,🔴 ALERT
16,1,208,0.1079739853707275,0,🟢 OK
16,2,207,0.03414127346104495,0,🟢 OK
16,3,206,0.027816500007323663,0,🟢 OK
16,4,205,0.06922511252815361,0,🟢 OK
16,5,204,0.07258480253827199,0,🟢 OK
16,6,203,0.06700051116367362,0,🟢 OK
16,7,202,0.05867771357017837,0,🟢 OK
16,8,201,0.0794813291795401,0,🟢 OK
16,9,200,0.08772310510982156,0,🟢 OK
16,10,199,0.09858895251288247,0,🟢 OK
16,11,198,0.08546654937108022,0,🟢 OK
16,12,197,0.09483157518046448,0,🟢 OK
16,13,196,0.09009094650418509,0,🟢 OK
16,14,195,0.10215567602243703,0,🟢 OK
16,15,194,0.09498672688026744,0,🟢 OK
16,16,193,0.09982893364170697,0,🟢 OK
16,17,192,0.10118425329697633,0,🟢 OK
16,18,191,0.09778929127936287,0,🟢 OK
16,19,190,0.09256458356414882,0,🟢 OK
16,20,189,0.0884863536197052,0,🟢 OK
16,21,188,0.09340086233014838,0,🟢 OK
16,22,187,0.09758115958313474,0,🟢 OK
16,23,186,0.10621285219521864,0,🟢 OK
16,24,185,0.10504414483349467,0,🟢 OK
16,25,184,0.10376167094899941,0,🟢 OK
16,26,183,0.09953193921134718,0,🟢 OK
16,27,182,0.09706567915611797,0,🟢 OK
16,28,181,0.1022105672046923,0,🟢 OK
16,29,180,0.11034516325440852,0,🟢 OK
16,30,179,0.12006044237647667,0,🟢 OK
16,31,178,0.12000480042579531,0,🟢 OK
16,32,177,0.11917522910647754,0,🟢 OK
16,33,176,0.12218091568695988,0,🟢 OK
16,34,175,0.11922197197399365,0,🟢 OK
16,35,174,0.10647060719707169,0,🟢 OK
16,36,173,0.10829633845709308,0,🟢 OK
16,37,172,0.11462504119940709,0,🟢 OK
16,38,171,0.12334623005190487,0,🟢 OK
16,39,170,0.12262291578841927,0,🟢 OK
16,40,169,0.11889519218940492,0,🟢 OK
16,41,168,0.12126975293053821,0,🟢 OK
16,42,167,0.10519685752894165,0,🟢 OK
16,43,166,0.10535714406839025,0,🟢 OK
16,44,165,0.09478219960584511,0,🟢 OK
16,45,164,0.092959437257914,0,🟢 OK
16,46,163,0.0892652766423338,0,🟢 OK
16,47,162,0.08782903799562997,0,🟢 OK
16,48,161,0.08031588429688896,0,🟢 OK
16,49,160,0.07942417184269435,0,🟢 OK
16,50,159,0.07840527285082383,0,🟢 OK
16,51,158,0.08055007222971516,0,🟢 OK
16,52,157,0.08499161696317409,0,🟢 OK
16,53,156,0.08609693542328123,0,🟢 OK
16,54,155,0.08945733189512872,0,🟢 OK
16,55,154,0.09961189526895753,0,🟢 OK
16,56,153,0.09247810959386926,0,🟢 OK
16,57,152,0.09364663178726562,0,🟢 OK
16,58,151,0.08720233620181533,0,🟢 OK
16,59,150,0.08968098806749092,0,🟢 OK
16,60,149,0.09739069680848955,0,🟢 OK
16,61,148,0.10079039663458267,0,🟢 OK
16,62,147,0.09213756359639963,0,🟢 OK
16,63,146,0.0853859493582067,0,🟢 OK
16,64,145,0.08124188977963448,0,🟢 OK
16,65,144,0.08975221224825058,0,🟢 OK
16,66,143,0.0923913044613428,0,🟢 OK
16,67,142,0.09448925808131747,0,🟢 OK
16,68,141,0.09194620676389414,0,🟢 OK
16,69,140,0.09253013994394144,0,🟢 OK
16,70,139,0.08931434736405242,0,🟢 OK
16,71,138,0.08983065445620925,0,🟢 OK
16,72,137,0.09567003867362706,0,🟢 OK
16,73,136,0.09931410961543358,0,🟢 OK
16,74,135,0.09743069897498796,0,🟢 OK
16,75,134,0.0902253123547454,0,🟢 OK
16,76,133,0.08712536507762292,0,🟢 OK
16,77,132,0.08453021358738355,0,🟢 OK
16,78,131,0.07496673272171339,0,🟢 OK
16,79,130,0.07981048440183841,0,🟢 OK
16,80,129,0.08618799155445978,0,🟢 OK
16,81,128,0.08044724179309687,0,🟢 OK
16,82,127,0.07578165681796778,0,🟢 OK
16,83,126,0.08317843144819165,0,🟢 OK
16,84,125,0.0801861129544299,0,🟢 OK
16,85,124,0.08555149236679455,0,🟢 OK
16,86,123,0.09779323919386285,0,🟢 OK
16,87,122,0.08816860794999287,0,🟢 OK
16,88,121,0.07106692511271967,0,🟢 OK
16,89,120,0.06384690240302038,0,🟢 OK
16,90,119,0.060905984218527,0,🟢 OK
16,91,118,0.052323450997729726,0,🟢 OK
16,92,117,0.05701816770908524,0,🟢 OK
16,93,116,0.06574885670381181,0,🟢 OK
16,94,115,0.07308926183078945,0,🟢 OK
16,95,114,0.07587888118095387,0,🟢 OK
16,96,113,0.0572174227913777,0,🟢 OK
16,97,112,0.050413783073949725,0,🟢 OK
16,98,111,0.06725628805636363,0,🟢 OK
16,99,110,0.06201606263214826,0,🟢 OK
16,100,109,0.06713793995169065,0,🟢 OK
16,101,108,0.06405247975864453,0,🟢 OK
16,102,107,0.05083386862245337,0,🟢 OK
16,103,106,0.07402806265739803,0,🟢 OK
16,104,105,0.07531167298192143,0,🟢 OK
16,105,104,0.06716732878500714,0,🟢 OK
16,106,103,0.06888668329784636,0,🟢 OK
16,107,102,0.07063515662975639,0,🟢 OK
16,108,101,0.0632006671059806,0,🟢 OK
16,109,100,0.06497358957442795,0,🟢 OK
16,110,99,0.0672058755490445,0,🟢 OK
16,111,98,0.04777075036176365,0,🟢 OK
16,112,97,0.045780187616862145,0,🟢 OK
16,113,96,0.05907485527620959,0,🟢 OK
16,114,95,0.06080556554841632,0,🟢 OK
16,115,94,0.06301385959795502,0,🟢 OK
16,116,93,0.05507647242211111,0,🟢 OK
16,117,92,0.05799641458443633,0,🟢 OK
16,118,91,0.05491973331534378,0,🟢 OK
16,119,90,0.0663422572857918,0,🟢 OK
16,120,89,0.055577975800752966,0,🟢 OK
16,121,88,0.05598112037214148,0,🟢 OK
16,122,87,0.051466936823379106,0,🟢 OK
16,123,86,0.054702250828334964,0,🟢 OK
16,124,85,0.04473138507323088,0,🟢 OK
16,125,84,0.03374854194363047,0,🟢 OK
16,126,83,0.03289680587479349,0,🟢 OK
16,127,82,0.060111234618135834,0,🟢 OK
16,128,81,0.05465865754384003,0,🟢 OK
16,129,80,0.04514360050087873,0,🟢 OK
16,130,79,0.04786847250844034,0,🟢 OK
16,131,78,0.056575190004456766,0,🟢 OK
16,132,77,0.054651301070990144,0,🟢 OK
16,133,76,0.04374718215778117,0,🟢 OK
16,134,75,0.0338687968947759,0,🟢 OK
16,135,74,0.02600132948510503,0,🟢 OK
16,136,73,0.021545908361894572,0,🟢 OK
16,137,72,0.00961578102574362,0,🟢 OK
16,138,71,0.0032258725701989066,0,🟢 OK
16,139,70,0.010037179755198689,0,🟢 OK
16,140,69,0.01723235723123051,0,🟢 OK
16,141,68,0.014721648116494679,0,🟢 OK
16,142,67,0.023739655663122028,0,🟢 OK
16,143,66,0.024145149091949702,0,🟢 OK
16,144,65,0.020819907726144116,0,🟢 OK
16,145,64,0.02614354701927102,0,🟢 OK
16,146,63,0.028566057757623997,0,🟢 OK
16,147,62,0.022133401384516416,0,🟢 OK
16,148,61,0.028621484034857814,0,🟢 OK
16,149,60,0.023656445062329223,0,🟢 OK
16,150,59,0.022272565247387854,0,🟢 OK
16,151,58,0.021628877705074545,0,🟢 OK
16,152,57,0.012459605104742533,0,🟢 OK
16,153,56,0.008358095633233031,0,🟢 OK
16,154,55,0.01351685927719709,0,🟢 OK
16,155,54,0.009409352098402546,0,🟢 OK
16,156,53,0.013890771406756652,0,🟢 OK
16,157,52,0.018662362772505714,0,🟢 OK
16,158,51,-0.002043417843523132,1,🟢 OK
16,159,50,0.0085858500860172,0,🟢 OK
16,160,49,-0.003765506509696648,1,🟢 OK
16,161,48,-0.011978581896681328,1,🟢 OK
16,162,47,-0.025837551240743495,1,🟢 OK
16,163,46,-0.03168883346788798,1,🟢 OK
16,164,45,-0.023152855953952778,1,🟢 OK
16,165,44,-0.039188212846184234,1,🟢 OK
16,166,43,-0.029007821550803614,1,🟢 OK
16,167,42,-0.024842604062898177,1,🟢 OK
16,168,41,-0.021991288785975782,1,🟢 OK
16,169,40,-0.01303468949312625,1,🟢 OK
16,170,39,-0.019614900588658446,1,🟢 OK
16,171,38,-0.022106825273553343,1,🟢 OK
16,172,37,-0.04070692220526284,1,🔴 ALERT
16,173,36,-0.03927445600288482,1,🔴 ALERT
16,174,35,-0.037071550258276686,1,🔴 ALERT
16,175,34,-0.031888180890168094,1,🔴 ALERT
16,176,33,-0.016929943148295434,1,🔴 ALERT
16,177,32,-0.017891248000821425,1,🔴 ALERT
16,178,31,-0.01961864431649951,1,🔴 ALERT
16,179,30,-0.04035109374315504,1,🔴 ALERT
16,180,29,-0.04472013393082619,1,🔴 ALERT
16,181,28,-0.034276440318953716,1,🔴 ALERT
16,182,27,-0.019468035320743926,1,🔴 ALERT
16,183,26,-0.015395896292614841,1,🔴 ALERT
16,184,25,-0.016852941210674377,1,🔴 ALERT
16,185,24,-0.013127407017573756,1,🔴 ALERT
16,186,23,-0.024464182154322334,1,🔴 ALERT
16,187,22,-0.024958301314181197,1,🔴 ALERT
16,188,21,-0.023960974860347872,1,🔴 ALERT
16,189,20,-0.02443604697784363,1,🔴 ALERT
16,190,19,-0.02411382643942761,1,🔴 ALERT
16,191,18,-0.021498254094760805,1,🔴 ALERT
16,192,17,-0.026129005642264058,1,🔴 ALERT
16,193,16,-0.029465149829723813,1,🔴 ALERT
16,194,15,-0.04200040647095127,1,🔴 ALERT
16,195,14,-0.03752847667908066,1,🔴 ALERT
16,196,13,-0.027305226578361097,1,🔴 ALERT
16,197,12,-0.025680540421976983,1,🔴 ALERT
16,198,11,-0.023891835773550474,1,🔴 ALERT
16,199,10,-0.02157768996825493,1,🔴 ALERT
16,200,9,-0.0164623002950679,1,🔴 ALERT
16,201,8,-0.015988853565900185,1,🔴 ALERT
16,202,7,-0.01498707299301305,1,🔴 ALERT
16,203,6,-0.00324583749501961,1,🔴 ALERT
16,204,5,-0.016655648344706342,1,🔴 ALERT
16,205,4,-0.016305371673821845,1,🔴 ALERT
16,206,3,-0.017783537035278574,1,🔴 ALERT
16,207,2,-0.02046669580177285,1,🔴 ALERT
16,208,1,-0.021425001692713885,1,🔴 ALERT
16,209,0,-0.024624825784910875,1,🔴 ALERT
17,1,275,0.059085684454185605,0,🟢 OK
17,2,274,-0.035801686388796994,0,🟢 OK
17,3,273,0.006042200888158877,0,🟢 OK
17,4,272,0.027951938907069485,0,🟢 OK
17,5,271,0.04111633656383307,0,🟢 OK
17,6,270,0.037537688494742705,0,🟢 OK
17,7,269,0.0600766196084464,0,🟢 OK
17,8,268,0.025854470077931235,0,🟢 OK
17,9,267,0.055723113948315084,0,🟢 OK
17,10,266,0.04812037568611888,0,🟢 OK
17,11,265,0.05493994905412858,0,🟢 OK
17,12,264,0.04924367726372708,0,🟢 OK
17,13,263,0.03108679977957457,0,🟢 OK
17,14,262,0.03189027830104785,0,🟢 OK
17,15,261,0.038418913519258135,0,🟢 OK
17,16,260,0.01838214828112894,0,🟢 OK
17,17,259,0.02221312212615084,0,🟢 OK
17,18,258,0.034871516561378046,0,🟢 OK
17,19,257,0.03811867042619277,0,🟢 OK
17,20,256,0.03074847641365791,0,🟢 OK
17,21,255,0.03381780907122711,0,🟢 OK
17,22,254,0.033804919205022654,0,🟢 OK
17,23,253,0.028360354757792583,0,🟢 OK
17,24,252,0.018208911428316044,0,🟢 OK
17,25,251,0.020512920175708327,0,🟢 OK
17,26,250,0.04996039667137975,0,🟢 OK
17,27,249,0.044815119741076104,0,🟢 OK
17,28,248,0.04997277580745557,0,🟢 OK
17,29,247,0.048705712788069844,0,🟢 OK
17,30,246,0.049559670869027905,0,🟢 OK
17,31,245,0.06912062186229495,0,🟢 OK
17,32,244,0.0662633399702714,0,🟢 OK
17,33,243,0.09581388357753412,0,🟢 OK
17,34,242,0.08523184105727999,0,🟢 OK
17,35,241,0.08540216511173704,0,🟢 OK
17,36,240,0.09665441954696052,0,🟢 OK
17,37,239,0.08099957429528704,0,🟢 OK
17,38,238,0.06874488227730641,0,🟢 OK
17,39,237,0.06115183185660622,0,🟢 OK
17,40,236,0.06439575542826126,0,🟢 OK
17,41,235,0.062158872363404116,0,🟢 OK
17,42,234,0.06131788044374403,0,🟢 OK
17,43,233,0.06701021273712299,0,🟢 OK
17,44,232,0.06960122915026323,0,🟢 OK
17,45,231,0.07388058382659585,0,🟢 OK
17,46,230,0.06838237625505017,0,🟢 OK
17,47,229,0.07617462436342393,0,🟢 OK
17,48,228,0.07239150009446016,0,🟢 OK
17,49,227,0.08561678387165439,0,🟢 OK
17,50,226,0.08171771068826145,0,🟢 OK
17,51,225,0.08537966287093807,0,🟢 OK
17,52,224,0.0771297130011791,0,🟢 OK
17,53,223,0.0761656692442968,0,🟢 OK
17,54,222,0.08077646984163495,0,🟢 OK
17,55,221,0.08321290890936206,0,🟢 OK
17,56,220,0.08204487991385195,0,🟢 OK
17,57,219,0.08104663022831582,0,🟢 OK
17,58,218,0.09344009022083904,0,🟢 OK
17,59,217,0.09065435346213246,0,🟢 OK
17,60,216,0.09833312130517874,0,🟢 OK
17,61,215,0.09102917743371008,0,🟢 OK
17,62,214,0.08044855046323324,0,🟢 OK
17,63,213,0.09310751910862519,0,🟢 OK
17,64,212,0.0856665317090316,0,🟢 OK
17,65,211,0.08287571141702155,0,🟢 OK
17,66,210,0.08383462470152553,0,🟢 OK
17,67,209,0.09081716156942427,0,🟢 OK
17,68,208,0.09039700353158292,0,🟢 OK
17,69,207,0.08806523429783791,0,🟢 OK
17,70,206,0.09098455355602081,0,🟢 OK
17,71,205,0.08020340573469775,0,🟢 OK
17,72,204,0.08349099936503923,0,🟢 OK
17,73,203,0.09181178255325301,0,🟢 OK
17,74,202,0.08523511677602558,0,🟢 OK
17,75,201,0.07633964647410557,0,🟢 OK
17,76,200,0.0698781154405756,0,🟢 OK
17,77,199,0.07277667206142424,0,🟢 OK
17,78,198,0.07759752497045247,0,🟢 OK
17,79,197,0.07624392391906232,0,🟢 OK
17,80,196,0.08157402802902608,0,🟢 OK
17,81,195,0.06911009459063489,0,🟢 OK
17,82,194,0.0714417756422896,0,🟢 OK
17,83,193,0.07895417669861904,0,🟢 OK
17,84,192,0.08387385559594096,0,🟢 OK
17,85,191,0.0796329726025275,0,🟢 OK
17,86,190,0.07817628528409648,0,🟢 OK
17,87,189,0.07014490143257263,0,🟢 OK
17,88,188,0.09233641600839665,0,🟢 OK
17,89,187,0.1007734803894989,0,🟢 OK
17,90,186,0.08862522530841688,0,🟢 OK
17,91,185,0.09806814686846627,0,🟢 OK
17,92,184,0.09956768096249968,0,🟢 OK
17,93,183,0.09727428411880357,0,🟢 OK
17,94,182,0.0967545779574831,0,🟢 OK
17,95,181,0.09943092425332284,0,🟢 OK
17,96,180,0.10077914408279626,0,🟢 OK
17,97,179,0.09398355239162376,0,🟢 OK
17,98,178,0.09963156187208433,0,🟢 OK
17,99,177,0.09727878662602235,0,🟢 OK
17,100,176,0.10015653332525104,0,🟢 OK
17,101,175,0.10775021651857225,0,🟢 OK
17,102,174,0.10154826905242431,0,🟢 OK
17,103,173,0.0918128540694767,0,🟢 OK
17,104,172,0.07978100393645682,0,🟢 OK
17,105,171,0.08983611212200987,0,🟢 OK
17,106,170,0.0906516516552523,0,🟢 OK
17,107,169,0.07974429192219745,0,🟢 OK
17,108,168,0.08040434165606142,0,🟢 OK
17,109,167,0.07639273818971332,0,🟢 OK
17,110,166,0.0788987566342485,0,🟢 OK
17,111,165,0.0781885628341204,0,🟢 OK
17,112,164,0.07008670319187421,0,🟢 OK
17,113,163,0.07198756729791583,0,🟢 OK
17,114,162,0.07113403528134787,0,🟢 OK
17,115,161,0.0848148949694742,0,🟢 OK
17,116,160,0.07911130494268515,0,🟢 OK
17,117,159,0.0768716985511001,0,🟢 OK
17,118,158,0.07456375551242916,0,🟢 OK
17,119,157,0.0975722215751238,0,🟢 OK
17,120,156,0.0936558719788369,0,🟢 OK
17,121,155,0.1013517972232344,0,🟢 OK
17,122,154,0.1121448077896719,0,🟢 OK
17,123,153,0.08625226566355093,0,🟢 OK
17,124,152,0.09413472185269511,0,🟢 OK
17,125,151,0.08831989700677317,0,🟢 OK
17,126,150,0.08284426889317276,0,🟢 OK
17,127,149,0.08391534738267098,0,🟢 OK
17,128,148,0.09069246553652516,0,🟢 OK
17,129,147,0.09003135671406787,0,🟢 OK
17,130,146,0.08882816228713236,0,🟢 OK
17,131,145,0.08519038580465299,0,🟢 OK
17,132,144,0.09314286654294596,0,🟢 OK
17,133,143,0.10279935282483232,0,🟢 OK
17,134,142,0.10452005813295889,0,🟢 OK
17,135,141,0.09802952217779937,0,🟢 OK
17,136,140,0.10046644227640195,0,🟢 OK
17,137,139,0.0998587092780126,0,🟢 OK
17,138,138,0.09944758875497145,0,🟢 OK
17,139,137,0.08761878867325029,0,🟢 OK
17,140,136,0.07500282321582225,0,🟢 OK
17,141,135,0.07643290237943995,0,🟢 OK
17,142,134,0.07666181002784683,0,🟢 OK
17,143,133,0.08145020557663535,0,🟢 OK
17,144,132,0.07907937628947798,0,🟢 OK
17,145,131,0.09132415288949858,0,🟢 OK
17,146,130,0.07400393127928628,0,🟢 OK
17,147,129,0.07724907870255188,0,🟢 OK
17,148,128,0.08059240141343249,0,🟢 OK
17,149,127,0.07910074757393426,0,🟢 OK
17,150,126,0.08745254694113341,0,🟢 OK
17,151,125,0.07549156939763507,0,🟢 OK
17,152,124,0.0793051945489493,0,🟢 OK
17,153,123,0.08319753454747891,0,🟢 OK
17,154,122,0.08546495481374644,0,🟢 OK
17,155,121,0.08605943116922438,0,🟢 OK
17,156,120,0.08990381839157019,0,🟢 OK
17,157,119,0.09678177586136738,0,🟢 OK
17,158,118,0.09284069106538262,0,🟢 OK
17,159,117,0.0930463820941933,0,🟢 OK
17,160,116,0.09483947639643603,0,🟢 OK
17,161,115,0.08936775722565526,0,🟢 OK
17,162,114,0.08351178238979179,0,🟢 OK
17,163,113,0.08753775733155045,0,🟢 OK
17,164,112,0.07601538135338998,0,🟢 OK
17,165,111,0.07735634565095595,0,🟢 OK
17,166,110,0.07416732043696012,0,🟢 OK
17,167,109,0.07084969408016212,0,🟢 OK
17,168,108,0.09351308923367502,0,🟢 OK
17,169,107,0.08266265239861159,0,🟢 OK
17,170,106,0.07970899752820565,0,🟢 OK
17,171,105,0.08181669758589627,0,🟢 OK
17,172,104,0.08353875413488032,0,🟢 OK
17,173,103,0.09062106380065016,0,🟢 OK
17,174,102,0.08185604527349377,0,🟢 OK
17,175,101,0.08993779988775863,0,🟢 OK
17,176,100,0.0957202611512652,0,🟢 OK
17,177,99,0.097646577907474,0,🟢 OK
17,178,98,0.09445953629188891,0,🟢 OK
17,179,97,0.09992324569493516,0,🟢 OK
17,180,96,0.10045423784138158,0,🟢 OK
17,181,95,0.10273598275175161,0,🟢 OK
17,182,94,0.09945351596747853,0,🟢 OK
17,183,93,0.09354290874182664,0,🟢 OK
17,184,92,0.09615002310600196,0,🟢 OK
17,185,91,0.10108064794327865,0,🟢 OK
17,186,90,0.09315593485238516,0,🟢 OK
17,187,89,0.08614286801685578,0,🟢 OK
17,188,88,0.08887586353334381,0,🟢 OK
17,189,87,0.08647939378145492,0,🟢 OK
17,190,86,0.08418944213003954,0,🟢 OK
17,191,85,0.07970697548960626,0,🟢 OK
17,192,84,0.07784224560651581,0,🟢 OK
17,193,83,0.07052837244638704,0,🟢 OK
17,194,82,0.06960765055513435,0,🟢 OK
17,195,81,0.04123868273275921,0,🟢 OK
17,196,80,0.04075152226369305,0,🟢 OK
17,197,79,0.045848010200374156,0,🟢 OK
17,198,78,0.045861754300397295,0,🟢 OK
17,199,77,0.05967383847359459,0,🟢 OK
17,200,76,0.06793357846587111,0,🟢 OK
17,201,75,0.0883192696610719,0,🟢 OK
17,202,74,0.10992459782157521,0,🟢 OK
17,203,73,0.10808122344707011,0,🟢 OK
17,204,72,0.11398774860307198,0,🟢 OK
17,205,71,0.1199200112958948,0,🟢 OK
17,206,70,0.11184349118797243,0,🟢 OK
17,207,69,0.11780311890942052,0,🟢 OK
17,208,68,0.11373486545846406,0,🟢 OK
17,209,67,0.11686436913314474,0,🟢 OK
17,210,66,0.11401486932238952,0,🟢 OK
17,211,65,0.11505665099089746,0,🟢 OK
17,212,64,0.10998333685644274,0,🟢 OK
17,213,63,0.10823686449185288,0,🟢 OK
17,214,62,0.11214058188622367,0,🟢 OK
17,215,61,0.10848755942893923,0,🟢 OK
17,216,60,0.10158544567030553,0,🟢 OK
17,217,59,0.10130152036718332,0,🟢 OK
17,218,58,0.09334041713930302,0,🟢 OK
17,219,57,0.09826672135991743,0,🟢 OK
17,220,56,0.10029823873461002,0,🟢 OK
17,221,55,0.10086499685909517,0,🟢 OK
17,222,54,0.10951360965147389,0,🟢 OK
17,223,53,0.09665298765805774,0,🟢 OK
17,224,52,0.10229504997311994,0,🟢 OK
17,225,51,0.0970256896098326,0,🟢 OK
17,226,50,0.09654153903139334,0,🟢 OK
17,227,49,0.09237071114548034,0,🟢 OK
17,228,48,0.08377498709874076,0,🟢 OK
17,229,47,0.08143458098657191,0,🟢 OK
17,230,46,0.0766533132721447,0,🟢 OK
17,231,45,0.06158679766684677,0,🟢 OK
17,232,44,0.06727746456598971,0,🟢 OK
17,233,43,0.04846284492666364,0,🟢 OK
17,234,42,0.05510691218135938,0,🟢 OK
17,235,41,0.04073054974158452,0,🟢 OK
17,236,40,0.047472062292936046,0,🟢 OK
17,237,39,0.04578690236699118,0,🟢 OK
17,238,38,0.03174187997251687,0,🟢 OK
17,239,37,0.02872771531703383,0,🟢 OK
17,240,36,0.0332393628474989,0,🟢 OK
17,241,35,0.03179055144125653,0,🟢 OK
17,242,34,0.04201776360710624,0,🟢 OK
17,243,33,0.029248991784832756,0,🟢 OK
17,244,32,0.022115964292812262,0,🟢 OK
17,245,31,0.03509199467249552,0,🟢 OK
17,246,30,0.02484603025773896,0,🟢 OK
17,247,29,0.022506785590522327,0,🟢 OK
17,248,28,0.020665998373254557,0,🟢 OK
17,249,27,0.01887286278961603,0,🟢 OK
17,250,26,0.019264034653559747,0,🟢 OK
17,251,25,0.003616946126081544,0,🟢 OK
17,252,24,-0.00862254415671404,1,🟢 OK
17,253,23,-0.02616549766312093,1,🟢 OK
17,254,22,-0.031126049361411723,1,🟢 OK
17,255,21,-0.02247466124332398,1,🟢 OK
17,256,20,-0.022978028866160294,1,🟢 OK
17,257,19,-0.021658835628434292,1,🟢 OK
17,258,18,-0.028416910002775575,1,🟢 OK
17,259,17,-0.021858811142055234,1,🟢 OK
17,260,16,-0.021310388476646125,1,🟢 OK
17,261,15,-0.007801422064777408,1,🟢 OK
17,262,14,-0.00869984583880734,1,🟢 OK
17,263,13,-0.014801810613312427,1,🔴 ALERT
17,264,12,-0.011519960401019214,1,🔴 ALERT
17,265,11,-0.019080589689583483,1,🔴 ALERT
17,266,10,-0.03632420269092651,1,🔴 ALERT
17,267,9,-0.034116257403938754,1,🔴 ALERT
17,268,8,-0.039083780668300094,1,🔴 ALERT
17,269,7,-0.050044729467584315,1,🔴 ALERT
17,270,6,-0.0615581604610409,1,🔴 ALERT
17,271,5,-0.06250651027528364,1,🔴 ALERT
17,272,4,-0.06195860484115978,1,🔴 ALERT
17,273,3,-0.05536573430446956,1,🔴 ALERT
17,274,2,-0.0469413519135381,1,🔴 ALERT
17,275,1,-0.054329039527568956,1,🔴 ALERT
17,276,0,-0.06243177997818661,1,🔴 ALERT
18,1,194,0.06841096314463546,0,🟢 OK
18,2,193,0.00011945286168779656,0,🟢 OK
18,3,192,0.030336058098435092,0,🟢 OK
18,4,191,0.050106884023724096,0,🟢 OK
18,5,190,0.06472903326175689,0,🟢 OK
18,6,189,0.07070827465169166,0,🟢 OK
18,7,188,0.06555255937304316,0,🟢 OK
18,8,187,0.06979504557897853,0,🟢 OK
18,9,186,0.07450508085831403,0,🟢 OK
18,10,185,0.07425852999952742,0,🟢 OK
18,11,184,0.06893698280843191,0,🟢 OK
18,12,183,0.06610122250406775,0,🟢 OK
18,13,182,0.07738892909073658,0,🟢 OK
18,14,181,0.06136466297524901,0,🟢 OK
18,15,180,0.06429824022505704,0,🟢 OK
18,16,179,0.06651097628046887,0,🟢 OK
18,17,178,0.05782160782062784,0,🟢 OK
18,18,177,0.06706541844078917,0,🟢 OK
18,19,176,0.06469547215349919,0,🟢 OK
18,20,175,0.0694507805594749,0,🟢 OK
18,21,174,0.057278292076786586,0,🟢 OK
18,22,173,0.06390250835081163,0,🟢 OK
18,23,172,0.06310343439737648,0,🟢 OK
18,24,171,0.07105289271811227,0,🟢 OK
18,25,170,0.07207287096635129,0,🟢 OK
18,26,169,0.07796928138726772,0,🟢 OK
18,27,168,0.0689780863354913,0,🟢 OK
18,28,167,0.08570227198030644,0,🟢 OK
18,29,166,0.0789374778353536,0,🟢 OK
18,30,165,0.06964883315785914,0,🟢 OK
18,31,164,0.07190388396594666,0,🟢 OK
18,32,163,0.07914601527709486,0,🟢 OK
18,33,162,0.07319706436904688,0,🟢 OK
18,34,161,0.07330288777544886,0,🟢 OK
18,35,160,0.07540683860665948,0,🟢 OK
18,36,159,0.08422591716416489,0,🟢 OK
18,37,158,0.08821344354517402,0,🟢 OK
18,38,157,0.07930946870302708,0,🟢 OK
18,39,156,0.0884102576578632,0,🟢 OK
18,40,155,0.08319046430452098,0,🟢 OK
18,41,154,0.08597977448060606,0,🟢 OK
18,42,153,0.0813466090206818,0,🟢 OK
18,43,152,0.08387672051062611,0,🟢 OK
18,44,151,0.08000935965711481,0,🟢 OK
18,45,150,0.07639210554346454,0,🟢 OK
18,46,149,0.07288237525193192,0,🟢 OK
18,47,148,0.07459034436186329,0,🟢 OK
18,48,147,0.07945908414088065,0,🟢 OK
18,49,146,0.08124280595804795,0,🟢 OK
18,50,145,0.07265395238829936,0,🟢 OK
18,51,144,0.06840770453959805,0,🟢 OK
18,52,143,0.07426780899070401,0,🟢 OK
18,53,142,0.07085139419050246,0,🟢 OK
18,54,141,0.07921704480935093,0,🟢 OK
18,55,140,0.08438260686259808,0,🟢 OK
18,56,139,0.0791036924125576,0,🟢 OK
18,57,138,0.08383902867890214,0,🟢 OK
18,58,137,0.08056339572430404,0,🟢 OK
18,59,136,0.07190706533629165,0,🟢 OK
18,60,135,0.06836055405682373,0,🟢 OK
18,61,134,0.08394282828100119,0,🟢 OK
18,62,133,0.08903610835455916,0,🟢 OK
18,63,132,0.09467615736562962,0,🟢 OK
18,64,131,0.10085721164256423,0,🟢 OK
18,65,130,0.10110927028957123,0,🟢 OK
18,66,129,0.1035597836771801,0,🟢 OK
18,67,128,0.10289995994179363,0,🟢 OK
18,68,127,0.09704875238357275,0,🟢 OK
18,69,126,0.10412450660972616,0,🟢 OK
18,70,125,0.0927763694615601,0,🟢 OK
18,71,124,0.08887353898090983,0,🟢 OK
18,72,123,0.08479351061601359,0,🟢 OK
18,73,122,0.09614260146730941,0,🟢 OK
18,74,121,0.0885187358875053,0,🟢 OK
18,75,120,0.09494391859999468,0,🟢 OK
18,76,119,0.09121796213727862,0,🟢 OK
18,77,118,0.08924727282733508,0,🟢 OK
18,78,117,0.08470875107769588,0,🟢 OK
18,79,116,0.07863296236526451,0,🟢 OK
18,80,115,0.08043319590255471,0,🟢 OK
18,81,114,0.08717523761331164,0,🟢 OK
18,82,113,0.10088623357360188,0,🟢 OK
18,83,112,0.08861362936393191,0,🟢 OK
18,84,111,0.09647320161632794,0,🟢 OK
18,85,110,0.09949051049875585,0,🟢 OK
18,86,109,0.09781833376324722,0,🟢 OK
18,87,108,0.10324128742171107,0,🟢 OK
18,88,107,0.09970886943017743,0,🟢 OK
18,89,106,0.10182458501811353,0,🟢 OK
18,90,105,0.09967196804793976,0,🟢 OK
18,91,104,0.09886379743257395,0,🟢 OK
18,92,103,0.08910157547492725,0,🟢 OK
18,93,102,0.10132344827195494,0,🟢 OK
18,94,101,0.09693603014031998,0,🟢 OK
18,95,100,0.10497233481858537,0,🟢 OK
18,96,99,0.105297903856085,0,🟢 OK
18,97,98,0.09944938470456816,0,🟢 OK
18,98,97,0.10373411635527408,0,🟢 OK
18,99,96,0.09771680480428058,0,🟢 OK
18,100,95,0.10322521379914679,0,🟢 OK
18,101,94,0.11165548856327084,0,🟢 OK
18,102,93,0.09579896136252952,0,🟢 OK
18,103,92,0.09944159301327193,0,🟢 OK
18,104,91,0.096662038531246,0,🟢 OK
18,105,90,0.0916855342195298,0,🟢 OK
18,106,89,0.09431378632188714,0,🟢 OK
18,107,88,0.09312206225170039,0,🟢 OK
18,108,87,0.08959106369596997,0,🟢 OK
18,109,86,0.08483361706703962,0,🟢 OK
18,110,85,0.09059269378907092,0,🟢 OK
18,111,84,0.08527690718868708,0,🟢 OK
18,112,83,0.07584267365835906,0,🟢 OK
18,113,82,0.08166286513733251,0,🟢 OK
18,114,81,0.0778501803685474,0,🟢 OK
18,115,80,0.08683237028445417,0,🟢 OK
18,116,79,0.08119703817136004,0,🟢 OK
18,117,78,0.08450766770620416,0,🟢 OK
18,118,77,0.07835856756651777,0,🟢 OK
18,119,76,0.08089851857780295,0,🟢 OK
18,120,75,0.08522246014208817,0,🟢 OK
18,121,74,0.0791597700807361,0,🟢 OK
18,122,73,0.08751127216819599,0,🟢 OK
18,123,72,0.08510647564829765,0,🟢 OK
18,124,71,0.08379166749420985,0,🟢 OK
18,125,70,0.07651417081728312,0,🟢 OK
18,126,69,0.08044155430108568,0,🟢 OK
18,127,68,0.07799669507460749,0,🟢 OK
18,128,67,0.06445537194379675,0,🟢 OK
18,129,66,0.06612016651818936,0,🟢 OK
18,130,65,0.06701471145082488,0,🟢 OK
18,131,64,0.08109542045687601,0,🟢 OK
18,132,63,0.08227390216348712,0,🟢 OK
18,133,62,0.0637251731492014,0,🟢 OK
18,134,61,0.07462657957651764,0,🟢 OK
18,135,60,0.07336964959723447,0,🟢 OK
18,136,59,0.08862476168048877,0,🟢 OK
18,137,58,0.08977097699253761,0,🟢 OK
18,138,57,0.09420021178649152,0,🟢 OK
18,139,56,0.10424311462533603,0,🟢 OK
18,140,55,0.10131570022594333,0,🟢 OK
18,141,54,0.10569386394557273,0,🟢 OK
18,142,53,0.09996114879719076,0,🟢 OK
18,143,52,0.1045428106937108,0,🟢 OK
18,144,51,0.10267339807035264,0,🟢 OK
18,145,50,0.10291587944927993,0,🟢 OK
18,146,49,0.09779212417532068,0,🟢 OK
18,147,48,0.09849023822003528,0,🟢 OK
18,148,47,0.09834855339791282,0,🟢 OK
18,149,46,0.09565561909154568,0,🟢 OK
18,150,45,0.09887076670090572,0,🟢 OK
18,151,44,0.10070362581687248,0,🟢 OK
18,152,43,0.09457906301937574,0,🟢 OK
18,153,42,0.08946036790436535,0,🟢 OK
18,154,41,0.0807315313745875,0,🟢 OK
18,155,40,0.08965145083619669,0,🟢 OK
18,156,39,0.08757804485281406,0,🟢 OK
18,157,38,0.09799735648425689,0,🟢 OK
18,158,37,0.09028909008677721,0,🟢 OK
18,159,36,0.09077873374384926,0,🟢 OK
18,160,35,0.0767909955154426,0,🟢 OK
18,161,34,0.07067423578629567,0,🟢 OK
18,162,33,0.07129294803652897,0,🟢 OK
18,163,32,0.06909944033616833,0,🟢 OK
18,164,31,0.07195802460861017,0,🟢 OK
18,165,30,0.0722732533384241,0,🟢 OK
18,166,29,0.05975966340855965,0,🟢 OK
18,167,28,0.0768281431804218,0,🟢 OK
18,168,27,0.07320530765031646,0,🟢 OK
18,169,26,0.06299060925067196,0,🟢 OK
18,170,25,0.06250387150026071,0,🟢 OK
18,171,24,0.0698744396065164,0,🟢 OK
18,172,23,0.049865198565629265,0,🟢 OK
18,173,22,0.06313858326795013,0,🟢 OK
18,174,21,0.052630056644556,0,🟢 OK
18,175,20,0.03973514492072766,0,🟢 OK
18,176,19,0.041877452045341934,0,🟢 OK
18,177,18,0.03618963305140027,0,🟢 OK
18,178,17,0.014973545957174483,0,🟢 OK
18,179,16,0.004690602229304286,0,🟢 OK
18,180,15,0.017236913244774332,0,🟢 OK
18,181,14,-0.004665724142095873,1,🟢 OK
18,182,13,-0.0018330590620689868,1,🟢 OK
18,183,12,-0.005689508264988374,1,🟢 OK
18,184,11,-0.036455844866649656,1,🟢 OK
18,185,10,-0.03968416593413315,1,🟢 OK
18,186,9,-0.04167041976753927,1,🟢 OK
18,187,8,-0.06316372716573926,1,🟢 OK
18,188,7,-0.06507162330149974,1,🟢 OK
18,189,6,-0.05427371652569779,1,🟢 OK
18,190,5,-0.059179173056965406,1,🟢 OK
18,191,4,-0.061114585537025645,1,🟢 OK
18,192,3,-0.06887025424543436,1,🟢 OK
18,193,2,-0.08009051237740006,1,🔴 ALERT
18,194,1,-0.07641103926978599,1,🔴 ALERT
18,195,0,-0.10348117667611545,1,🔴 ALERT
19,1,157,0.10559474490076648,0,🟢 OK
19,2,156,0.026213550289215015,0,🟢 OK
19,3,155,0.0480651809093145,0,🟢 OK
19,4,154,0.06182419047949744,0,🟢 OK
19,5,153,0.06716409468250689,0,🟢 OK
19,6,152,0.09368305345476508,0,🟢 OK
19,7,151,0.10062069665880236,0,🟢 OK
19,8,150,0.10477041239511042,0,🟢 OK
19,9,149,0.10401033122623421,0,🟢 OK
19,10,148,0.09786439260299823,0,🟢 OK
19,11,147,0.09892961320071497,0,🟢 OK
19,12,146,0.0955337755055648,0,🟢 OK
19,13,145,0.09110345528703762,0,🟢 OK
19,14,144,0.0889677146824302,0,🟢 OK
19,15,143,0.093960126837138,0,🟢 OK
19,16,142,0.08885630991599458,0,🟢 OK
19,17,141,0.0897693944735461,0,🟢 OK
19,18,140,0.08783818346831723,0,🟢 OK
19,19,139,0.09281950891151364,0,🟢 OK
19,20,138,0.09625108616141753,0,🟢 OK
19,21,137,0.08822623981593847,0,🟢 OK
19,22,136,0.10678336371557451,0,🟢 OK
19,23,135,0.10863017531324898,0,🟢 OK
19,24,134,0.10940299969287343,0,🟢 OK
19,25,133,0.11085429338035135,0,🟢 OK
19,26,132,0.11151792341680322,0,🟢 OK
19,27,131,0.10951850747817071,0,🟢 OK
19,28,130,0.10947665145682595,0,🟢 OK
19,29,129,0.10353556758197857,0,🟢 OK
19,30,128,0.09795691636560194,0,🟢 OK
19,31,127,0.0989210307897122,0,🟢 OK
19,32,126,0.09901362748499903,0,🟢 OK
19,33,125,0.08758327006208899,0,🟢 OK
19,34,124,0.0837043232493131,0,🟢 OK
19,35,123,0.08030288097999738,0,🟢 OK
19,36,122,0.08479301024058972,0,🟢 OK
19,37,121,0.08804008842687439,0,🟢 OK
19,38,120,0.09536674540329648,0,🟢 OK
19,39,119,0.08769012838741808,0,🟢 OK
19,40,118,0.08594223644636911,0,🟢 OK
19,41,117,0.08790965222947134,0,🟢 OK
19,42,116,0.0931648104916874,0,🟢 OK
19,43,115,0.08392547548622442,0,🟢 OK
19,44,114,0.09608149141600875,0,🟢 OK
19,45,113,0.09307352745872577,0,🟢 OK
19,46,112,0.07727759427324071,0,🟢 OK
19,47,111,0.08256009896849098,0,🟢 OK
19,48,110,0.08435223101673506,0,🟢 OK
19,49,109,0.0893945587812146,0,🟢 OK
19,50,108,0.08647708253945713,0,🟢 OK
19,51,107,0.08642426953570931,0,🟢 OK
19,52,106,0.07401893888953376,0,🟢 OK
19,53,105,0.07920908866232229,0,🟢 OK
19,54,104,0.07320935413186697,0,🟢 OK
19,55,103,0.07488333813761261,0,🟢 OK
19,56,102,0.07900194607647765,0,🟢 OK
19,57,101,0.08212233542577696,0,🟢 OK
19,58,100,0.0753060240104369,0,🟢 OK
19,59,99,0.060415902577699965,0,🟢 OK
19,60,98,0.07960885631085957,0,🟢 OK
19,61,97,0.0771286826247985,0,🟢 OK
19,62,96,0.08686113710770094,0,🟢 OK
19,63,95,0.07551849900373775,0,🟢 OK
19,64,94,0.08194734259120395,0,🟢 OK
19,65,93,0.0926404713258101,0,🟢 OK
19,66,92,0.09773139477154924,0,🟢 OK
19,67,91,0.08376027463786673,0,🟢 OK
19,68,90,0.09303402236197494,0,🟢 OK
19,69,89,0.08415371248586595,0,🟢 OK
19,70,88,0.07654068734747849,0,🟢 OK
19,71,87,0.07929728642699102,0,🟢 OK
19,72,86,0.07256972865925193,0,🟢 OK
19,73,85,0.0670052993981301,0,🟢 OK
19,74,84,0.06531039724857823,0,🟢 OK
19,75,83,0.06583070839517935,0,🟢 OK
19,76,82,0.06838476401006932,0,🟢 OK
19,77,81,0.062199631832242586,0,🟢 OK
19,78,80,0.06122265769347557,0,🟢 OK
19,79,79,0.06976854701971102,0,🟢 OK
19,80,78,0.06607203579646631,0,🟢 OK
19,81,77,0.05343729271831099,0,🟢 OK
19,82,76,0.0420981140254964,0,🟢 OK
19,83,75,0.03854914114324626,0,🟢 OK
19,84,74,0.05396197869296304,0,🟢 OK
19,85,73,0.05152853606949487,0,🟢 OK
19,86,72,0.056874545098421325,0,🟢 OK
19,87,71,0.04901114006031848,0,🟢 OK
19,88,70,0.0517523472259066,0,🟢 OK
19,89,69,0.05338360613674192,0,🟢 OK
19,90,68,0.05754571203397496,0,🟢 OK
19,91,67,0.0455126608609594,0,🟢 OK
19,92,66,0.041048408438218664,0,🟢 OK
19,93,65,0.045683493580007006,0,🟢 OK
19,94,64,0.053176369090563225,0,🟢 OK
19,95,63,0.06110838335595242,0,🟢 OK
19,96,62,0.05245078644199175,0,🟢 OK
19,97,61,0.05340244883104267,0,🟢 OK
19,98,60,0.06139942925452935,0,🟢 OK
19,99,59,0.05594227569982857,0,🟢 OK
19,100,58,0.06302532070759326,0,🟢 OK
19,101,57,0.05257492242001349,0,🟢 OK
19,102,56,0.04978057375064854,0,🟢 OK
19,103,55,0.047275756606041,0,🟢 OK
19,104,54,0.042894893307069804,0,🟢 OK
19,105,53,0.041392939826220554,0,🟢 OK
19,106,52,0.028106918805694936,0,🟢 OK
19,107,51,0.02346359443019641,0,🟢 OK
19,108,50,0.03073229508082559,0,🟢 OK
19,109,49,0.018255450724763145,0,🟢 OK
19,110,48,0.0263531933759123,0,🟢 OK
19,111,47,0.02982449352791633,0,🟢 OK
19,112,46,0.026924154562275593,0,🟢 OK
19,113,45,0.014170087943634668,0,🟢 OK
19,114,44,0.015337770661363992,0,🟢 OK
19,115,43,0.013730213175386585,0,🟢 OK
19,116,42,0.008459185944680814,0,🟢 OK
19,117,41,0.00637220935607663,0,🟢 OK
19,118,40,0.0036320762038009047,0,🟢 OK
19,119,39,0.006821674762537089,0,🟢 OK
19,120,38,0.011092715098066475,0,🟢 OK
19,121,37,0.0008844143457307219,0,🟢 OK
19,122,36,-0.0064257852260687365,1,🟢 OK
19,123,35,-0.01863335082045814,1,🟢 OK
19,124,34,-0.02941659578204936,1,🟢 OK
19,125,33,-0.02212743972919229,1,🟢 OK
19,126,32,-0.011489554402143387,1,🟢 OK
19,127,31,-0.014373671141393651,1,🟢 OK
19,128,30,-0.017790963434580753,1,🟢 OK
19,129,29,-0.017160370607710473,1,🟢 OK
19,130,28,-0.025716341545270804,1,🟢 OK
19,131,27,-0.01918836573347993,1,🟢 OK
19,132,26,-0.01310713759445703,1,🟢 OK
19,133,25,-0.01283577801265079,1,🔴 ALERT
19,134,24,-0.010989314076856993,1,🔴 ALERT
19,135,23,-0.020436203587026358,1,🔴 ALERT
19,136,22,-0.028311136983241614,1,🔴 ALERT
19,137,21,-0.030708401395572626,1,🔴 ALERT
19,138,20,-0.05153979106272344,1,🔴 ALERT
19,139,19,-0.04864061227408234,1,🔴 ALERT
19,140,18,-0.04911448818874786,1,🔴 ALERT
19,141,17,-0.0538906922735688,1,🔴 ALERT
19,142,16,-0.06228981803298461,1,🔴 ALERT
19,143,15,-0.055036464247690486,1,🔴 ALERT
19,144,14,-0.03348436855419046,1,🔴 ALERT
19,145,13,-0.04729511220666982,1,🔴 ALERT
19,146,12,-0.029942076526082606,1,🔴 ALERT
19,147,11,-0.02928832754808064,1,🔴 ALERT
19,148,10,-0.04511455504063311,1,🔴 ALERT
19,149,9,-0.04834036305689604,1,🔴 ALERT
19,150,8,-0.04648843985611817,1,🔴 ALERT
19,151,7,-0.05275236806098471,1,🔴 ALERT
19,152,6,-0.03783927286738731,1,🔴 ALERT
19,153,5,-0.04597122657886721,1,🔴 ALERT
19,154,4,-0.04716203877313363,1,🔴 ALERT
19,155,3,-0.037225985936212846,1,🔴 ALERT
19,156,2,-0.03562217608495377,1,🔴 ALERT
19,157,1,-0.0331915771037129,1,🔴 ALERT
19,158,0,-0.023517486178101232,1,🔴 ALERT
20,1,233,0.11505141606047697,0,🟢 OK
20,2,232,0.03663976095616933,0,🟢 OK
20,3,231,0.06067217018084847,0,🟢 OK
20,4,230,0.09072679564083447,0,🟢 OK
20,5,229,0.10009334718574014,0,🟢 OK
20,6,228,0.10929665655617504,0,🟢 OK
20,7,227,0.10125231344371544,0,🟢 OK
20,8,226,0.10969547753262188,0,🟢 OK
20,9,225,0.11461895399924088,0,🟢 OK
20,10,224,0.11547430358910354,0,🟢 OK
20,11,223,0.10914886834763515,0,🟢 OK
20,12,222,0.10540107264520654,0,🟢 OK
20,13,221,0.11684000801470246,0,🟢 OK
20,14,220,0.11196507654359794,0,🟢 OK
20,15,219,0.12213135351851734,0,🟢 OK
20,16,218,0.1333698923872011,0,🟢 OK
20,17,217,0.12601008290909782,0,🟢 OK
20,18,216,0.1174848893171489,0,🟢 OK
20,19,215,0.12258169505845001,0,🟢 OK
20,20,214,0.11998170433759786,0,🟢 OK
20,21,213,0.12322422489898344,0,🟢 OK
20,22,212,0.12792700255445844,0,🟢 OK
20,23,211,0.12522550065180205,0,🟢 OK
20,24,210,0.12552877688954828,0,🟢 OK
20,25,209,0.1291359956594229,0,🟢 OK
20,26,208,0.12612312427441003,0,🟢 OK
20,27,207,0.11509824312532352,0,🟢 OK
20,28,206,0.1175875341308274,0,🟢 OK
20,29,205,0.1215881698561691,0,🟢 OK
20,30,204,0.11324824578937148,0,🟢 OK
20,31,203,0.11553284096633631,0,🟢 OK
20,32,202,0.1219542860011234,0,🟢 OK
20,33,201,0.13005497245103403,0,🟢 OK
20,34,200,0.13256972042455617,0,🟢 OK
20,35,199,0.12401354052312175,0,🟢 OK
20,36,198,0.12841637899235492,0,🟢 OK
20,37,197,0.12430164397460386,0,🟢 OK
20,38,196,0.12399586528450673,0,🟢 OK
20,39,195,0.12215193784757628,0,🟢 OK
20,40,194,0.12903894321526643,0,🟢 OK
20,41,193,0.1201390086563009,0,🟢 OK
20,42,192,0.1143782769347727,0,🟢 OK
20,43,191,0.11998301489832686,0,🟢 OK
20,44,190,0.10941274331878986,0,🟢 OK
20,45,189,0.11151625367724172,0,🟢 OK
20,46,188,0.11285535427543353,0,🟢 OK
20,47,187,0.12455760372286417,0,🟢 OK
20,48,186,0.11769792862309225,0,🟢 OK
20,49,185,0.12467960581400833,0,🟢 OK
20,50,184,0.12667211922553617,0,🟢 OK
20,51,183,0.13923667140117585,0,🟢 OK
20,52,182,0.13374694827570138,0,🟢 OK
20,53,181,0.13313339657882034,0,🟢 OK
20,54,180,0.12449308979290358,0,🟢 OK
20,55,179,0.12858167807143378,0,🟢 OK
20,56,178,0.12355802998707094,0,🟢 OK
20,57,177,0.12790385602055215,0,🟢 OK
20,58,176,0.12775047769864661,0,🟢 OK
20,59,175,0.123775548325602,0,🟢 OK
20,60,174,0.11981239048673115,0,🟢 OK
20,61,173,0.12084091358431603,0,🟢 OK
20,62,172,0.11841566123382485,0,🟢 OK
20,63,171,0.13235286782538108,0,🟢 OK
20,64,170,0.13051820485127436,0,🟢 OK
20,65,169,0.11834988977592814,0,🟢 OK
20,66,168,0.10639500087336845,0,🟢 OK
20,67,167,0.12321275378068641,0,🟢 OK
20,68,166,0.11780194251651921,0,🟢 OK
20,69,165,0.1217430498386603,0,🟢 OK
20,70,164,0.12044069940165081,0,🟢 OK
20,71,163,0.1108109037134099,0,🟢 OK
20,72,162,0.10796152157785271,0,🟢 OK
20,73,161,0.11288452646184455,0,🟢 OK
20,74,160,0.10890235039584067,0,🟢 OK
20,75,159,0.12475145513682528,0,🟢 OK
20,76,158,0.12211517857660459,0,🟢 OK
20,77,157,0.11877084233593249,0,🟢 OK
20,78,156,0.12164762353322794,0,🟢 OK
20,79,155,0.11861753365204364,0,🟢 OK
20,80,154,0.12862516875847962,0,🟢 OK
20,81,153,0.1186339716942797,0,🟢 OK
20,82,152,0.1275233917176956,0,🟢 OK
20,83,151,0.12184243185623589,0,🟢 OK
20,84,150,0.10559373685840134,0,🟢 OK
20,85,149,0.10803717937240015,0,🟢 OK
20,86,148,0.10463858037826035,0,🟢 OK
20,87,147,0.11088289505789756,0,🟢 OK
20,88,146,0.11937084364928019,0,🟢 OK
20,89,145,0.10712320276767939,0,🟢 OK
20,90,144,0.1001987669712876,0,🟢 OK
20,91,143,0.09907607390430506,0,🟢 OK
20,92,142,0.09808932894074407,0,🟢 OK
20,93,141,0.11420039305160995,0,🟢 OK
20,94,140,0.11434480252807366,0,🟢 OK
20,95,139,0.10575875104443305,0,🟢 OK
20,96,138,0.10403828285590772,0,🟢 OK
20,97,137,0.09612965668925982,0,🟢 OK
20,98,136,0.10284122782887833,0,🟢 OK
20,99,135,0.10068040694009078,0,🟢 OK
20,100,134,0.1047146579912725,0,🟢 OK
20,101,133,0.10804135036397167,0,🟢 OK
20,102,132,0.11494968337648409,0,🟢 OK
20,103,131,0.11485086702691,0,🟢 OK
20,104,130,0.1015000123325418,0,🟢 OK
20,105,129,0.10869297664064931,0,🟢 OK
20,106,128,0.11757606474199012,0,🟢 OK
20,107,127,0.11675051785688484,0,🟢 OK
20,108,126,0.11855159302970097,0,🟢 OK
20,109,125,0.120733500398574,0,🟢 OK
20,110,124,0.11716899379973994,0,🟢 OK
20,111,123,0.11727820533645511,0,🟢 OK
20,112,122,0.1152297625622179,0,🟢 OK
20,113,121,0.11595686397896304,0,🟢 OK
20,114,120,0.11405541576329647,0,🟢 OK
20,115,119,0.10977307346287096,0,🟢 OK
20,116,118,0.09742716966642473,0,🟢 OK
20,117,117,0.10614127323712114,0,🟢 OK
20,118,116,0.09082652723648327,0,🟢 OK
20,119,115,0.09365549781690524,0,🟢 OK
20,120,114,0.09240965099685267,0,🟢 OK
20,121,113,0.09558391033217933,0,🟢 OK
20,122,112,0.09643114467846509,0,🟢 OK
20,123,111,0.10158790088824121,0,🟢 OK
20,124,110,0.10707473676715984,0,🟢 OK
20,125,109,0.10529086189013148,0,🟢 OK
20,126,108,0.10728133201814022,0,🟢 OK
20,127,107,0.09513056794544356,0,🟢 OK
20,128,106,0.09226089820562866,0,🟢 OK
20,129,105,0.09930203120004932,0,🟢 OK
20,130,104,0.10256146195553284,0,🟢 OK
20,131,103,0.0896071421940568,0,🟢 OK
20,132,102,0.08597059314527711,0,🟢 OK
20,133,101,0.08543374679981519,0,🟢 OK
20,134,100,0.08881560726578586,0,🟢 OK
20,135,99,0.09322371773269489,0,🟢 OK
20,136,98,0.1023371792091129,0,🟢 OK
20,137,97,0.09950472070054783,0,🟢 OK
20,138,96,0.09552740818945349,0,🟢 OK
20,139,95,0.08778115366872008,0,🟢 OK
20,140,94,0.0843929823346361,0,🟢 OK
20,141,93,0.08058402957553146,0,🟢 OK
20,142,92,0.08035186248046022,0,🟢 OK
20,143,91,0.08651111324307514,0,🟢 OK
20,144,90,0.0816410998047793,0,🟢 OK
20,145,89,0.07978438279601474,0,🟢 OK
20,146,88,0.07790484583887375,0,🟢 OK
20,147,87,0.08417006083691159,0,🟢 OK
20,148,86,0.08402517527349296,0,🟢 OK
20,149,85,0.07722395842245294,0,🟢 OK
20,150,84,0.07833679565156143,0,🟢 OK
20,151,83,0.0779283115266729,0,🟢 OK
20,152,82,0.07265671881212027,0,🟢 OK
20,153,81,0.06787413339710696,0,🟢 OK
20,154,80,0.08428486880761032,0,🟢 OK
20,155,79,0.06893756708116888,0,🟢 OK
20,156,78,0.06764298272575359,0,🟢 OK
20,157,77,0.06701336495499532,0,🟢 OK
20,158,76,0.06851611537213853,0,🟢 OK
20,159,75,0.08079228839114572,0,🟢 OK
20,160,74,0.06255751002271781,0,🟢 OK
20,161,73,0.06864325330819226,0,🟢 OK
20,162,72,0.07694798367095729,0,🟢 OK
20,163,71,0.06946204379373694,0,🟢 OK
20,164,70,0.052877030831164684,0,🟢 OK
20,165,69,0.04139065226384386,0,🟢 OK
20,166,68,0.03744840896595508,0,🟢 OK
20,167,67,0.03755761251275813,0,🟢 OK
20,168,66,0.03619107830422419,0,🟢 OK
20,169,65,0.03605954581351645,0,🟢 OK
20,170,64,0.06624254858746259,0,🟢 OK
20,171,63,0.0648123637374376,0,🟢 OK
20,172,62,0.06571587554854746,0,🟢 OK
20,173,61,0.06073143133188158,0,🟢 OK
20,174,60,0.052374977462669337,0,🟢 OK
20,175,59,0.048266241574376034,0,🟢 OK
20,176,58,0.05049366108520853,0,🟢 OK
20,177,57,0.03429845225251804,0,🟢 OK
20,178,56,0.03372357502095119,0,🟢 OK
20,179,55,0.0279525820296308,0,🟢 OK
20,180,54,0.034603152095405376,0,🟢 OK
20,181,53,0.009082082263800029,0,🟢 OK
20,182,52,0.006304627036135102,0,🟢 OK
20,183,51,0.004464709749344875,0,🟢 OK
20,184,50,0.005742572208273455,0,🟢 OK
20,185,49,0.0025827544015070147,0,🟢 OK
20,186,48,0.002890067011422137,0,🟢 OK
20,187,47,0.006410058408284791,0,🟢 OK
20,188,46,-0.004035937137612078,1,🟢 OK
20,189,45,-0.008726682323463741,1,🟢 OK
20,190,44,-0.0081588523910473,1,🟢 OK
20,191,43,-0.009535042224151469,1,🟢 OK
20,192,42,-0.018913537031370664,1,🟢 OK
20,193,41,-0.021715580603624995,1,🟢 OK
20,194,40,-0.021967223566567995,1,🟢 OK
20,195,39,-0.025664987513921766,1,🟢 OK
20,196,38,-0.0158966013764259,1,🟢 OK
20,197,37,-0.017751946408939512,1,🟢 OK
20,198,36,-0.015782081299366535,1,🟢 OK
20,199,35,-0.015360372572012282,1,🟢 OK
20,200,34,-0.022829149852147013,1,🔴 ALERT
20,201,33,-0.024976646210521092,1,🔴 ALERT
20,202,32,-0.022518571398846277,1,🔴 ALERT
20,203,31,-0.01697984864467983,1,🔴 ALERT
20,204,30,-0.03158677176348035,1,🔴 ALERT
20,205,29,-0.031852727308896656,1,🔴 ALERT
20,206,28,-0.03471151728084343,1,🔴 ALERT
20,207,27,-0.03328898711231931,1,🔴 ALERT
20,208,26,-0.03442561927856258,1,🔴 ALERT
20,209,25,-0.035249140628970554,1,🔴 ALERT
20,210,24,-0.03710061273517162,1,🔴 ALERT
20,211,23,-0.03405857775021115,1,🔴 ALERT
20,212,22,-0.032782282977397714,1,🔴 ALERT
20,213,21,-0.026001651442270846,1,🔴 ALERT
20,214,20,-0.019517802977521592,1,🔴 ALERT
20,215,19,-0.022657104354348645,1,🔴 ALERT
20,216,18,-0.025636273408192634,1,🔴 ALERT
20,217,17,-0.02315794585801212,1,🔴 ALERT
20,218,16,-0.028382001830069337,1,🔴 ALERT
20,219,15,-0.033999597690524075,1,🔴 ALERT
20,220,14,-0.035643653441373546,1,🔴 ALERT
20,221,13,-0.032031494103108904,1,🔴 ALERT
20,222,12,-0.024001362899127354,1,🔴 ALERT
20,223,11,-0.02310201158794256,1,🔴 ALERT
20,224,10,-0.029836405137989686,1,🔴 ALERT
20,225,9,-0.027600583940577295,1,🔴 ALERT
20,226,8,-0.028512165238029352,1,🔴 ALERT
20,227,7,-0.031594378894385544,1,🔴 ALERT
20,228,6,-0.031266273798551625,1,🔴 ALERT
20,229,5,-0.038623765409171895,1,🔴 ALERT
20,230,4,-0.03383314253531733,1,🔴 ALERT
20,231,3,-0.03292886154106023,1,🔴 ALERT
20,232,2,-0.029508952766749252,1,🔴 ALERT
20,233,1,-0.04444723551285845,1,🔴 ALERT
20,234,0,-0.033291121086343245,1,🔴 ALERT
21,1,194,0.10413064793262117,0,🟢 OK
21,2,193,0.027962371916372852,0,🟢 OK
21,3,192,0.07621963050512437,0,🟢 OK
21,4,191,0.08254864933430617,0,🟢 OK
21,5,190,0.09469412009657652,0,🟢 OK
21,6,189,0.08721729004613293,0,🟢 OK
21,7,188,0.09315812212515634,0,🟢 OK
21,8,187,0.09188092309465334,0,🟢 OK
21,9,186,0.09149530857243837,0,🟢 OK
21,10,185,0.09748849744769306,0,🟢 OK
21,11,184,0.0968813401716222,0,🟢 OK
21,12,183,0.10404559256076157,0,🟢 OK
21,13,182,0.10565482121525832,0,🟢 OK
21,14,181,0.11387006368298469,0,🟢 OK
21,15,180,0.1145723386625832,0,🟢 OK
21,16,179,0.12495519308985353,0,🟢 OK
21,17,178,0.11281975210490164,0,🟢 OK
21,18,177,0.10671210220714344,0,🟢 OK
21,19,176,0.10676232458490137,0,🟢 OK
21,20,175,0.10824173743543797,0,🟢 OK
21,21,174,0.10543678660539513,0,🟢 OK
21,22,173,0.09673247738469143,0,🟢 OK
21,23,172,0.11004569508934875,0,🟢 OK
21,24,171,0.110379357404427,0,🟢 OK
21,25,170,0.11386331191088173,0,🟢 OK
21,26,169,0.1126579349699195,0,🟢 OK
21,27,168,0.11111765280631253,0,🟢 OK
21,28,167,0.11033814428959154,0,🟢 OK
21,29,166,0.11806942794096487,0,🟢 OK
21,30,165,0.12446979046998197,0,🟢 OK
21,31,164,0.12904008003287787,0,🟢 OK
21,32,163,0.12060576216732677,0,🟢 OK
21,33,162,0.10828175620789021,0,🟢 OK
21,34,161,0.11332730964808191,0,🟢 OK
21,35,160,0.1136603515510311,0,🟢 OK
21,36,159,0.11514085061429191,0,🟢 OK
21,37,158,0.11513121008915739,0,🟢 OK
21,38,157,0.11582982647729656,0,🟢 OK
21,39,156,0.10686880923952352,0,🟢 OK
21,40,155,0.10361823877071236,0,🟢 OK
21,41,154,0.09741051717820981,0,🟢 OK
21,42,153,0.09222575363997004,0,🟢 OK
21,43,152,0.09886526998572248,0,🟢 OK
21,44,151,0.10995998847117172,0,🟢 OK
21,45,150,0.11289732598253344,0,🟢 OK
21,46,149,0.11122995524960294,0,🟢 OK
21,47,148,0.10678904684018087,0,🟢 OK
21,48,147,0.11161282972857062,0,🟢 OK
21,49,146,0.10626566881451022,0,🟢 OK
21,50,145,0.10929676199610205,0,🟢 OK
21,51,144,0.10061283812719019,0,🟢 OK
21,52,143,0.11287396299630703,0,🟢 OK
21,53,142,0.09916728257391655,0,🟢 OK
21,54,141,0.09955870487686053,0,🟢 OK
21,55,140,0.10299734454330256,0,🟢 OK
21,56,139,0.1054429244536444,0,🟢 OK
21,57,138,0.10035723451413159,0,🟢 OK
21,58,137,0.10848946580294777,0,🟢 OK
21,59,136,0.10416105708857293,0,🟢 OK
21,60,135,0.10437387892047417,0,🟢 OK
21,61,134,0.09889372112592587,0,🟢 OK
21,62,133,0.08741298447513679,0,🟢 OK
21,63,132,0.09467507319353813,0,🟢 OK
21,64,131,0.11229310233355233,0,🟢 OK
21,65,130,0.11847344678798283,0,🟢 OK
21,66,129,0.12437094242122515,0,🟢 OK
21,67,128,0.13200488221713969,0,🟢 OK
21,68,127,0.12826969167719504,0,🟢 OK
21,69,126,0.11831377930200293,0,🟢 OK
21,70,125,0.12077273983093673,0,🟢 OK
21,71,124,0.11642539632301724,0,🟢 OK
21,72,123,0.11888424742749526,0,🟢 OK
21,73,122,0.12361401067367489,0,🟢 OK
21,74,121,0.11962101955754517,0,🟢 OK
21,75,120,0.1185388323160555,0,🟢 OK
21,76,119,0.11779816108819852,0,🟢 OK
21,77,118,0.10857349837520186,0,🟢 OK
21,78,117,0.11100533614307018,0,🟢 OK
21,79,116,0.11191028325785657,0,🟢 OK
21,80,115,0.11925112745478472,0,🟢 OK
21,81,114,0.11064952391506233,0,🟢 OK
21,82,113,0.11201875615822882,0,🟢 OK
21,83,112,0.11486988096258344,0,🟢 OK
21,84,111,0.11536689995666694,0,🟢 OK
21,85,110,0.11846641627105081,0,🟢 OK
21,86,109,0.10791670428193983,0,🟢 OK
21,87,108,0.10751494482368595,0,🟢 OK
21,88,107,0.11164195055087739,0,🟢 OK
21,89,106,0.09297257742258541,0,🟢 OK
21,90,105,0.11214966343362481,0,🟢 OK
21,91,104,0.11674463693993908,0,🟢 OK
21,92,103,0.1129762438698324,0,🟢 OK
21,93,102,0.11318388630006504,0,🟢 OK
21,94,101,0.11552310676500055,0,🟢 OK
21,95,100,0.12130874676776215,0,🟢 OK
21,96,99,0.12277824673941956,0,🟢 OK
21,97,98,0.1157765671798816,0,🟢 OK
21,98,97,0.12189960390540622,0,🟢 OK
21,99,96,0.1124161762122382,0,🟢 OK
21,100,95,0.11746018883705828,0,🟢 OK
21,101,94,0.11502684234065014,0,🟢 OK
21,102,93,0.11378741876994003,0,🟢 OK
21,103,92,0.12540455337830186,0,🟢 OK
21,104,91,0.12385508735937523,0,🟢 OK
21,105,90,0.11336576189873437,0,🟢 OK
21,106,89,0.08119351608998698,0,🟢 OK
21,107,88,0.07812143776990593,0,🟢 OK
21,108,87,0.0748883729716805,0,🟢 OK
21,109,86,0.08802909909273643,0,🟢 OK
21,110,85,0.09986036930055575,0,🟢 OK
21,111,84,0.0971303183868259,0,🟢 OK
21,112,83,0.09593062495432442,0,🟢 OK
21,113,82,0.0922078281558027,0,🟢 OK
21,114,81,0.09375821573353421,0,🟢 OK
21,115,80,0.10293824115600653,0,🟢 OK
21,116,79,0.10877971742556419,0,🟢 OK
21,117,78,0.11529894947283398,0,🟢 OK
21,118,77,0.10427759867345993,0,🟢 OK
21,119,76,0.11270931953353175,0,🟢 OK
21,120,75,0.11511080001218282,0,🟢 OK
21,121,74,0.09748203204710265,0,🟢 OK
21,122,73,0.09291870545220199,0,🟢 OK
21,123,72,0.08380605260741442,0,🟢 OK
21,124,71,0.08271496201577683,0,🟢 OK
21,125,70,0.09287623339202516,0,🟢 OK
21,126,69,0.08073066953095298,0,🟢 OK
21,127,68,0.08591638245202737,0,🟢 OK
21,128,67,0.10338114432545803,0,🟢 OK
21,129,66,0.0988396022707404,0,🟢 OK
21,130,65,0.09720279947651778,0,🟢 OK
21,131,64,0.10656178132110528,0,🟢 OK
21,132,63,0.11613655657021477,0,🟢 OK
21,133,62,0.11383796462233459,0,🟢 OK
21,134,61,0.10582784424386626,0,🟢 OK
21,135,60,0.10248500732364124,0,🟢 OK
21,136,59,0.0994656834747179,0,🟢 OK
21,137,58,0.0955378778400866,0,🟢 OK
21,138,57,0.10462052832592567,0,🟢 OK
21,139,56,0.1104373902138322,0,🟢 OK
21,140,55,0.10654726967602207,0,🟢 OK
21,141,54,0.10434248022601283,0,🟢 OK
21,142,53,0.09677967070336585,0,🟢 OK
21,143,52,0.09511309512112676,0,🟢 OK
21,144,51,0.08640184009711505,0,🟢 OK
21,145,50,0.07546943867252476,0,🟢 OK
21,146,49,0.07063023729052703,0,🟢 OK
21,147,48,0.06519984294705589,0,🟢 OK
21,148,47,0.06946691755286938,0,🟢 OK
21,149,46,0.0629902802094156,0,🟢 OK
21,150,45,0.0547845192503047,0,🟢 OK
21,151,44,0.04613782155777485,0,🟢 OK
21,152,43,0.04172931174879646,0,🟢 OK
21,153,42,0.04848235428121983,0,🟢 OK
21,154,41,0.05675953791604477,0,🟢 OK
21,155,40,0.05456324217276198,0,🟢 OK
21,156,39,0.05837798641630887,0,🟢 OK
21,157,38,0.031556497496592784,0,🟢 OK
21,158,37,0.02631049945896774,0,🟢 OK
21,159,36,0.036438055726358,0,🟢 OK
21,160,35,0.028633499052782396,0,🟢 OK
21,161,34,0.021562411818439875,0,🟢 OK
21,162,33,0.02302385687448899,0,🟢 OK
21,163,32,0.03018311629542303,0,🟢 OK
21,164,31,0.02955850427084683,0,🟢 OK
21,165,30,0.02025811279044415,0,🟢 OK
21,166,29,0.02757390222679068,0,🟢 OK
21,167,28,0.02402450427908287,0,🟢 OK
21,168,27,0.014550336520818885,0,🟢 OK
21,169,26,0.017449305212294264,0,🟢 OK
21,170,25,0.012003792624726617,0,🟢 OK
21,171,24,0.008437478519237207,0,🟢 OK
21,172,23,0.014046935089256085,0,🟢 OK
21,173,22,0.009686920370993723,0,🟢 OK
21,174,21,-0.00044318902008355643,1,🟢 OK
21,175,20,-0.004631413731588929,1,🟢 OK
21,176,19,-0.00029451724546869507,1,🟢 OK
21,177,18,-0.006493231048322445,1,🟢 OK
21,178,17,-0.002790202913287021,1,🟢 OK
21,179,16,-0.00842416523408096,1,🟢 OK
21,180,15,-0.012297605784995724,1,🟢 OK
21,181,14,-0.011557145923158263,1,🟢 OK
21,182,13,-0.033909411302221804,1,🟢 OK
21,183,12,-0.037104865112544516,1,🟢 OK
21,184,11,-0.038501800977558176,1,🟢 OK
21,185,10,-0.03691416701831984,1,🟢 OK
21,186,9,-0.042365961455156254,1,🟢 OK
21,187,8,-0.048964553292360935,1,🟢 OK
21,188,7,-0.05646185392794412,1,🟢 OK
21,189,6,-0.0656343625641741,1,🔴 ALERT
21,190,5,-0.06908762461023843,1,🔴 ALERT
21,191,4,-0.06076796571023557,1,🔴 ALERT
21,192,3,-0.058279380927575675,1,🔴 ALERT
21,193,2,-0.051404371030082,1,🔴 ALERT
21,194,1,-0.059055681808381943,1,🔴 ALERT
21,195,0,-0.06390138726249206,1,🔴 ALERT
22,1,201,0.11333090929359213,0,🟢 OK
22,2,200,0.01950468521332216,0,🟢 OK
22,3,199,0.053275408984627515,0,🟢 OK
22,4,198,0.08685356440260888,0,🟢 OK
22,5,197,0.08903736023702619,0,🟢 OK
22,6,196,0.09634051033778268,0,🟢 OK
22,7,195,0.10015108111549376,0,🟢 OK
22,8,194,0.09957164558504722,0,🟢 OK
22,9,193,0.09500833888365928,0,🟢 OK
22,10,192,0.09235419536575318,0,🟢 OK
22,11,191,0.08595026892277108,0,🟢 OK
22,12,190,0.08476585812602594,0,🟢 OK
22,13,189,0.08984026229383796,0,🟢 OK
22,14,188,0.08184931849906452,0,🟢 OK
22,15,187,0.06851370233026893,0,🟢 OK
22,16,186,0.06580053309064804,0,🟢 OK
22,17,185,0.08076191795579724,0,🟢 OK
22,18,184,0.07224764797090438,0,🟢 OK
22,19,183,0.0626117153066022,0,🟢 OK
22,20,182,0.07357184650586523,0,🟢 OK
22,21,181,0.07459618534492984,0,🟢 OK
22,22,180,0.07972132435302975,0,🟢 OK
22,23,179,0.08433937359360771,0,🟢 OK
22,24,178,0.0877585466470116,0,🟢 OK
22,25,177,0.08053913920682437,0,🟢 OK
22,26,176,0.08699616491472767,0,🟢 OK
22,27,175,0.0737203592175163,0,🟢 OK
22,28,174,0.07930300324701184,0,🟢 OK
22,29,173,0.07250902008618232,0,🟢 OK
22,30,172,0.07886230652906429,0,🟢 OK
22,31,171,0.08836651576953303,0,🟢 OK
22,32,170,0.08647927675439882,0,🟢 OK
22,33,169,0.08325669442243983,0,🟢 OK
22,34,168,0.07417786406754812,0,🟢 OK
22,35,167,0.07888348650823729,0,🟢 OK
22,36,166,0.07832863389818118,0,🟢 OK
22,37,165,0.08848120238919499,0,🟢 OK
22,38,164,0.08643908443729115,0,🟢 OK
22,39,163,0.069919122715916,0,🟢 OK
22,40,162,0.07479679364983238,0,🟢 OK
22,41,161,0.06389544084713372,0,🟢 OK
22,42,160,0.06401187590180885,0,🟢 OK
22,43,159,0.07478155105470868,0,🟢 OK
22,44,158,0.07456372708693343,0,🟢 OK
22,45,157,0.07653311412288738,0,🟢 OK
22,46,156,0.06592043438491535,0,🟢 OK
22,47,155,0.05639390299819197,0,🟢 OK
22,48,154,0.06368119949350382,0,🟢 OK
22,49,153,0.06271569657336395,0,🟢 OK
22,50,152,0.0643426035022917,0,🟢 OK
22,51,151,0.06604241301313601,0,🟢 OK
22,52,150,0.06897273895379336,0,🟢 OK
22,53,149,0.07378076302404035,0,🟢 OK
22,54,148,0.0724999661898782,0,🟢 OK
22,55,147,0.06586515023534645,0,🟢 OK
22,56,146,0.06841890600421596,0,🟢 OK
22,57,145,0.07140587276754973,0,🟢 OK
22,58,144,0.06330619624205025,0,🟢 OK
22,59,143,0.07240287210665713,0,🟢 OK
22,60,142,0.06507962098604025,0,🟢 OK
22,61,141,0.06626702265814538,0,🟢 OK
22,62,140,0.05149349572936246,0,🟢 OK
22,63,139,0.057075309102850524,0,🟢 OK
22,64,138,0.0599016309981697,0,🟢 OK
22,65,137,0.07430588558588952,0,🟢 OK
22,66,136,0.0737010570631712,0,🟢 OK
22,67,135,0.07673068625234869,0,🟢 OK
22,68,134,0.08954017237841322,0,🟢 OK
22,69,133,0.07767690795631171,0,🟢 OK
22,70,132,0.06922703082977683,0,🟢 OK
22,71,131,0.06981443895609546,0,🟢 OK
22,72,130,0.08253857243978768,0,🟢 OK
22,73,129,0.07471445837183399,0,🟢 OK
22,74,128,0.06419067253436073,0,🟢 OK
22,75,127,0.06160000420798167,0,🟢 OK
22,76,126,0.07623295778589245,0,🟢 OK
22,77,125,0.06527354141345754,0,🟢 OK
22,78,124,0.06246999015706017,0,🟢 OK
22,79,123,0.07753236775832051,0,🟢 OK
22,80,122,0.07390476851641026,0,🟢 OK
22,81,121,0.08036763275353159,0,🟢 OK
22,82,120,0.07583409648205813,0,🟢 OK
22,83,119,0.07870716769147368,0,🟢 OK
22,84,118,0.07957447561472603,0,🟢 OK
22,85,117,0.0655220575535338,0,🟢 OK
22,86,116,0.0817871838960269,0,🟢 OK
22,87,115,0.0847108835669998,0,🟢 OK
22,88,114,0.08507290675251533,0,🟢 OK
22,89,113,0.08090753878183943,0,🟢 OK
22,90,112,0.08171453294469117,0,🟢 OK
22,91,111,0.08041729536776338,0,🟢 OK
22,92,110,0.08337714860680967,0,🟢 OK
22,93,109,0.07825984116586776,0,🟢 OK
22,94,108,0.07678786876107074,0,🟢 OK
22,95,107,0.0665106129279347,0,🟢 OK
22,96,106,0.07042662911155717,0,🟢 OK
22,97,105,0.0724926066759447,0,🟢 OK
22,98,104,0.06756968002664926,0,🟢 OK
22,99,103,0.05172766700161607,0,🟢 OK
22,100,102,0.05285942769330826,0,🟢 OK
22,101,101,0.052895304426765655,0,🟢 OK
22,102,100,0.05911688997829212,0,🟢 OK
22,103,99,0.0671862659726386,0,🟢 OK
22,104,98,0.080584734686249,0,🟢 OK
22,105,97,0.06977015736906367,0,🟢 OK
22,106,96,0.06733637054194613,0,🟢 OK
22,107,95,0.06777876463617533,0,🟢 OK
22,108,94,0.054901219296676795,0,🟢 OK
22,109,93,0.06332963745376674,0,🟢 OK
22,110,92,0.05814721568705988,0,🟢 OK
22,111,91,0.060574224731974935,0,🟢 OK
22,112,90,0.05443549662033048,0,🟢 OK
22,113,89,0.04732478363507425,0,🟢 OK
22,114,88,0.05178162817689469,0,🟢 OK
22,115,87,0.050335808701561735,0,🟢 OK
22,116,86,0.04743235340444324,0,🟢 OK
22,117,85,0.05215989298966017,0,🟢 OK
22,118,84,0.04485720178722147,0,🟢 OK
22,119,83,0.034667872185522364,0,🟢 OK
22,120,82,0.03987136789564427,0,🟢 OK
22,121,81,0.04707554131778785,0,🟢 OK
22,122,80,0.0377146236872169,0,🟢 OK
22,123,79,0.054666308817142795,0,🟢 OK
22,124,78,0.0407699676198513,0,🟢 OK
22,125,77,0.040684018621302886,0,🟢 OK
22,126,76,0.04463162055694553,0,🟢 OK
22,127,75,0.04229709608513904,0,🟢 OK
22,128,74,0.059530732958436194,0,🟢 OK
22,129,73,0.05356372012169308,0,🟢 OK
22,130,72,0.048429211096661595,0,🟢 OK
22,131,71,0.03420119515830389,0,🟢 OK
22,132,70,0.032888324530082835,0,🟢 OK
22,133,69,0.023996093156795906,0,🟢 OK
22,134,68,0.03384377099995639,0,🟢 OK
22,135,67,0.030764160952958808,0,🟢 OK
22,136,66,0.02712744107951015,0,🟢 OK
22,137,65,0.034469372191633485,0,🟢 OK
22,138,64,0.03852023615112471,0,🟢 OK
22,139,63,0.03096188034938019,0,🟢 OK
22,140,62,0.026546433794822077,0,🟢 OK
22,141,61,0.028405469931241545,0,🟢 OK
22,142,60,0.014694383805707811,0,🟢 OK
22,143,59,-0.0027500793178723004,1,🟢 OK
22,144,58,0.004573909521416453,0,🟢 OK
22,145,57,-0.0035112516396702542,1,🟢 OK
22,146,56,-0.015617004297457604,1,🟢 OK
22,147,55,-0.012231250926054371,1,🟢 OK
22,148,54,-0.007366046202684662,1,🟢 OK
22,149,53,-0.012515863455646703,1,🟢 OK
22,150,52,-0.024212753888229743,1,🟢 OK
22,151,51,-0.003949348653746965,1,🟢 OK
22,152,50,-0.007454609471567397,1,🟢 OK
22,153,49,-0.01733174203512633,1,🟢 OK
22,154,48,-0.0244659927090789,1,🟢 OK
22,155,47,-0.019535891415704,1,🟢 OK
22,156,46,-0.02057928714166468,1,🟢 OK
22,157,45,-0.03216692858476411,1,🔴 ALERT
22,158,44,-0.014469966873747797,1,🔴 ALERT
22,159,43,-0.019601777905661533,1,🔴 ALERT
22,160,42,-0.024399146369807445,1,🔴 ALERT
22,161,41,-0.028590895155355733,1,🔴 ALERT
22,162,40,-0.016225225855603265,1,🔴 ALERT
22,163,39,-0.017500640006734347,1,🔴 ALERT
22,164,38,-0.01481276016337596,1,🔴 ALERT
22,165,37,-0.013202572038805815,1,🔴 ALERT
22,166,36,-3.859831949060144e-05,1,🔴 ALERT
22,167,35,-0.008436824873227389,1,🔴 ALERT
22,168,34,-0.010693427510102604,1,🔴 ALERT
22,169,33,-0.021314792376875058,1,🔴 ALERT
22,170,32,-0.022621696886269915,1,🔴 ALERT
22,171,31,-0.023033805396155183,1,🔴 ALERT
22,172,30,-0.016890898445847125,1,🔴 ALERT
22,173,29,-0.026474759689415595,1,🔴 ALERT
22,174,28,-0.04190063112714293,1,🔴 ALERT
22,175,27,-0.03213759921433079,1,🔴 ALERT
22,176,26,-0.03447408977479349,1,🔴 ALERT
22,177,25,-0.026601228826963585,1,🔴 ALERT
22,178,24,-0.033726220968341436,1,🔴 ALERT
22,179,23,-0.031126640557847418,1,🔴 ALERT
22,180,22,-0.02342829107080935,1,🔴 ALERT
22,181,21,-0.02936621838626441,1,🔴 ALERT
22,182,20,-0.018007932484662814,1,🔴 ALERT
22,183,19,-0.02475813062954968,1,🔴 ALERT
22,184,18,-0.0236507206753932,1,🔴 ALERT
22,185,17,-0.03150768077482824,1,🔴 ALERT
22,186,16,-0.028038647949063966,1,🔴 ALERT
22,187,15,-0.027596285780017382,1,🔴 ALERT
22,188,14,-0.015701583092507798,1,🔴 ALERT
22,189,13,-0.016844591199625447,1,🔴 ALERT
22,190,12,-0.013363255374075456,1,🔴 ALERT
22,191,11,-0.02366095188173445,1,🔴 ALERT
22,192,10,-0.030302151619179596,1,🔴 ALERT
22,193,9,-0.028748496144752944,1,🔴 ALERT
22,194,8,-0.026814302655168043,1,🔴 ALERT
22,195,7,-0.0495557312946977,1,🔴 ALERT
22,196,6,-0.05073801914618914,1,🔴 ALERT
22,197,5,-0.031096053578299476,1,🔴 ALERT
22,198,4,-0.033601392219018256,1,🔴 ALERT
22,199,3,-0.025328752570365487,1,🔴 ALERT
22,200,2,-0.029602625323737586,1,🔴 ALERT
22,201,1,-0.026331347836980434,1,🔴 ALERT
22,202,0,-0.019471843526947197,1,🔴 ALERT
23,1,167,0.11459089472129991,0,🟢 OK
23,2,166,0.06334048092188183,0,🟢 OK
23,3,165,0.07331351928775909,0,🟢 OK
23,4,164,0.0770891539221536,0,🟢 OK
23,5,163,0.09721495719790468,0,🟢 OK
23,6,162,0.11025217935804127,0,🟢 OK
23,7,161,0.11860747500411561,0,🟢 OK
23,8,160,0.11573655376464798,0,🟢 OK
23,9,159,0.12037010159315975,0,🟢 OK
23,10,158,0.11961006868479779,0,🟢 OK
23,11,157,0.1204979437459292,0,🟢 OK
23,12,156,0.116396602286862,0,🟢 OK
23,13,155,0.10592809739844228,0,🟢 OK
23,14,154,0.117310144607361,0,🟢 OK
23,15,153,0.11666673199000721,0,🟢 OK
23,16,152,0.1166625228523468,0,🟢 OK
23,17,151,0.12269937375557122,0,🟢 OK
23,18,150,0.11532444531372399,0,🟢 OK
23,19,149,0.1146849305358037,0,🟢 OK
23,20,148,0.11868155551029608,0,🟢 OK
23,21,147,0.12546202271839363,0,🟢 OK
23,22,146,0.11965937753499994,0,🟢 OK
23,23,145,0.11839965361359,0,🟢 OK
23,24,144,0.12829380557838949,0,🟢 OK
23,25,143,0.11567472283700775,0,🟢 OK
23,26,142,0.11668417403755221,0,🟢 OK
23,27,141,0.11772079024452492,0,🟢 OK
23,28,140,0.12656424272419087,0,🟢 OK
23,29,139,0.11551924984542378,0,🟢 OK
23,30,138,0.11901174553261185,0,🟢 OK
23,31,137,0.11384934784520545,0,🟢 OK
23,32,136,0.11594716695758878,0,🟢 OK
23,33,135,0.12029970336578089,0,🟢 OK
23,34,134,0.11318816791254904,0,🟢 OK
23,35,133,0.1269435625905323,0,🟢 OK
23,36,132,0.12348359290095073,0,🟢 OK
23,37,131,0.12107201531516987,0,🟢 OK
23,38,130,0.11186130588321608,0,🟢 OK
23,39,129,0.11150845838687001,0,🟢 OK
23,40,128,0.1213250787930168,0,🟢 OK
23,41,127,0.12441757823954952,0,🟢 OK
23,42,126,0.1211912531703645,0,🟢 OK
23,43,125,0.12093940796846658,0,🟢 OK
23,44,124,0.11410947670516286,0,🟢 OK
23,45,123,0.09956921432254795,0,🟢 OK
23,46,122,0.11320876370339938,0,🟢 OK
23,47,121,0.11479564540888376,0,🟢 OK
23,48,120,0.10587281890531625,0,🟢 OK
23,49,119,0.09972191407858833,0,🟢 OK
23,50,118,0.10547963825328832,0,🟢 OK
23,51,117,0.11052529104477271,0,🟢 OK
23,52,116,0.11969174551661022,0,🟢 OK
23,53,115,0.11032094567961193,0,🟢 OK
23,54,114,0.11128332552006553,0,🟢 OK
23,55,113,0.10954442671162257,0,🟢 OK
23,56,112,0.1080510752343874,0,🟢 OK
23,57,111,0.11980012979044813,0,🟢 OK
23,58,110,0.11184830420856356,0,🟢 OK
23,59,109,0.10973992711879993,0,🟢 OK
23,60,108,0.10994194798944651,0,🟢 OK
23,61,107,0.10175303489514503,0,🟢 OK
23,62,106,0.11078358515862485,0,🟢 OK
23,63,105,0.119341352272333,0,🟢 OK
23,64,104,0.11321009441447472,0,🟢 OK
23,65,103,0.1083238325427458,0,🟢 OK
23,66,102,0.11641566203218007,0,🟢 OK
23,67,101,0.1147199434083867,0,🟢 OK
23,68,100,0.11332813647083184,0,🟢 OK
23,69,99,0.11275208861647357,0,🟢 OK
23,70,98,0.10648807170047342,0,🟢 OK
23,71,97,0.10562021061450477,0,🟢 OK
23,72,96,0.10242869905578844,0,🟢 OK
23,73,95,0.11205677599754382,0,🟢 OK
23,74,94,0.11603470017616929,0,🟢 OK
23,75,93,0.11048602913441052,0,🟢 OK
23,76,92,0.1103901819153621,0,🟢 OK
23,77,91,0.11246862544633585,0,🟢 OK
23,78,90,0.10438194680108631,0,🟢 OK
23,79,89,0.09856112789603799,0,🟢 OK
23,80,88,0.10542698706391945,0,🟢 OK
23,81,87,0.1044040287821068,0,🟢 OK
23,82,86,0.10937744791781784,0,🟢 OK
23,83,85,0.11332792079224396,0,🟢 OK
23,84,84,0.11199424023099896,0,🟢 OK
23,85,83,0.11775462980573681,0,🟢 OK
23,86,82,0.11027406983243554,0,🟢 OK
23,87,81,0.09779903454183403,0,🟢 OK
23,88,80,0.10140638066838209,0,🟢 OK
23,89,79,0.09793468489372215,0,🟢 OK
23,90,78,0.09114750885668699,0,🟢 OK
23,91,77,0.08126215952027155,0,🟢 OK
23,92,76,0.08147945254901245,0,🟢 OK
23,93,75,0.08013481851192206,0,🟢 OK
23,94,74,0.06821790560271163,0,🟢 OK
23,95,73,0.07323507698233239,0,🟢 OK
23,96,72,0.07506187696642386,0,🟢 OK
23,97,71,0.07687077769247097,0,🟢 OK
23,98,70,0.07890353132579608,0,🟢 OK
23,99,69,0.07744232509724142,0,🟢 OK
23,100,68,0.08127570501221903,0,🟢 OK
23,101,67,0.0818793139786766,0,🟢 OK
23,102,66,0.08629844655107782,0,🟢 OK
23,103,65,0.09284024289681747,0,🟢 OK
23,104,64,0.09006712841036468,0,🟢 OK
23,105,63,0.0880776819939868,0,🟢 OK
23,106,62,0.08167729754773484,0,🟢 OK
23,107,61,0.06832766186477912,0,🟢 OK
23,108,60,0.07242458559801584,0,🟢 OK
23,109,59,0.05706307672525268,0,🟢 OK
23,110,58,0.063839476155992,0,🟢 OK
23,111,57,0.0584043383785981,0,🟢 OK
23,112,56,0.06772079743247406,0,🟢 OK
23,113,55,0.0710137584157714,0,🟢 OK
23,114,54,0.05591637625765422,0,🟢 OK
23,115,53,0.0409391577642752,0,🟢 OK
23,116,52,0.02961971777098682,0,🟢 OK
23,117,51,0.040395673430540735,0,🟢 OK
23,118,50,0.04052021573913056,0,🟢 OK
23,119,49,0.043000961287499306,0,🟢 OK
23,120,48,0.02530836975311246,0,🟢 OK
23,121,47,0.025846034971972465,0,🟢 OK
23,122,46,0.03691583476768662,0,🟢 OK
23,123,45,0.03170831859824624,0,🟢 OK
23,124,44,0.04588027174281617,0,🟢 OK
23,125,43,0.026971680791452957,0,🟢 OK
23,126,42,0.025382986176938904,0,🟢 OK
23,127,41,0.033556902369491326,0,🟢 OK
23,128,40,0.021204641374212463,0,🟢 OK
23,129,39,0.018320782505642286,0,🟢 OK
23,130,38,0.022633177159446127,0,🟢 OK
23,131,37,0.02002617844952881,0,🟢 OK
23,132,36,0.009700700002469587,0,🟢 OK
23,133,35,0.0020480254380111917,0,🟢 OK
23,134,34,-0.001276214403505782,1,🟢 OK
23,135,33,0.007462345253792191,0,🟢 OK
23,136,32,0.0006775976539624695,0,🟢 OK
23,137,31,-0.0055038262485430645,1,🟢 OK
23,138,30,-0.013052418216638051,1,🟢 OK
23,139,29,-0.009222406882145928,1,🟢 OK
23,140,28,-0.016222389169690987,1,🟢 OK
23,141,27,-0.001102551839822108,1,🟢 OK
23,142,26,-0.011476909706585547,1,🟢 OK
23,143,25,-0.018880260983031083,1,🟢 OK
23,144,24,-0.02797591584231207,1,🟢 OK
23,145,23,-0.02610187003343689,1,🟢 OK
23,146,22,-0.0296159565920322,1,🟢 OK
23,147,21,-0.010635243426156071,1,🟢 OK
23,148,20,-0.01709170996070053,1,🟢 OK
23,149,19,-0.020389401133705576,1,🟢 OK
23,150,18,-0.029347933238314527,1,🔴 ALERT
23,151,17,-0.02685299712556255,1,🔴 ALERT
23,152,16,-0.030043162319572825,1,🔴 ALERT
23,153,15,-0.038789688890805585,1,🔴 ALERT
23,154,14,-0.03625803619366297,1,🔴 ALERT
23,155,13,-0.03482401354492348,1,🔴 ALERT
23,156,12,-0.033092265260525555,1,🔴 ALERT
23,157,11,-0.024195928552813162,1,🔴 ALERT
23,158,10,-0.025101246690568346,1,🔴 ALERT
23,159,9,-0.029260221213677884,1,🔴 ALERT
23,160,8,-0.03391042472024186,1,🔴 ALERT
23,161,7,-0.04191233361304236,1,🔴 ALERT
23,162,6,-0.05880955183408698,1,🔴 ALERT
23,163,5,-0.053119702691580506,1,🔴 ALERT
23,164,4,-0.048330779735689555,1,🔴 ALERT
23,165,3,-0.04392356132688002,1,🔴 ALERT
23,166,2,-0.03990151726584079,1,🔴 ALERT
23,167,1,-0.03993836999295575,1,🔴 ALERT
23,168,0,-0.040339317645887274,1,🔴 ALERT
24,1,146,0.11100956471389373,0,🟢 OK
24,2,145,0.0341427337623838,0,🟢 OK
24,3,144,0.0723964367574414,0,🟢 OK
24,4,143,0.06756898765723646,0,🟢 OK
24,5,142,0.06972226567096645,0,🟢 OK
24,6,141,0.08577182722530274,0,🟢 OK
24,7,140,0.09167714868816668,0,🟢 OK
24,8,139,0.09639541106683852,0,🟢 OK
24,9,138,0.09579586305750531,0,🟢 OK
24,10,137,0.08407953249193728,0,🟢 OK
24,11,136,0.08977851468298459,0,🟢 OK
24,12,135,0.08574106725918662,0,🟢 OK
24,13,134,0.0894812896686713,0,🟢 OK
24,14,133,0.08968838399876217,0,🟢 OK
24,15,132,0.09874065251565994,0,🟢 OK
24,16,131,0.09771788454167085,0,🟢 OK
24,17,130,0.09561470289012536,0,🟢 OK
24,18,129,0.0915056248077486,0,🟢 OK
24,19,128,0.07329972695085529,0,🟢 OK
24,20,127,0.09482004607351285,0,🟢 OK
24,21,126,0.09461348754105164,0,🟢 OK
24,22,125,0.09993820512796614,0,🟢 OK
24,23,124,0.09176613820964041,0,🟢 OK
24,24,123,0.09035485484963046,0,🟢 OK
24,25,122,0.09050247271914813,0,🟢 OK
24,26,121,0.08669099215240228,0,🟢 OK
24,27,120,0.0902254249190465,0,🟢 OK
24,28,119,0.08168606145864776,0,🟢 OK
24,29,118,0.09534377498468638,0,🟢 OK
24,30,117,0.09913770020963997,0,🟢 OK
24,31,116,0.09115671885321186,0,🟢 OK
24,32,115,0.08927472064816683,0,🟢 OK
24,33,114,0.09538835213779934,0,🟢 OK
24,34,113,0.10496078972322992,0,🟢 OK
24,35,112,0.09998718854720978,0,🟢 OK
24,36,111,0.106113117090543,0,🟢 OK
24,37,110,0.10829257095234895,0,🟢 OK
24,38,109,0.1152000931874092,0,🟢 OK
24,39,108,0.10974008718328204,0,🟢 OK
24,40,107,0.10361035985362488,0,🟢 OK
24,41,106,0.10681155573550716,0,🟢 OK
24,42,105,0.10075783240272401,0,🟢 OK
24,43,104,0.0942830551889608,0,🟢 OK
24,44,103,0.09000727180073076,0,🟢 OK
24,45,102,0.08429869225413,0,🟢 OK
24,46,101,0.07826796740258185,0,🟢 OK
24,47,100,0.09429291370181125,0,🟢 OK
24,48,99,0.09014933679040121,0,🟢 OK
24,49,98,0.0952160463487105,0,🟢 OK
24,50,97,0.09512523180583032,0,🟢 OK
24,51,96,0.0922575920749848,0,🟢 OK
24,52,95,0.08713876092513678,0,🟢 OK
24,53,94,0.08747457173215534,0,🟢 OK
24,54,93,0.09484914044238452,0,🟢 OK
24,55,92,0.09191735484446611,0,🟢 OK
24,56,91,0.09255724581130637,0,🟢 OK
24,57,90,0.09326705730399781,0,🟢 OK
24,58,89,0.10940257124815489,0,🟢 OK
24,59,88,0.09616030031603479,0,🟢 OK
24,60,87,0.10065478974163578,0,🟢 OK
24,61,86,0.10503555764521272,0,🟢 OK
24,62,85,0.0982902705093956,0,🟢 OK
24,63,84,0.10402085840308117,0,🟢 OK
24,64,83,0.11055845347798016,0,🟢 OK
24,65,82,0.11015330841355447,0,🟢 OK
24,66,81,0.11669525756439608,0,🟢 OK
24,67,80,0.11768978040006,0,🟢 OK
24,68,79,0.11686464174011324,0,🟢 OK
24,69,78,0.11292894179341517,0,🟢 OK
24,70,77,0.1218754565244673,0,🟢 OK
24,71,76,0.1245262954025832,0,🟢 OK
24,72,75,0.12171822689514777,0,🟢 OK
24,73,74,0.12099943379725925,0,🟢 OK
24,74,73,0.11374394208846328,0,🟢 OK
24,75,72,0.09935833345803946,0,🟢 OK
24,76,71,0.11191295295653175,0,🟢 OK
24,77,70,0.12010826794666285,0,🟢 OK
24,78,69,0.11067877324419118,0,🟢 OK
24,79,68,0.10686956502282724,0,🟢 OK
24,80,67,0.10370672276857873,0,🟢 OK
24,81,66,0.09818587560273734,0,🟢 OK
24,82,65,0.09933098764477455,0,🟢 OK
24,83,64,0.11611772789266706,0,🟢 OK
24,84,63,0.1146039025647606,0,🟢 OK
24,85,62,0.10403167953258463,0,🟢 OK
24,86,61,0.11367967197508327,0,🟢 OK
24,87,60,0.11543533935338329,0,🟢 OK
24,88,59,0.12464635044254263,0,🟢 OK
24,89,58,0.12885872497695677,0,🟢 OK
24,90,57,0.12242640847506958,0,🟢 OK
24,91,56,0.12330802021805781,0,🟢 OK
24,92,55,0.12665232755448247,0,🟢 OK
24,93,54,0.11867532241642226,0,🟢 OK
24,94,53,0.12335483511075646,0,🟢 OK
24,95,52,0.11861736217716229,0,🟢 OK
24,96,51,0.11867682041864058,0,🟢 OK
24,97,50,0.12048069088382529,0,🟢 OK
24,98,49,0.11334554435757449,0,🟢 OK
24,99,48,0.11616668287195403,0,🟢 OK
24,100,47,0.11374682700565403,0,🟢 OK
24,101,46,0.11077857550032905,0,🟢 OK
24,102,45,0.11458381725760125,0,🟢 OK
24,103,44,0.11000488077579745,0,🟢 OK
24,104,43,0.10048747604099872,0,🟢 OK
24,105,42,0.10242383537710797,0,🟢 OK
24,106,41,0.10552884184638078,0,🟢 OK
24,107,40,0.10411458358778813,0,🟢 OK
24,108,39,0.1035359386853118,0,🟢 OK
24,109,38,0.09800112816696366,0,🟢 OK
24,110,37,0.08606481880571026,0,🟢 OK
24,111,36,0.08695496958575727,0,🟢 OK
24,112,35,0.0802640123584592,0,🟢 OK
24,113,34,0.0865927950508476,0,🟢 OK
24,114,33,0.09233643826388799,0,🟢 OK
24,115,32,0.08701808372042869,0,🟢 OK
24,116,31,0.08342027127455154,0,🟢 OK
24,117,30,0.05787950290471422,0,🟢 OK
24,118,29,0.055479908792248844,0,🟢 OK
24,119,28,0.05426755624037238,0,🟢 OK
24,120,27,0.06356466003687405,0,🟢 OK
24,121,26,0.05404754247086302,0,🟢 OK
24,122,25,0.0422565043664625,0,🟢 OK
24,123,24,0.047884577033210196,0,🟢 OK
24,124,23,0.046462036104187476,0,🟢 OK
24,125,22,0.024475007435662555,0,🟢 OK
24,126,21,0.03277269875703148,0,🟢 OK
24,127,20,0.039645309651966165,0,🟢 OK
24,128,19,0.029321706612011555,0,🟢 OK
24,129,18,0.01793553849298224,0,🟢 OK
24,130,17,0.020757924089266133,0,🟢 OK
24,131,16,-0.005823708398208893,1,🟢 OK
24,132,15,-0.019352209724855185,1,🟢 OK
24,133,14,-0.019552958044825708,1,🟢 OK
24,134,13,-0.026490676597459184,1,🟢 OK
24,135,12,-0.02148909209252914,1,🟢 OK
24,136,11,-0.03431827927610642,1,🟢 OK
24,137,10,-0.02216341630338514,1,🟢 OK
24,138,9,-0.020492207828567865,1,🟢 OK
24,139,8,-0.017451692414918063,1,🟢 OK
24,140,7,-0.031710461079793695,1,🟢 OK
24,141,6,-0.031689098692787576,1,🟢 OK
24,142,5,-0.033990548221978334,1,🔴 ALERT
24,143,4,-0.04677876197532538,1,🔴 ALERT
24,144,3,-0.052126156576831284,1,🔴 ALERT
24,145,2,-0.03708030034665566,1,🔴 ALERT
24,146,1,-0.05002875669497697,1,🔴 ALERT
24,147,0,-0.042825526766944066,1,🔴 ALERT
25,1,229,0.08935331609777708,0,🟢 OK
25,2,228,0.05763834241937493,0,🟢 OK
25,3,227,0.08878231463395464,0,🟢 OK
25,4,226,0.09720953529647963,0,🟢 OK
25,5,225,0.10254140227813141,0,🟢 OK
25,6,224,0.09990320305981576,0,🟢 OK
25,7,223,0.10000975486844899,0,🟢 OK
25,8,222,0.10650902561846437,0,🟢 OK
25,9,221,0.10768949023963614,0,🟢 OK
25,10,220,0.11542672668277065,0,🟢 OK
25,11,219,0.11965626393449069,0,🟢 OK
25,12,218,0.10898586909111424,0,🟢 OK
25,13,217,0.11805450210914292,0,🟢 OK
25,14,216,0.11908000094074755,0,🟢 OK
25,15,215,0.11889520520913438,0,🟢 OK
25,16,214,0.11220898164484266,0,🟢 OK
25,17,213,0.1102122496524105,0,🟢 OK
25,18,212,0.11888876372037649,0,🟢 OK
25,19,211,0.11210128522320512,0,🟢 OK
25,20,210,0.11793440948670342,0,🟢 OK
25,21,209,0.11591138118686689,0,🟢 OK
25,22,208,0.11359595689631635,0,🟢 OK
25,23,207,0.09364665727110161,0,🟢 OK
25,24,206,0.09587742445362124,0,🟢 OK
25,25,205,0.10890163622744203,0,🟢 OK
25,26,204,0.11824473550794329,0,🟢 OK
25,27,203,0.11724363829197448,0,🟢 OK
25,28,202,0.1094124344344568,0,🟢 OK
25,29,201,0.10670538329316376,0,🟢 OK
25,30,200,0.10298664137838881,0,🟢 OK
25,31,199,0.10262182096369271,0,🟢 OK
25,32,198,0.10652795213412092,0,🟢 OK
25,33,197,0.10893775568298852,0,🟢 OK
25,34,196,0.10915346067944226,0,🟢 OK
25,35,195,0.10633768299815011,0,🟢 OK
25,36,194,0.11558352460209054,0,🟢 OK
25,37,193,0.11840621328972373,0,🟢 OK
25,38,192,0.12085563815970746,0,🟢 OK
25,39,191,0.10576320032591668,0,🟢 OK
25,40,190,0.10429239881802194,0,🟢 OK
25,41,189,0.10542066069317252,0,🟢 OK
25,42,188,0.11705705464750216,0,🟢 OK
25,43,187,0.11438082862490034,0,🟢 OK
25,44,186,0.10812979906263936,0,🟢 OK
25,45,185,0.11976453388288438,0,🟢 OK
25,46,184,0.10909347138654873,0,🟢 OK
25,47,183,0.10473571613026,0,🟢 OK
25,48,182,0.10173590257183507,0,🟢 OK
25,49,181,0.09770258467765852,0,🟢 OK
25,50,180,0.1102014697282434,0,🟢 OK
25,51,179,0.09556370522248264,0,🟢 OK
25,52,178,0.09970429055234487,0,🟢 OK
25,53,177,0.09374221284430251,0,🟢 OK
25,54,176,0.09244737383400148,0,🟢 OK
25,55,175,0.0913676392377199,0,🟢 OK
25,56,174,0.09321478401143823,0,🟢 OK
25,57,173,0.09409875030711684,0,🟢 OK
25,58,172,0.09943558136618835,0,🟢 OK
25,59,171,0.11549483669317778,0,🟢 OK
25,60,170,0.12073020985236688,0,🟢 OK
25,61,169,0.12048549283063187,0,🟢 OK
25,62,168,0.12361932900709144,0,🟢 OK
25,63,167,0.12987263545821653,0,🟢 OK
25,64,166,0.12337383977645533,0,🟢 OK
25,65,165,0.12917740199754907,0,🟢 OK
25,66,164,0.1242173816308218,0,🟢 OK
25,67,163,0.12474069054996606,0,🟢 OK
25,68,162,0.12239045504344442,0,🟢 OK
25,69,161,0.11980365327218556,0,🟢 OK
25,70,160,0.12359680411018148,0,🟢 OK
25,71,159,0.12184134758599247,0,🟢 OK
25,72,158,0.1187071421992294,0,🟢 OK
25,73,157,0.11629931443759028,0,🟢 OK
25,74,156,0.12352046932540744,0,🟢 OK
25,75,155,0.11877753214832443,0,🟢 OK
25,76,154,0.12776562583514445,0,🟢 OK
25,77,153,0.12353804089684939,0,🟢 OK
25,78,152,0.10995289771320971,0,🟢 OK
25,79,151,0.09638568026575384,0,🟢 OK
25,80,150,0.0872799611690831,0,🟢 OK
25,81,149,0.10059376314321622,0,🟢 OK
25,82,148,0.09580033017498668,0,🟢 OK
25,83,147,0.09987526866491026,0,🟢 OK
25,84,146,0.09595956247510068,0,🟢 OK
25,85,145,0.09942325724066287,0,🟢 OK
25,86,144,0.10128295662170428,0,🟢 OK
25,87,143,0.0950294439415254,0,🟢 OK
25,88,142,0.09119412454755776,0,🟢 OK
25,89,141,0.08755277922764321,0,🟢 OK
25,90,140,0.09527843369713113,0,🟢 OK
25,91,139,0.0962252345217024,0,🟢 OK
25,92,138,0.0943809203046399,0,🟢 OK
25,93,137,0.11161102650207999,0,🟢 OK
25,94,136,0.1086594413206155,0,🟢 OK
25,95,135,0.11112876125712129,0,🟢 OK
25,96,134,0.11063954107676927,0,🟢 OK
25,97,133,0.10871645241869482,0,🟢 OK
25,98,132,0.11221354823697949,0,🟢 OK
25,99,131,0.11369960246305755,0,🟢 OK
25,100,130,0.11157787823686882,0,🟢 OK
25,101,129,0.10970660139460686,0,🟢 OK
25,102,128,0.12166168801321192,0,🟢 OK
25,103,127,0.11681938472742964,0,🟢 OK
25,104,126,0.1269444937657193,0,🟢 OK
25,105,125,0.1258569201153647,0,🟢 OK
25,106,124,0.12468691392610509,0,🟢 OK
25,107,123,0.10963218960008497,0,🟢 OK
25,108,122,0.10331769136888669,0,🟢 OK
25,109,121,0.10547175471521886,0,🟢 OK
25,110,120,0.11989036508052808,0,🟢 OK
25,111,119,0.11502812276971852,0,🟢 OK
25,112,118,0.10968002086666734,0,🟢 OK
25,113,117,0.10467438406783053,0,🟢 OK
25,114,116,0.10862669338311065,0,🟢 OK
25,115,115,0.10903043391737888,0,🟢 OK
25,116,114,0.11519022533694051,0,🟢 OK
25,117,113,0.1131349206552612,0,🟢 OK
25,118,112,0.11838080125498551,0,🟢 OK
25,119,111,0.11423928900749403,0,🟢 OK
25,120,110,0.1223711947528568,0,🟢 OK
25,121,109,0.12289158153402896,0,🟢 OK
25,122,108,0.12264278697425773,0,🟢 OK
25,123,107,0.12197544957119572,0,🟢 OK
25,124,106,0.12536183211524837,0,🟢 OK
25,125,105,0.11763421060710749,0,🟢 OK
25,126,104,0.1158942698806475,0,🟢 OK
25,127,103,0.11316213466073705,0,🟢 OK
25,128,102,0.1065774179205673,0,🟢 OK
25,129,101,0.11677588817718931,0,🟢 OK
25,130,100,0.11296947617440184,0,🟢 OK
25,131,99,0.12474617096940871,0,🟢 OK
25,132,98,0.11085720719155534,0,🟢 OK
25,133,97,0.09847145179534489,0,🟢 OK
25,134,96,0.1062787463419646,0,🟢 OK
25,135,95,0.11122213546548748,0,🟢 OK
25,136,94,0.1079894485067045,0,🟢 OK
25,137,93,0.11011710404391545,0,🟢 OK
25,138,92,0.11101126188954513,0,🟢 OK
25,139,91,0.12071105722528974,0,🟢 OK
25,140,90,0.12231003913342448,0,🟢 OK
25,141,89,0.11663464285493497,0,🟢 OK
25,142,88,0.10033087716339084,0,🟢 OK
25,143,87,0.11195683743492768,0,🟢 OK
25,144,86,0.11510358906551438,0,🟢 OK
25,145,85,0.1189674226156131,0,🟢 OK
25,146,84,0.11157393696866214,0,🟢 OK
25,147,83,0.11316822988534242,0,🟢 OK
25,148,82,0.10434379486575274,0,🟢 OK
25,149,81,0.0920187484854803,0,🟢 OK
25,150,80,0.07804966153431342,0,🟢 OK
25,151,79,0.09198939908034126,0,🟢 OK
25,152,78,0.09193577636514827,0,🟢 OK
25,153,77,0.08109249503851651,0,🟢 OK
25,154,76,0.08337920165645646,0,🟢 OK
25,155,75,0.08126257963147554,0,🟢 OK
25,156,74,0.0889446756556369,0,🟢 OK
25,157,73,0.0914094735238914,0,🟢 OK
25,158,72,0.0898078780419268,0,🟢 OK
25,159,71,0.09954864632725452,0,🟢 OK
25,160,70,0.0907871583411381,0,🟢 OK
25,161,69,0.09056674305907159,0,🟢 OK
25,162,68,0.08466698946778445,0,🟢 OK
25,163,67,0.08529831198298216,0,🟢 OK
25,164,66,0.07974708322783808,0,🟢 OK
25,165,65,0.07311065431268221,0,🟢 OK
25,166,64,0.06110632178300679,0,🟢 OK
25,167,63,0.06124441701149019,0,🟢 OK
25,168,62,0.06500836295538526,0,🟢 OK
25,169,61,0.07460864569183451,0,🟢 OK
25,170,60,0.06116051994770244,0,🟢 OK
25,171,59,0.06906337929131379,0,🟢 OK
25,172,58,0.06831956662405708,0,🟢 OK
25,173,57,0.07369989240636093,0,🟢 OK
25,174,56,0.06338734509283722,0,🟢 OK
25,175,55,0.04934917123767857,0,🟢 OK
25,176,54,0.05671953008080538,0,🟢 OK
25,177,53,0.05653495933961622,0,🟢 OK
25,178,52,0.049507690242610314,0,🟢 OK
25,179,51,0.03376280644301649,0,🟢 OK
25,180,50,0.015562578262705518,0,🟢 OK
25,181,49,0.009655680735723371,0,🟢 OK
25,182,48,0.014971221035786964,0,🟢 OK
25,183,47,0.011700379309637798,0,🟢 OK
25,184,46,0.01857213328921542,0,🟢 OK
25,185,45,0.02549023176909576,0,🟢 OK
25,186,44,0.027542905877272206,0,🟢 OK
25,187,43,0.021079823866558933,0,🟢 OK
25,188,42,0.02793345543098935,0,🟢 OK
25,189,41,0.018626393554392662,0,🟢 OK
25,190,40,0.012993933297583693,0,🟢 OK
25,191,39,0.011434238089825022,0,🟢 OK
25,192,38,-0.008698931832738954,1,🟢 OK
25,193,37,0.0026351108677759028,0,🟢 OK
25,194,36,-0.010948534577805868,1,🟢 OK
25,195,35,-0.013629923232344243,1,🟢 OK
25,196,34,-0.020097607751833224,1,🟢 OK
25,197,33,-0.02629460868454947,1,🟢 OK
25,198,32,-0.023665271024096768,1,🟢 OK
25,199,31,-0.028847110156455247,1,🟢 OK
25,200,30,-0.023785432259363914,1,🟢 OK
25,201,29,-0.025269818633152585,1,🟢 OK
25,202,28,-0.013988847525738812,1,🟢 OK
25,203,27,-0.018672631045449473,1,🟢 OK
25,204,26,-0.0226620661042487,1,🟢 OK
25,205,25,-0.03509655937592404,1,🔴 ALERT
25,206,24,-0.03944237140080109,1,🔴 ALERT
25,207,23,-0.030735299818584583,1,🔴 ALERT
25,208,22,-0.017572823933948545,1,🔴 ALERT
25,209,21,-0.02792774669250464,1,🔴 ALERT
25,210,20,-0.027920305571933146,1,🔴 ALERT
25,211,19,-0.033105328919905586,1,🔴 ALERT
25,212,18,-0.033596112265256384,1,🔴 ALERT
25,213,17,-0.03346611004904787,1,🔴 ALERT
25,214,16,-0.03152285518993847,1,🔴 ALERT
25,215,15,-0.02659996889323135,1,🔴 ALERT
25,216,14,-0.03795017450275806,1,🔴 ALERT
25,217,13,-0.03705456129403384,1,🔴 ALERT
25,218,12,-0.04950702438215482,1,🔴 ALERT
25,219,11,-0.0372351377077601,1,🔴 ALERT
25,220,10,-0.04817362623796939,1,🔴 ALERT
25,221,9,-0.048998301305726466,1,🔴 ALERT
25,222,8,-0.047499239877622945,1,🔴 ALERT
25,223,7,-0.03579245324185465,1,🔴 ALERT
25,224,6,-0.04227642456622871,1,🔴 ALERT
25,225,5,-0.04434105294918833,1,🔴 ALERT
25,226,4,-0.03021567518857049,1,🔴 ALERT
25,227,3,-0.03140156315879472,1,🔴 ALERT
25,228,2,-0.0574665698417266,1,🔴 ALERT
25,229,1,-0.06482361108796697,1,🔴 ALERT
25,230,0,-0.047663468896703365,1,🔴 ALERT
26,1,198,0.11096673224821263,0,🟢 OK
26,2,197,0.05380386891318972,0,🟢 OK
26,3,196,0.053883858263025886,0,🟢 OK
26,4,195,0.07536562542291719,0,🟢 OK
26,5,194,0.07598946358636666,0,🟢 OK
26,6,193,0.08519379516588876,0,🟢 OK
26,7,192,0.09696862481864243,0,🟢 OK
26,8,191,0.09550068602955247,0,🟢 OK
26,9,190,0.1047824482511211,0,🟢 OK
26,10,189,0.10157617082194809,0,🟢 OK
26,11,188,0.10481888319705773,0,🟢 OK
26,12,187,0.10842025814432654,0,🟢 OK
26,13,186,0.10970446352877838,0,🟢 OK
26,14,185,0.10941965232834083,0,🟢 OK
26,15,184,0.1178544626802025,0,🟢 OK
26,16,183,0.11890923491160205,0,🟢 OK
26,17,182,0.11274677114724585,0,🟢 OK
26,18,181,0.10532114293587153,0,🟢 OK
26,19,180,0.10353299337577998,0,🟢 OK
26,20,179,0.11160557579937419,0,🟢 OK
26,21,178,0.11232795836568304,0,🟢 OK
26,22,177,0.11674942973536129,0,🟢 OK
26,23,176,0.11459691982513626,0,🟢 OK
26,24,175,0.1179664876806778,0,🟢 OK
26,25,174,0.10385779874769746,0,🟢 OK
26,26,173,0.10712805444142248,0,🟢 OK
26,27,172,0.11376096041471145,0,🟢 OK
26,28,171,0.11080453441327187,0,🟢 OK
26,29,170,0.11235070848457673,0,🟢 OK
26,30,169,0.12087325411741096,0,🟢 OK
26,31,168,0.11833545396563455,0,🟢 OK
26,32,167,0.12198901051881333,0,🟢 OK
26,33,166,0.12282001433205342,0,🟢 OK
26,34,165,0.12714548914760226,0,🟢 OK
26,35,164,0.12078846827326162,0,🟢 OK
26,36,163,0.11297761718242616,0,🟢 OK
26,37,162,0.10737639059407361,0,🟢 OK
26,38,161,0.10776226761311875,0,🟢 OK
26,39,160,0.10524455723793591,0,🟢 OK
26,40,159,0.10545590618302791,0,🟢 OK
26,41,158,0.08593548125290734,0,🟢 OK
26,42,157,0.08587377757244713,0,🟢 OK
26,43,156,0.08527836959315477,0,🟢 OK
26,44,155,0.10610129411222807,0,🟢 OK
26,45,154,0.10929175874204344,0,🟢 OK
26,46,153,0.0948442055992566,0,🟢 OK
26,47,152,0.09314081545244113,0,🟢 OK
26,48,151,0.08984967432170321,0,🟢 OK
26,49,150,0.0773956651990026,0,🟢 OK
26,50,149,0.08641290590562134,0,🟢 OK
26,51,148,0.08532254177568643,0,🟢 OK
26,52,147,0.0840591886472295,0,🟢 OK
26,53,146,0.07629797727024967,0,🟢 OK
26,54,145,0.08416663826417131,0,🟢 OK
26,55,144,0.07670504329791877,0,🟢 OK
26,56,143,0.0960435366036117,0,🟢 OK
26,57,142,0.09321636596977512,0,🟢 OK
26,58,141,0.09641334399468621,0,🟢 OK
26,59,140,0.10050976699510661,0,🟢 OK
26,60,139,0.09260805818657619,0,🟢 OK
26,61,138,0.10273145133493572,0,🟢 OK
26,62,137,0.08782063971693527,0,🟢 OK
26,63,136,0.08927858057301885,0,🟢 OK
26,64,135,0.10200207990725857,0,🟢 OK
26,65,134,0.09027255804779943,0,🟢 OK
26,66,133,0.099146268831665,0,🟢 OK
26,67,132,0.11129767395345025,0,🟢 OK
26,68,131,0.10503073536004065,0,🟢 OK
26,69,130,0.09997555857671359,0,🟢 OK
26,70,129,0.10268915956845803,0,🟢 OK
26,71,128,0.09753734151413207,0,🟢 OK
26,72,127,0.10402236805795528,0,🟢 OK
26,73,126,0.10715600191817481,0,🟢 OK
26,74,125,0.10006012146939802,0,🟢 OK
26,75,124,0.1083120072456985,0,🟢 OK
26,76,123,0.11122450606043544,0,🟢 OK
26,77,122,0.10212533145831088,0,🟢 OK
26,78,121,0.10081931961656859,0,🟢 OK
26,79,120,0.09187099321390158,0,🟢 OK
26,80,119,0.08876601419093377,0,🟢 OK
26,81,118,0.07020140794928592,0,🟢 OK
26,82,117,0.06836202282300097,0,🟢 OK
26,83,116,0.07599531004334725,0,🟢 OK
26,84,115,0.08945244254068474,0,🟢 OK
26,85,114,0.08920661584369605,0,🟢 OK
26,86,113,0.0925048131427687,0,🟢 OK
26,87,112,0.08744598982080226,0,🟢 OK
26,88,111,0.07511969674005825,0,🟢 OK
26,89,110,0.06666321044102147,0,🟢 OK
26,90,109,0.0691861572293585,0,🟢 OK
26,91,108,0.08149874794051426,0,🟢 OK
26,92,107,0.07802665004824455,0,🟢 OK
26,93,106,0.07656956789765101,0,🟢 OK
26,94,105,0.0663348921266087,0,🟢 OK
26,95,104,0.08043943680062743,0,🟢 OK
26,96,103,0.0766613971550334,0,🟢 OK
26,97,102,0.06656181690586344,0,🟢 OK
26,98,101,0.08731010557340513,0,🟢 OK
26,99,100,0.08030348681173544,0,🟢 OK
26,100,99,0.08900285420062792,0,🟢 OK
26,101,98,0.10129647896931832,0,🟢 OK
26,102,97,0.09786242192868921,0,🟢 OK
26,103,96,0.11047368607055297,0,🟢 OK
26,104,95,0.09651725153504004,0,🟢 OK
26,105,94,0.08304838161368677,0,🟢 OK
26,106,93,0.09000681616410439,0,🟢 OK
26,107,92,0.0955650431776413,0,🟢 OK
26,108,91,0.09645127173585444,0,🟢 OK
26,109,90,0.0969368969168527,0,🟢 OK
26,110,89,0.09626797041224422,0,🟢 OK
26,111,88,0.08668469674641166,0,🟢 OK
26,112,87,0.09112951246503859,0,🟢 OK
26,113,86,0.0778620223625916,0,🟢 OK
26,114,85,0.07473190708306054,0,🟢 OK
26,115,84,0.08958466371984841,0,🟢 OK
26,116,83,0.09124200578729103,0,🟢 OK
26,117,82,0.07840090209602812,0,🟢 OK
26,118,81,0.07861464692459297,0,🟢 OK
26,119,80,0.08763950352476729,0,🟢 OK
26,120,79,0.09466525155666988,0,🟢 OK
26,121,78,0.07777283005183727,0,🟢 OK
26,122,77,0.07453618872965379,0,🟢 OK
26,123,76,0.08556491502414071,0,🟢 OK
26,124,75,0.08565815451743491,0,🟢 OK
26,125,74,0.07140430500450856,0,🟢 OK
26,126,73,0.07214447493016563,0,🟢 OK
26,127,72,0.07615863749180896,0,🟢 OK
26,128,71,0.08487556872742008,0,🟢 OK
26,129,70,0.07131397951632323,0,🟢 OK
26,130,69,0.062383458674432235,0,🟢 OK
26,131,68,0.06558194438159831,0,🟢 OK
26,132,67,0.06315195107520388,0,🟢 OK
26,133,66,0.05764664431492805,0,🟢 OK
26,134,65,0.04406559549350647,0,🟢 OK
26,135,64,0.043249066497232536,0,🟢 OK
26,136,63,0.04900512599368395,0,🟢 OK
26,137,62,0.039051445549692365,0,🟢 OK
26,138,61,0.05653285657692658,0,🟢 OK
26,139,60,0.04581186894524153,0,🟢 OK
26,140,59,0.05688753741326891,0,🟢 OK
26,141,58,0.043604550881960746,0,🟢 OK
26,142,57,0.03758631005226065,0,🟢 OK
26,143,56,0.039354259094212474,0,🟢 OK
26,144,55,0.06590851309820406,0,🟢 OK
26,145,54,0.057785027752907725,0,🟢 OK
26,146,53,0.05444999178533311,0,🟢 OK
26,147,52,0.051836615846026446,0,🟢 OK
26,148,51,0.04043571261572232,0,🟢 OK
26,149,50,0.04340176741818785,0,🟢 OK
26,150,49,0.030224061055301343,0,🟢 OK
26,151,48,0.034200551287452086,0,🟢 OK
26,152,47,0.03348781339272894,0,🟢 OK
26,153,46,0.03667819368293462,0,🟢 OK
26,154,45,0.027172162423735324,0,🟢 OK
26,155,44,0.023419931741153477,0,🟢 OK
26,156,43,0.02480329376782997,0,🟢 OK
26,157,42,0.013597545562209212,0,🟢 OK
26,158,41,0.028319501298705307,0,🟢 OK
26,159,40,0.011903792424781734,0,🟢 OK
26,160,39,0.00959323744147983,0,🟢 OK
26,161,38,0.012472654812013484,0,🟢 OK
26,162,37,0.007549555231844418,0,🟢 OK
26,163,36,0.005034784849829554,0,🟢 OK
26,164,35,0.010189965932982659,0,🟢 OK
26,165,34,0.012316007838930887,0,🟢 OK
26,166,33,0.00480451892564826,0,🟢 OK
26,167,32,0.013148146543790096,0,🟢 OK
26,168,31,0.005663774343698358,0,🟢 OK
26,169,30,0.006349666971952939,0,🟢 OK
26,170,29,-0.00036554626279894364,1,🟢 OK
26,171,28,0.01264114871704708,0,🟢 OK
26,172,27,0.0051665477537419235,0,🟢 OK
26,173,26,-0.005868683926079865,1,🟢 OK
26,174,25,-0.026937186188605078,1,🟢 OK
26,175,24,-0.017880900023766855,1,🟢 OK
26,176,23,-0.025152806147871853,1,🟢 OK
26,177,22,-0.02546745725248223,1,🟢 OK
26,178,21,-0.033476297953339396,1,🟢 OK
26,179,20,-0.027765262387683842,1,🟢 OK
26,180,19,-0.015603974764437534,1,🟢 OK
26,181,18,-0.021578523520311865,1,🟢 OK
26,182,17,-0.017187893442422775,1,🟢 OK
26,183,16,-0.017338012245035395,1,🟢 OK
26,184,15,-0.02207180273946352,1,🔴 ALERT
26,185,14,-0.020246266216144893,1,🔴 ALERT
26,186,13,-0.028094985597934552,1,🔴 ALERT
26,187,12,-0.03266346116201768,1,🔴 ALERT
26,188,11,-0.03649041680903087,1,🔴 ALERT
26,189,10,-0.04886556885519655,1,🔴 ALERT
26,190,9,-0.043996255701757025,1,🔴 ALERT
26,191,8,-0.04749657621938941,1,🔴 ALERT
26,192,7,-0.05084524757579678,1,🔴 ALERT
26,193,6,-0.03424286097203699,1,🔴 ALERT
26,194,5,-0.04248268352536122,1,🔴 ALERT
26,195,4,-0.05683468677746406,1,🔴 ALERT
26,196,3,-0.06408700562035163,1,🔴 ALERT
26,197,2,-0.05881444077059916,1,🔴 ALERT
26,198,1,-0.06445436297559226,1,🔴 ALERT
26,199,0,-0.07177778130046508,1,🔴 ALERT
27,1,155,0.11529000407169959,0,🟢 OK
27,2,154,0.025764087502389843,0,🟢 OK
27,3,153,0.07819468142394947,0,🟢 OK
27,4,152,0.10185232355508184,0,🟢 OK
27,5,151,0.1035030906153312,0,🟢 OK
27,6,150,0.11617021806464428,0,🟢 OK
27,7,149,0.0999476573463608,0,🟢 OK
27,8,148,0.09641576312160172,0,🟢 OK
27,9,147,0.1025692322973415,0,🟢 OK
27,10,146,0.10559034749030821,0,🟢 OK
27,11,145,0.1115930441157641,0,🟢 OK
27,12,144,0.12010004630786036,0,🟢 OK
27,13,143,0.11103512401082427,0,🟢 OK
27,14,142,0.11068355390755924,0,🟢 OK
27,15,141,0.11291194798532156,0,🟢 OK
27,16,140,0.11370875429403055,0,🟢 OK
27,17,139,0.11415089640929715,0,🟢 OK
27,18,138,0.12050073699570024,0,🟢 OK
27,19,137,0.11144695353885792,0,🟢 OK
27,20,136,0.10869756562066357,0,🟢 OK
27,21,135,0.11685572452103732,0,🟢 OK
27,22,134,0.11000662692612201,0,🟢 OK
27,23,133,0.11857746240436218,0,🟢 OK
27,24,132,0.11457381716524923,0,🟢 OK
27,25,131,0.10795053004729815,0,🟢 OK
27,26,130,0.12733708912744823,0,🟢 OK
27,27,129,0.1236155461991339,0,🟢 OK
27,28,128,0.114834525553692,0,🟢 OK
27,29,127,0.11969272471534326,0,🟢 OK
27,30,126,0.1169327452217645,0,🟢 OK
27,31,125,0.1166301756965461,0,🟢 OK
27,32,124,0.11020823227749166,0,🟢 OK
27,33,123,0.10800825295467298,0,🟢 OK
27,34,122,0.11834548427804853,0,🟢 OK
27,35,121,0.12072264308207553,0,🟢 OK
27,36,120,0.11209318051323597,0,🟢 OK
27,37,119,0.11578911952617926,0,🟢 OK
27,38,118,0.12873952825582285,0,🟢 OK
27,39,117,0.13170675416979033,0,🟢 OK
27,40,116,0.12609438208493495,0,🟢 OK
27,41,115,0.13104899509165086,0,🟢 OK
27,42,114,0.12596225269272637,0,🟢 OK
27,43,113,0.12601483806285263,0,🟢 OK
27,44,112,0.12859686768295076,0,🟢 OK
27,45,111,0.12837001511525198,0,🟢 OK
27,46,110,0.13457317734089114,0,🟢 OK
27,47,109,0.13115822775561825,0,🟢 OK
27,48,108,0.13288343688708504,0,🟢 OK
27,49,107,0.1331112253830939,0,🟢 OK
27,50,106,0.1347725980235141,0,🟢 OK
27,51,105,0.13094734779155792,0,🟢 OK
27,52,104,0.10603667592944827,0,🟢 OK
27,53,103,0.11634298883454308,0,🟢 OK
27,54,102,0.11298834623685572,0,🟢 OK
27,55,101,0.1033071191243467,0,🟢 OK
27,56,100,0.10095695895844009,0,🟢 OK
27,57,99,0.09360161882209267,0,🟢 OK
27,58,98,0.09762559747745864,0,🟢 OK
27,59,97,0.09534706994529774,0,🟢 OK
27,60,96,0.10004343906886509,0,🟢 OK
27,61,95,0.10117071471653821,0,🟢 OK
27,62,94,0.12089099979057011,0,🟢 OK
27,63,93,0.11556337376899484,0,🟢 OK
27,64,92,0.10937309973405657,0,🟢 OK
27,65,91,0.12578429739961977,0,🟢 OK
27,66,90,0.12777069782460548,0,🟢 OK
27,67,89,0.13383603527372528,0,🟢 OK
27,68,88,0.1253337063116593,0,🟢 OK
27,69,87,0.12465240957515589,0,🟢 OK
27,70,86,0.11804752623388082,0,🟢 OK
27,71,85,0.12107327063245982,0,🟢 OK
27,72,84,0.1203692008225215,0,🟢 OK
27,73,83,0.11845706216349583,0,🟢 OK
27,74,82,0.11996425593026899,0,🟢 OK
27,75,81,0.1105142122419932,0,🟢 OK
27,76,80,0.10413894324293355,0,🟢 OK
27,77,79,0.10535154744274483,0,🟢 OK
27,78,78,0.10246957449624783,0,🟢 OK
27,79,77,0.11354181223414506,0,🟢 OK
27,80,76,0.11947447209728562,0,🟢 OK
27,81,75,0.12139040144848923,0,🟢 OK
27,82,74,0.1195262073466607,0,🟢 OK
27,83,73,0.11873198060308576,0,🟢 OK
27,84,72,0.11711746157446024,0,🟢 OK
27,85,71,0.11554036187124711,0,🟢 OK
27,86,70,0.10327941756718578,0,🟢 OK
27,87,69,0.0967817136844214,0,🟢 OK
27,88,68,0.10436753290620587,0,🟢 OK
27,89,67,0.08855547573917716,0,🟢 OK
27,90,66,0.085505003522233,0,🟢 OK
27,91,65,0.07815794747973381,0,🟢 OK
27,92,64,0.07779219375899826,0,🟢 OK
27,93,63,0.07440330294528341,0,🟢 OK
27,94,62,0.08345921645758847,0,🟢 OK
27,95,61,0.0789138630274851,0,🟢 OK
27,96,60,0.0794002573279492,0,🟢 OK
27,97,59,0.07883528641451137,0,🟢 OK
27,98,58,0.07359579146831957,0,🟢 OK
27,99,57,0.07749674553531272,0,🟢 OK
27,100,56,0.08718268139529317,0,🟢 OK
27,101,55,0.09141684955797064,0,🟢 OK
27,102,54,0.08800936194244036,0,🟢 OK
27,103,53,0.07782029671706087,0,🟢 OK
27,104,52,0.07758905380956094,0,🟢 OK
27,105,51,0.08303340561993017,0,🟢 OK
27,106,50,0.08448821316583088,0,🟢 OK
27,107,49,0.08689372238820398,0,🟢 OK
27,108,48,0.09005623252949269,0,🟢 OK
27,109,47,0.0782640764136302,0,🟢 OK
27,110,46,0.05988963620850174,0,🟢 OK
27,111,45,0.05629146507262445,0,🟢 OK
27,112,44,0.052271116521845074,0,🟢 OK
27,113,43,0.06393917435264601,0,🟢 OK
27,114,42,0.06906200651712763,0,🟢 OK
27,115,41,0.07028110042896568,0,🟢 OK
27,116,40,0.06059702411371981,0,🟢 OK
27,117,39,0.062077804114471336,0,🟢 OK
27,118,38,0.03958605767523998,0,🟢 OK
27,119,37,0.04074387010319691,0,🟢 OK
27,120,36,0.03689621253117259,0,🟢 OK
27,121,35,0.028898595644353597,0,🟢 OK
27,122,34,0.035722598552767826,0,🟢 OK
27,123,33,0.026955386641894008,0,🟢 OK
27,124,32,0.028126806936595916,0,🟢 OK
27,125,31,0.018398186519797466,0,🟢 OK
27,126,30,0.028562537584880865,0,🟢 OK
27,127,29,0.041281890605905924,0,🟢 OK
27,128,28,0.03533904154214723,0,🟢 OK
27,129,27,0.026685895004866234,0,🟢 OK
27,130,26,0.0299241140147255,0,🟢 OK
27,131,25,0.012972561442514852,0,🟢 OK
27,132,24,0.0109909783739226,0,🟢 OK
27,133,23,0.008238914337469871,0,🟢 OK
27,134,22,0.0198270474239452,0,🟢 OK
27,135,21,0.011643863071968907,0,🟢 OK
27,136,20,0.012530149124036383,0,🟢 OK
27,137,19,0.01613619949936268,0,🟢 OK
27,138,18,0.005381521868522587,0,🟢 OK
27,139,17,0.0008487677719396514,0,🟢 OK
27,140,16,-0.011255493108735304,1,🟢 OK
27,141,15,-0.029268346323579553,1,🟢 OK
27,142,14,-0.026266674142860214,1,🟢 OK
27,143,13,-0.021455846347912977,1,🟢 OK
27,144,12,-0.046847090368862365,1,🟢 OK
27,145,11,-0.030424693555582083,1,🟢 OK
27,146,10,-0.02933201812851216,1,🟢 OK
27,147,9,-0.036190672800156753,1,🟢 OK
27,148,8,-0.03706066378587558,1,🟢 OK
27,149,7,-0.031025939399224045,1,🟢 OK
27,150,6,-0.061746397664888986,1,🟢 OK
27,151,5,-0.06905568678767016,1,🔴 ALERT
27,152,4,-0.06002616440397235,1,🔴 ALERT
27,153,3,-0.06199219459433436,1,🔴 ALERT
27,154,2,-0.07030767824957762,1,🔴 ALERT
27,155,1,-0.06040607906479134,1,🔴 ALERT
27,156,0,-0.052654788432444866,1,🔴 ALERT
28,1,164,0.06121309390909657,0,🟢 OK
28,2,163,-0.04131032212329877,0,🟢 OK
28,3,162,-0.030477103112808934,0,🟢 OK
28,4,161,0.005040730696212692,0,🟢 OK
28,5,160,0.008451119990519618,0,🟢 OK
28,6,159,0.018274422587986616,0,🟢 OK
28,7,158,0.025108057640886305,0,🟢 OK
28,8,157,0.04171190403888775,0,🟢 OK
28,9,156,0.04512258790438528,0,🟢 OK
28,10,155,0.047685203120773345,0,🟢 OK
28,11,154,0.0458550722035046,0,🟢 OK
28,12,153,0.05413933500567686,0,🟢 OK
28,13,152,0.05660926512060188,0,🟢 OK
28,14,151,0.050717802000343926,0,🟢 OK
28,15,150,0.04842431665572916,0,🟢 OK
28,16,149,0.03558402909384717,0,🟢 OK
28,17,148,0.01875419780275467,0,🟢 OK
28,18,147,0.043224754405289445,0,🟢 OK
28,19,146,0.04969829038415663,0,🟢 OK
28,20,145,0.04157314453918537,0,🟢 OK
28,21,144,0.03741532099241457,0,🟢 OK
28,22,143,0.04561312925329947,0,🟢 OK
28,23,142,0.046261457467058065,0,🟢 OK
28,24,141,0.05032186455769205,0,🟢 OK
28,25,140,0.046186050711103155,0,🟢 OK
28,26,139,0.03069779476070672,0,🟢 OK
28,27,138,0.04582749915431339,0,🟢 OK
28,28,137,0.04410574903842157,0,🟢 OK
28,29,136,0.04879610829297237,0,🟢 OK
28,30,135,0.051552842825551226,0,🟢 OK
28,31,134,0.05733182109909507,0,🟢 OK
28,32,133,0.05978252280999963,0,🟢 OK
28,33,132,0.04724709331669075,0,🟢 OK
28,34,131,0.05047076649695997,0,🟢 OK
28,35,130,0.04307794886127703,0,🟢 OK
28,36,129,0.021417774109301013,0,🟢 OK
28,37,128,0.027186298839734835,0,🟢 OK
28,38,127,0.04277403485939579,0,🟢 OK
28,39,126,0.04300752217165421,0,🟢 OK
28,40,125,0.052306356368230056,0,🟢 OK
28,41,124,0.04229278317081103,0,🟢 OK
28,42,123,0.04253163011822653,0,🟢 OK
28,43,122,0.046024239994209515,0,🟢 OK
28,44,121,0.06796115129132824,0,🟢 OK
28,45,120,0.06379370382504196,0,🟢 OK
28,46,119,0.05220258031868236,0,🟢 OK
28,47,118,0.058556157884486204,0,🟢 OK
28,48,117,0.04579899959429978,0,🟢 OK
28,49,116,0.05696482997645025,0,🟢 OK
28,50,115,0.04727385453784749,0,🟢 OK
28,51,114,0.053069722275133735,0,🟢 OK
28,52,113,0.05528174246314288,0,🟢 OK
28,53,112,0.05259850881055855,0,🟢 OK
28,54,111,0.050488285313568415,0,🟢 OK
28,55,110,0.05332698206777037,0,🟢 OK
28,56,109,0.0687752090521378,0,🟢 OK
28,57,108,0.07295485197281265,0,🟢 OK
28,58,107,0.07862283731691017,0,🟢 OK
28,59,106,0.07547251237017283,0,🟢 OK
28,60,105,0.07270401121181203,0,🟢 OK
28,61,104,0.0717929243201974,0,🟢 OK
28,62,103,0.07642294872850375,0,🟢 OK
28,63,102,0.07495163602339622,0,🟢 OK
28,64,101,0.06566685126802285,0,🟢 OK
28,65,100,0.0593373814216962,0,🟢 OK
28,66,99,0.05663181571352022,0,🟢 OK
28,67,98,0.05838110800248336,0,🟢 OK
28,68,97,0.06409886357820005,0,🟢 OK
28,69,96,0.0717647032665199,0,🟢 OK
28,70,95,0.06855078121496583,0,🟢 OK
28,71,94,0.06158646202559903,0,🟢 OK
28,72,93,0.06932438348170372,0,🟢 OK
28,73,92,0.06690374113010794,0,🟢 OK
28,74,91,0.06943917188609794,0,🟢 OK
28,75,90,0.06455279389140617,0,🟢 OK
28,76,89,0.07621349506475728,0,🟢 OK
28,77,88,0.06683744331691205,0,🟢 OK
28,78,87,0.061401419396953205,0,🟢 OK
28,79,86,0.04935790553452302,0,🟢 OK
28,80,85,0.06644342126063418,0,🟢 OK
28,81,84,0.07131898141340282,0,🟢 OK
28,82,83,0.06621630091678438,0,🟢 OK
28,83,82,0.07485060944700134,0,🟢 OK
28,84,81,0.05545981386121146,0,🟢 OK
28,85,80,0.07954419467899926,0,🟢 OK
28,86,79,0.07261347844576982,0,🟢 OK
28,87,78,0.08841993537195303,0,🟢 OK
28,88,77,0.08591203238445616,0,🟢 OK
28,89,76,0.08816564829673801,0,🟢 OK
28,90,75,0.09308918754092932,0,🟢 OK
28,91,74,0.09661668338914942,0,🟢 OK
28,92,73,0.09812253123078213,0,🟢 OK
28,93,72,0.07601830716515601,0,🟢 OK
28,94,71,0.07748051805937994,0,🟢 OK
28,95,70,0.07106323669043663,0,🟢 OK
28,96,69,0.07319580376295054,0,🟢 OK
28,97,68,0.07610037982276419,0,🟢 OK
28,98,67,0.08230056167208027,0,🟢 OK
28,99,66,0.0875046287895801,0,🟢 OK
28,100,65,0.08412205878552786,0,🟢 OK
28,101,64,0.07965089688779087,0,🟢 OK
28,102,63,0.07915415423281719,0,🟢 OK
28,103,62,0.09937211570550764,0,🟢 OK
28,104,61,0.10927556539972688,0,🟢 OK
28,105,60,0.11536491400181909,0,🟢 OK
28,106,59,0.11155469223827663,0,🟢 OK
28,107,58,0.1151257970929443,0,🟢 OK
28,108,57,0.09770894221736465,0,🟢 OK
28,109,56,0.09071422681691066,0,🟢 OK
28,110,55,0.09239800807160625,0,🟢 OK
28,111,54,0.08801497998336066,0,🟢 OK
28,112,53,0.09127707630733045,0,🟢 OK
28,113,52,0.10196806413439924,0,🟢 OK
28,114,51,0.11137835999490803,0,🟢 OK
28,115,50,0.09114811666634887,0,🟢 OK
28,116,49,0.10018910592510566,0,🟢 OK
28,117,48,0.10543674419723464,0,🟢 OK
28,118,47,0.12921690679528253,0,🟢 OK
28,119,46,0.12258725039161061,0,🟢 OK
28,120,45,0.12834221028603016,0,🟢 OK
28,121,44,0.12798641985073428,0,🟢 OK
28,122,43,0.12081739425221305,0,🟢 OK
28,123,42,0.12215081822155743,0,🟢 OK
28,124,41,0.12473804707632036,0,🟢 OK
28,125,40,0.1219690193927947,0,🟢 OK
28,126,39,0.10607766339648683,0,🟢 OK
28,127,38,0.11074357216126413,0,🟢 OK
28,128,37,0.10350819835622072,0,🟢 OK
28,129,36,0.10290589383185933,0,🟢 OK
28,130,35,0.0930157902609115,0,🟢 OK
28,131,34,0.09658924155585685,0,🟢 OK
28,132,33,0.1001356748287412,0,🟢 OK
28,133,32,0.09555372288143027,0,🟢 OK
28,134,31,0.09246549769300644,0,🟢 OK
28,135,30,0.078418728090009,0,🟢 OK
28,136,29,0.08077507924166488,0,🟢 OK
28,137,28,0.08736635358941763,0,🟢 OK
28,138,27,0.07418507535364244,0,🟢 OK
28,139,26,0.060808496319193384,0,🟢 OK
28,140,25,0.04805204375496597,0,🟢 OK
28,141,24,0.055445163094522465,0,🟢 OK
28,142,23,0.021486299973789202,0,🟢 OK
28,143,22,0.007893577805491825,0,🟢 OK
28,144,21,-0.0016537870718508207,1,🟢 OK
28,145,20,-0.0043026182797859525,1,🟢 OK
28,146,19,0.0002794077814137763,0,🟢 OK
28,147,18,0.011111045374750161,0,🟢 OK
28,148,17,0.008183579507996253,0,🟢 OK
28,149,16,-0.010473793340455506,1,🟢 OK
28,150,15,-0.01737383615092003,1,🟢 OK
28,151,14,-0.02202344804175027,1,🟢 OK
28,152,13,-0.02211889192281591,1,🟢 OK
28,153,12,-0.02131595280089016,1,🟢 OK
28,154,11,-0.040750942803246204,1,🟢 OK
28,155,10,-0.03560095252251494,1,🟢 OK
28,156,9,-0.042513998592530244,1,🟢 OK
28,157,8,-0.037837147257775094,1,🟢 OK
28,158,7,-0.03328235145804126,1,🟢 OK
28,159,6,-0.034844442458559,1,🔴 ALERT
28,160,5,-0.03579620302703734,1,🔴 ALERT
28,161,4,-0.031758661145690814,1,🔴 ALERT
28,162,3,-0.03434847613617675,1,🔴 ALERT
28,163,2,-0.04221265931112994,1,🔴 ALERT
28,164,1,-0.045815194214699595,1,🔴 ALERT
28,165,0,-0.04354975826338969,1,🔴 ALERT
29,1,162,0.10900683355004415,0,🟢 OK
29,2,161,0.04905841818796225,0,🟢 OK
29,3,160,0.09694032418631204,0,🟢 OK
29,4,159,0.08497765916565075,0,🟢 OK
29,5,158,0.10745308667615977,0,🟢 OK
29,6,157,0.11145607476980135,0,🟢 OK
29,7,156,0.11644936160839331,0,🟢 OK
29,8,155,0.11799997699028264,0,🟢 OK
29,9,154,0.12039307815765271,0,🟢 OK
29,10,153,0.12362711579804342,0,🟢 OK
29,11,152,0.12363269215969103,0,🟢 OK
29,12,151,0.12052454445535699,0,🟢 OK
29,13,150,0.11792429890944683,0,🟢 OK
29,14,149,0.11850581834677443,0,🟢 OK
29,15,148,0.12509396773085885,0,🟢 OK
29,16,147,0.1225463116119136,0,🟢 OK
29,17,146,0.11948221566811568,0,🟢 OK
29,18,145,0.1134795404427974,0,🟢 OK
29,19,144,0.1163111527852051,0,🟢 OK
29,20,143,0.1259127894044394,0,🟢 OK
29,21,142,0.11845843979292447,0,🟢 OK
29,22,141,0.12187145268877253,0,🟢 OK
29,23,140,0.12360253094425816,0,🟢 OK
29,24,139,0.12171517218850836,0,🟢 OK
29,25,138,0.11767388866017736,0,🟢 OK
29,26,137,0.1142184571189408,0,🟢 OK
29,27,136,0.11761469716764894,0,🟢 OK
29,28,135,0.1173614173034967,0,🟢 OK
29,29,134,0.1244777965271725,0,🟢 OK
29,30,133,0.11843018946678346,0,🟢 OK
29,31,132,0.12728148630383457,0,🟢 OK
29,32,131,0.13328799939309888,0,🟢 OK
29,33,130,0.13571519682053268,0,🟢 OK
29,34,129,0.13372663848370675,0,🟢 OK
29,35,128,0.12752362998999112,0,🟢 OK
29,36,127,0.12440915326214347,0,🟢 OK
29,37,126,0.12295582646872949,0,🟢 OK
29,38,125,0.1218320586787569,0,🟢 OK
29,39,124,0.12198141826233361,0,🟢 OK
29,40,123,0.12343352649988237,0,🟢 OK
29,41,122,0.12318264721849381,0,🟢 OK
29,42,121,0.12453625078129682,0,🟢 OK
29,43,120,0.11818114691528125,0,🟢 OK
29,44,119,0.1192373213634193,0,🟢 OK
29,45,118,0.11210359469859793,0,🟢 OK
29,46,117,0.10763063238848153,0,🟢 OK
29,47,116,0.11728385331878416,0,🟢 OK
29,48,115,0.11556012704466684,0,🟢 OK
29,49,114,0.12534227186862323,0,🟢 OK
29,50,113,0.11738003576718148,0,🟢 OK
29,51,112,0.11739624686149858,0,🟢 OK
29,52,111,0.11073240413124324,0,🟢 OK
29,53,110,0.1163006071470652,0,🟢 OK
29,54,109,0.1258057288403397,0,🟢 OK
29,55,108,0.12060544295805248,0,🟢 OK
29,56,107,0.12201268218458527,0,🟢 OK
29,57,106,0.12098189212468075,0,🟢 OK
29,58,105,0.12305365806985374,0,🟢 OK
29,59,104,0.11769273525270285,0,🟢 OK
29,60,103,0.12663945174068258,0,🟢 OK
29,61,102,0.12928352978076407,0,🟢 OK
29,62,101,0.1284545513673921,0,🟢 OK
29,63,100,0.12834936536668418,0,🟢 OK
29,64,99,0.13236584945493052,0,🟢 OK
29,65,98,0.12473049374244921,0,🟢 OK
29,66,97,0.1276076134899225,0,🟢 OK
29,67,96,0.1286443257451393,0,🟢 OK
29,68,95,0.1285267340113504,0,🟢 OK
29,69,94,0.131765092708369,0,🟢 OK
29,70,93,0.12172644507868025,0,🟢 OK
29,71,92,0.10292612717054966,0,🟢 OK
29,72,91,0.10643800447054691,0,🟢 OK
29,73,90,0.10919795558440926,0,🟢 OK
29,74,89,0.10537932319981397,0,🟢 OK
29,75,88,0.10572614649722306,0,🟢 OK
29,76,87,0.09773822536020771,0,🟢 OK
29,77,86,0.10876939075266295,0,🟢 OK
29,78,85,0.10681023097808467,0,🟢 OK
29,79,84,0.10542074699160886,0,🟢 OK
29,80,83,0.11185575813039222,0,🟢 OK
29,81,82,0.11257334922256834,0,🟢 OK
29,82,81,0.11184610154371544,0,🟢 OK
29,83,80,0.12036018443225177,0,🟢 OK
29,84,79,0.12519387445322328,0,🟢 OK
29,85,78,0.11293777862251914,0,🟢 OK
29,86,77,0.1209414775745315,0,🟢 OK
29,87,76,0.11330347924671652,0,🟢 OK
29,88,75,0.1169728436361624,0,🟢 OK
29,89,74,0.10566498841800409,0,🟢 OK
29,90,73,0.11347429577410834,0,🟢 OK
29,91,72,0.11296785235446977,0,🟢 OK
29,92,71,0.11713392123809019,0,🟢 OK
29,93,70,0.11323228759353826,0,🟢 OK
29,94,69,0.11451311548344212,0,🟢 OK
29,95,68,0.10190823714833636,0,🟢 OK
29,96,67,0.10339624403188641,0,🟢 OK
29,97,66,0.10391790948489726,0,🟢 OK
29,98,65,0.10061252034700885,0,🟢 OK
29,99,64,0.09492592259559224,0,🟢 OK
29,100,63,0.10522485254528374,0,🟢 OK
29,101,62,0.09138594163116387,0,🟢 OK
29,102,61,0.08563680548906605,0,🟢 OK
29,103,60,0.08583919781555188,0,🟢 OK
29,104,59,0.09260529660970057,0,🟢 OK
29,105,58,0.08571686128457934,0,🟢 OK
29,106,57,0.07870034343002452,0,🟢 OK
29,107,56,0.07820213375025231,0,🟢 OK
29,108,55,0.08813219977361575,0,🟢 OK
29,109,54,0.1010351605611513,0,🟢 OK
29,110,53,0.0906631139128748,0,🟢 OK
29,111,52,0.07995925662137549,0,🟢 OK
29,112,51,0.08242242170739217,0,🟢 OK
29,113,50,0.076256109890038,0,🟢 OK
29,114,49,0.0705385923935406,0,🟢 OK
29,115,48,0.06844737360617698,0,🟢 OK
29,116,47,0.06111504196059381,0,🟢 OK
29,117,46,0.057529364110867065,0,🟢 OK
29,118,45,0.06237926820142997,0,🟢 OK
29,119,44,0.05978489915770646,0,🟢 OK
29,120,43,0.059484712282864005,0,🟢 OK
29,121,42,0.06381698188074342,0,🟢 OK
29,122,41,0.06582481977363269,0,🟢 OK
29,123,40,0.07394604069491417,0,🟢 OK
29,124,39,0.06443894032710906,0,🟢 OK
29,125,38,0.05004993881511327,0,🟢 OK
29,126,37,0.04786406185926739,0,🟢 OK
29,127,36,0.05771481506051618,0,🟢 OK
29,128,35,0.05687788691529366,0,🟢 OK
29,129,34,0.041925754687595185,0,🟢 OK
29,130,33,0.02612856336792463,0,🟢 OK
29,131,32,0.023947611863719576,0,🟢 OK
29,132,31,0.03902446787649616,0,🟢 OK
29,133,30,0.04138123707665431,0,🟢 OK
29,134,29,0.039461929209681,0,🟢 OK
29,135,28,0.039851187524004406,0,🟢 OK
29,136,27,0.03496848971905342,0,🟢 OK
29,137,26,0.02256545116309322,0,🟢 OK
29,138,25,0.011037049205211202,0,🟢 OK
29,139,24,0.00847326883262417,0,🟢 OK
29,140,23,0.013372439115069301,0,🟢 OK
29,141,22,0.0057814170270585885,0,🟢 OK
29,142,21,-0.001746592193457186,1,🟢 OK
29,143,20,-0.0017847641252412005,1,🟢 OK
29,144,19,-0.005998442909336488,1,🟢 OK
29,145,18,-0.02637681128140079,1,🟢 OK
29,146,17,-0.016318003258236846,1,🟢 OK
29,147,16,-0.012286952198037104,1,🟢 OK
29,148,15,-0.02378917369716571,1,🟢 OK
29,149,14,-0.027946485812803346,1,🟢 OK
29,150,13,-0.04238052646641233,1,🟢 OK
29,151,12,-0.021372690398460903,1,🟢 OK
29,152,11,-0.025729195623819368,1,🟢 OK
29,153,10,-0.027038183145955186,1,🟢 OK
29,154,9,-0.023423488675726523,1,🟢 OK
29,155,8,-0.025576904921516652,1,🔴 ALERT
29,156,7,-0.031172697368633706,1,🔴 ALERT
29,157,6,-0.023648387280370775,1,🔴 ALERT
29,158,5,-0.02346337377163843,1,🔴 ALERT
29,159,4,-0.021060009404835323,1,🔴 ALERT
29,160,3,-0.02243760499193892,1,🔴 ALERT
29,161,2,-0.01932663986968919,1,🔴 ALERT
29,162,1,-0.028664532122060327,1,🔴 ALERT
29,163,0,-0.03281961631159991,1,🔴 ALERT
30,1,193,0.05959064808446912,0,🟢 OK
30,2,192,0.006892712501969822,0,🟢 OK
30,3,191,0.03531118276932982,0,🟢 OK
30,4,190,0.03450349765685501,0,🟢 OK
30,5,189,0.04931508049889427,0,🟢 OK
30,6,188,0.04182513173567254,0,🟢 OK
30,7,187,0.049220515874233095,0,🟢 OK
30,8,186,0.0471861980866532,0,🟢 OK
30,9,185,0.05371669880793406,0,🟢 OK
30,10,184,0.05238975882646729,0,🟢 OK
30,11,183,0.046026269679683096,0,🟢 OK
30,12,182,0.051412959065513686,0,🟢 OK
30,13,181,0.04310272848791136,0,🟢 OK
30,14,180,0.03589212350468396,0,🟢 OK
30,15,179,0.031683310605092774,0,🟢 OK
30,16,178,0.03914750393875216,0,🟢 OK
30,17,177,0.029160975116896415,0,🟢 OK
30,18,176,0.028312010031605828,0,🟢 OK
30,19,175,0.019923274973472516,0,🟢 OK
30,20,174,0.015692436646859986,0,🟢 OK
30,21,173,0.022601591314701852,0,🟢 OK
30,22,172,0.026067371617734814,0,🟢 OK
30,23,171,0.015095614054744633,0,🟢 OK
30,24,170,0.02420972548743583,0,🟢 OK
30,25,169,0.012858244540387864,0,🟢 OK
30,26,168,0.02861293116454644,0,🟢 OK
30,27,167,0.02400690915637954,0,🟢 OK
30,28,166,0.02672538270429964,0,🟢 OK
30,29,165,0.0302810985354941,0,🟢 OK
30,30,164,0.03317281121858129,0,🟢 OK
30,31,163,0.04286242707918697,0,🟢 OK
30,32,162,0.04553913183206354,0,🟢 OK
30,33,161,0.04651096138401212,0,🟢 OK
30,34,160,0.05390529431078067,0,🟢 OK
30,35,159,0.04818892085496834,0,🟢 OK
30,36,158,0.05284111574103051,0,🟢 OK
30,37,157,0.06023560103919717,0,🟢 OK
30,38,156,0.06736630847947306,0,🟢 OK
30,39,155,0.059031773477721095,0,🟢 OK
30,40,154,0.060595392669905546,0,🟢 OK
30,41,153,0.05180471143489973,0,🟢 OK
30,42,152,0.0392223255983295,0,🟢 OK
30,43,151,0.054785806559150496,0,🟢 OK
30,44,150,0.05171613681120224,0,🟢 OK
30,45,149,0.04925615446571141,0,🟢 OK
30,46,148,0.05335426180974495,0,🟢 OK
30,47,147,0.04955071439340575,0,🟢 OK
30,48,146,0.05030582211867862,0,🟢 OK
30,49,145,0.05763967263406461,0,🟢 OK
30,50,144,0.056125743558607555,0,🟢 OK
30,51,143,0.057319422248859386,0,🟢 OK
30,52,142,0.05882896883103328,0,🟢 OK
30,53,141,0.05340058525435698,0,🟢 OK
30,54,140,0.049654927954627726,0,🟢 OK
30,55,139,0.04620598051607683,0,🟢 OK
30,56,138,0.04329070957707293,0,🟢 OK
30,57,137,0.04271029435760282,0,🟢 OK
30,58,136,0.041526336093650584,0,🟢 OK
30,59,135,0.034325267924124936,0,🟢 OK
30,60,134,0.04339768522636683,0,🟢 OK
30,61,133,0.03178052261933373,0,🟢 OK
30,62,132,0.03228914311362724,0,🟢 OK
30,63,131,0.03207262727222304,0,🟢 OK
30,64,130,0.03998650754523614,0,🟢 OK
30,65,129,0.038851748470192016,0,🟢 OK
30,66,128,0.04838809322344656,0,🟢 OK
30,67,127,0.04493175609615968,0,🟢 OK
30,68,126,0.05599324826245283,0,🟢 OK
30,69,125,0.07181424512194612,0,🟢 OK
30,70,124,0.06991464170458483,0,🟢 OK
30,71,123,0.05885069991933056,0,🟢 OK
30,72,122,0.07264393440225853,0,🟢 OK
30,73,121,0.07143401290574147,0,🟢 OK
30,74,120,0.07601483272272774,0,🟢 OK
30,75,119,0.07709101649310512,0,🟢 OK
30,76,118,0.05616166784892451,0,🟢 OK
30,77,117,0.05545029713838734,0,🟢 OK
30,78,116,0.04393588023528372,0,🟢 OK
30,79,115,0.06887732245345601,0,🟢 OK
30,80,114,0.06862427438301738,0,🟢 OK
30,81,113,0.07205468934957548,0,🟢 OK
30,82,112,0.056134381068449535,0,🟢 OK
30,83,111,0.06367237017204702,0,🟢 OK
30,84,110,0.06671985698529687,0,🟢 OK
30,85,109,0.06862307810242751,0,🟢 OK
30,86,108,0.06917460890897464,0,🟢 OK
30,87,107,0.07202903594075388,0,🟢 OK
30,88,106,0.08947564643619932,0,🟢 OK
30,89,105,0.07908916839139729,0,🟢 OK
30,90,104,0.08430893787100713,0,🟢 OK
30,91,103,0.0831300703117604,0,🟢 OK
30,92,102,0.08724168911342145,0,🟢 OK
30,93,101,0.08658328295054107,0,🟢 OK
30,94,100,0.08523740927325058,0,🟢 OK
30,95,99,0.07111533996222719,0,🟢 OK
30,96,98,0.07359384681744868,0,🟢 OK
30,97,97,0.08003246250117563,0,🟢 OK
30,98,96,0.09089812327817387,0,🟢 OK
30,99,95,0.09876520446855075,0,🟢 OK
30,100,94,0.10232156849447666,0,🟢 OK
30,101,93,0.10355367055295872,0,🟢 OK
30,102,92,0.11042856163518516,0,🟢 OK
30,103,91,0.11126140106823246,0,🟢 OK
30,104,90,0.11201649575538086,0,🟢 OK
30,105,89,0.11337495502729006,0,🟢 OK
30,106,88,0.11040816222549388,0,🟢 OK
30,107,87,0.11195867844147045,0,🟢 OK
30,108,86,0.11009979819238713,0,🟢 OK
30,109,85,0.11140937828489722,0,🟢 OK
30,110,84,0.10285564669406433,0,🟢 OK
30,111,83,0.10295531718517115,0,🟢 OK
30,112,82,0.10184018105503706,0,🟢 OK
30,113,81,0.11504996945526386,0,🟢 OK
30,114,80,0.11264630196851777,0,🟢 OK
30,115,79,0.10900502554693026,0,🟢 OK
30,116,78,0.1140761955843339,0,🟢 OK
30,117,77,0.11253941538340445,0,🟢 OK
30,118,76,0.10829428462624324,0,🟢 OK
30,119,75,0.10524700746941074,0,🟢 OK
30,120,74,0.10055861854365777,0,🟢 OK
30,121,73,0.09687207352417149,0,🟢 OK
30,122,72,0.09616700775885195,0,🟢 OK
30,123,71,0.09797899305862645,0,🟢 OK
30,124,70,0.112443385028617,0,🟢 OK
30,125,69,0.09860165206109173,0,🟢 OK
30,126,68,0.09987925789337754,0,🟢 OK
30,127,67,0.10312501993167905,0,🟢 OK
30,128,66,0.11195544642641164,0,🟢 OK
30,129,65,0.11454433398412422,0,🟢 OK
30,130,64,0.10547462264127855,0,🟢 OK
30,131,63,0.12971603717036567,0,🟢 OK
30,132,62,0.124194088727136,0,🟢 OK
30,133,61,0.1233718166586607,0,🟢 OK
30,134,60,0.11621940156078081,0,🟢 OK
30,135,59,0.10902783323411919,0,🟢 OK
30,136,58,0.11460090953518293,0,🟢 OK
30,137,57,0.11878485301993674,0,🟢 OK
30,138,56,0.1209203757673934,0,🟢 OK
30,139,55,0.12793728045865604,0,🟢 OK
30,140,54,0.1328789064311739,0,🟢 OK
30,141,53,0.12631676416564191,0,🟢 OK
30,142,52,0.12185721028562624,0,🟢 OK
30,143,51,0.12202866724017736,0,🟢 OK
30,144,50,0.11706574651655782,0,🟢 OK
30,145,49,0.11316812778065954,0,🟢 OK
30,146,48,0.11738518675591514,0,🟢 OK
30,147,47,0.1171132555638345,0,🟢 OK
30,148,46,0.12314484312392532,0,🟢 OK
30,149,45,0.12409998300307612,0,🟢 OK
30,150,44,0.12079573186218706,0,🟢 OK
30,151,43,0.1153056146636835,0,🟢 OK
30,152,42,0.10965459431886854,0,🟢 OK
30,153,41,0.10725326317280748,0,🟢 OK
30,154,40,0.11551237589303276,0,🟢 OK
30,155,39,0.11373069109208639,0,🟢 OK
30,156,38,0.10525636592088133,0,🟢 OK
30,157,37,0.10409618582271524,0,🟢 OK
30,158,36,0.08530498862372154,0,🟢 OK
30,159,35,0.0914794866052116,0,🟢 OK
30,160,34,0.07591208030720403,0,🟢 OK
30,161,33,0.06376312521276162,0,🟢 OK
30,162,32,0.06608008223168632,0,🟢 OK
30,163,31,0.057110259904386396,0,🟢 OK
30,164,30,0.058052046832677506,0,🟢 OK
30,165,29,0.06678018918660372,0,🟢 OK
30,166,28,0.0613114176096628,0,🟢 OK
30,167,27,0.06684406524261732,0,🟢 OK
30,168,26,0.044074480699293594,0,🟢 OK
30,169,25,0.039352432972475204,0,🟢 OK
30,170,24,0.060852247381322444,0,🟢 OK
30,171,23,0.0525457124496535,0,🟢 OK
30,172,22,0.05297173659953042,0,🟢 OK
30,173,21,0.03614871191939134,0,🟢 OK
30,174,20,0.03139126375685064,0,🟢 OK
30,175,19,0.023807669180907542,0,🟢 OK
30,176,18,0.017474857624991236,0,🟢 OK
30,177,17,0.007573322212739542,0,🟢 OK
30,178,16,-0.007135691826509749,1,🟢 OK
30,179,15,-0.004186716325384809,1,🟢 OK
30,180,14,-0.008706326963246691,1,🟢 OK
30,181,13,-0.004057868264356168,1,🟢 OK
30,182,12,-0.00945981213712388,1,🟢 OK
30,183,11,-0.025143920157394417,1,🟢 OK
30,184,10,-0.02852289544956388,1,🟢 OK
30,185,9,-0.034880797081887294,1,🟢 OK
30,186,8,-0.030205287551826387,1,🟢 OK
30,187,7,-0.027961191262708684,1,🟢 OK
30,188,6,-0.037622365985300665,1,🟢 OK
30,189,5,-0.03837696240993049,1,🟢 OK
30,190,4,-0.033631825961498274,1,🟢 OK
30,191,3,-0.03276589065499824,1,🟢 OK
30,192,2,-0.032654916747075435,1,🔴 ALERT
30,193,1,-0.01944219284591464,1,🔴 ALERT
30,194,0,-0.021462277401269825,1,🔴 ALERT
31,1,233,0.06824516749778825,0,🟢 OK
31,2,232,0.014713649060084655,0,🟢 OK
31,3,231,0.01120026794952017,0,🟢 OK
31,4,230,0.021574143875652707,0,🟢 OK
31,5,229,0.038199414755043626,0,🟢 OK
31,6,228,0.04785688421950568,0,🟢 OK
31,7,227,0.05468010945478424,0,🟢 OK
31,8,226,0.06014698311248351,0,🟢 OK
31,9,225,0.0725372743638324,0,🟢 OK
31,10,224,0.07386407411889051,0,🟢 OK
31,11,223,0.07119553878835244,0,🟢 OK
31,12,222,0.06980535126118842,0,🟢 OK
31,13,221,0.06327650683776592,0,🟢 OK
31,14,220,0.06988245882996047,0,🟢 OK
31,15,219,0.07832838787023882,0,🟢 OK
31,16,218,0.07490269929203497,0,🟢 OK
31,17,217,0.07460232325901467,0,🟢 OK
31,18,216,0.06533318703295882,0,🟢 OK
31,19,215,0.04924201921031113,0,🟢 OK
31,20,214,0.05820845716880174,0,🟢 OK
31,21,213,0.06054179284567607,0,🟢 OK
31,22,212,0.05936904711813584,0,🟢 OK
31,23,211,0.07905988173871209,0,🟢 OK
31,24,210,0.07305607120823282,0,🟢 OK
31,25,209,0.07286581622297839,0,🟢 OK
31,26,208,0.0654255095533785,0,🟢 OK
31,27,207,0.0547548929750688,0,🟢 OK
31,28,206,0.07621102505465394,0,🟢 OK
31,29,205,0.0845907385431044,0,🟢 OK
31,30,204,0.08805513268720522,0,🟢 OK
31,31,203,0.07529655697418736,0,🟢 OK
31,32,202,0.0691706559017618,0,🟢 OK
31,33,201,0.07485578635977219,0,🟢 OK
31,34,200,0.06892940298838157,0,🟢 OK
31,35,199,0.07026638769689741,0,🟢 OK
31,36,198,0.0726785176672925,0,🟢 OK
31,37,197,0.07146026434276015,0,🟢 OK
31,38,196,0.06701180602070039,0,🟢 OK
31,39,195,0.07069610702670998,0,🟢 OK
31,40,194,0.06952415565912257,0,🟢 OK
31,41,193,0.06376825299864325,0,🟢 OK
31,42,192,0.0614258306113421,0,🟢 OK
31,43,191,0.055628913983261474,0,🟢 OK
31,44,190,0.061510174553153885,0,🟢 OK
31,45,189,0.0699690933136754,0,🟢 OK
31,46,188,0.06084179061909872,0,🟢 OK
31,47,187,0.05407081618947057,0,🟢 OK
31,48,186,0.047437071487746174,0,🟢 OK
31,49,185,0.024027285346850835,0,🟢 OK
31,50,184,0.04138518271485714,0,🟢 OK
31,51,183,0.05921661063924888,0,🟢 OK
31,52,182,0.04738973805334501,0,🟢 OK
31,53,181,0.04362220393569988,0,🟢 OK
31,54,180,0.05156552802569342,0,🟢 OK
31,55,179,0.04187566805049853,0,🟢 OK
31,56,178,0.05833819365118281,0,🟢 OK
31,57,177,0.05473005701013922,0,🟢 OK
31,58,176,0.07567742881562994,0,🟢 OK
31,59,175,0.08686029046978566,0,🟢 OK
31,60,174,0.09241389914308368,0,🟢 OK
31,61,173,0.073334234344614,0,🟢 OK
31,62,172,0.0748415792148251,0,🟢 OK
31,63,171,0.05605894036240883,0,🟢 OK
31,64,170,0.05782778118762205,0,🟢 OK
31,65,169,0.04810308398197555,0,🟢 OK
31,66,168,0.061587647292997816,0,🟢 OK
31,67,167,0.07557119991988714,0,🟢 OK
31,68,166,0.06646851568904377,0,🟢 OK
31,69,165,0.06143424559997329,0,🟢 OK
31,70,164,0.06031454621969523,0,🟢 OK
31,71,163,0.06530336589046681,0,🟢 OK
31,72,162,0.06467641752417591,0,🟢 OK
31,73,161,0.07356713236230139,0,🟢 OK
31,74,160,0.07618821721176461,0,🟢 OK
31,75,159,0.07644387257228874,0,🟢 OK
31,76,158,0.0693794131578962,0,🟢 OK
31,77,157,0.0871092474293717,0,🟢 OK
31,78,156,0.08638956329572461,0,🟢 OK
31,79,155,0.09022891734778204,0,🟢 OK
31,80,154,0.09628099816168678,0,🟢 OK
31,81,153,0.07023650521713176,0,🟢 OK
31,82,152,0.06814527834431294,0,🟢 OK
31,83,151,0.0801894564335448,0,🟢 OK
31,84,150,0.07836740336876352,0,🟢 OK
31,85,149,0.058827546131340225,0,🟢 OK
31,86,148,0.0655712120256225,0,🟢 OK
31,87,147,0.06448302873627759,0,🟢 OK
31,88,146,0.05826864143385274,0,🟢 OK
31,89,145,0.04951387829922754,0,🟢 OK
31,90,144,0.047730096268864874,0,🟢 OK
31,91,143,0.06972415068854176,0,🟢 OK
31,92,142,0.09112716573325413,0,🟢 OK
31,93,141,0.07833347031364996,0,🟢 OK
31,94,140,0.08661318165895998,0,🟢 OK
31,95,139,0.10441275964987212,0,🟢 OK
31,96,138,0.09970740206655837,0,🟢 OK
31,97,137,0.09491261768870757,0,🟢 OK
31,98,136,0.10387687241159627,0,🟢 OK
31,99,135,0.10365196041951263,0,🟢 OK
31,100,134,0.10713761538934746,0,🟢 OK
31,101,133,0.09660251780196571,0,🟢 OK
31,102,132,0.09775187057937551,0,🟢 OK
31,103,131,0.10050496623706029,0,🟢 OK
31,104,130,0.0956239676822026,0,🟢 OK
31,105,129,0.08173786199737837,0,🟢 OK
31,106,128,0.06858848525942163,0,🟢 OK
31,107,127,0.06100884076082719,0,🟢 OK
31,108,126,0.06310195815248404,0,🟢 OK
31,109,125,0.054968809963272025,0,🟢 OK
31,110,124,0.06086161679913066,0,🟢 OK
31,111,123,0.08749712440142982,0,🟢 OK
31,112,122,0.08430289053609502,0,🟢 OK
31,113,121,0.07921920201189153,0,🟢 OK
31,114,120,0.08137508617278627,0,🟢 OK
31,115,119,0.0970355855171326,0,🟢 OK
31,116,118,0.09030615568950107,0,🟢 OK
31,117,117,0.08882000507814308,0,🟢 OK
31,118,116,0.09510717575651195,0,🟢 OK
31,119,115,0.11237227711800774,0,🟢 OK
31,120,114,0.10450540768610578,0,🟢 OK
31,121,113,0.10020925648473727,0,🟢 OK
31,122,112,0.1075234263039529,0,🟢 OK
31,123,111,0.10741006888423538,0,🟢 OK
31,124,110,0.10801263413554302,0,🟢 OK
31,125,109,0.10364134112923618,0,🟢 OK
31,126,108,0.08636164802031937,0,🟢 OK
31,127,107,0.08710704156050486,0,🟢 OK
31,128,106,0.08724810717254639,0,🟢 OK
31,129,105,0.05338097589239421,0,🟢 OK
31,130,104,0.03941256170714702,0,🟢 OK
31,131,103,0.05697904771585732,0,🟢 OK
31,132,102,0.06080333989644959,0,🟢 OK
31,133,101,0.06253025878208618,0,🟢 OK
31,134,100,0.07036150785063833,0,🟢 OK
31,135,99,0.057602124215506256,0,🟢 OK
31,136,98,0.08724262053006648,0,🟢 OK
31,137,97,0.08672411845342048,0,🟢 OK
31,138,96,0.08731916854003491,0,🟢 OK
31,139,95,0.10523841081029045,0,🟢 OK
31,140,94,0.12133078569376693,0,🟢 OK
31,141,93,0.11489233271653393,0,🟢 OK
31,142,92,0.11076045527344736,0,🟢 OK
31,143,91,0.10999215230683174,0,🟢 OK
31,144,90,0.11814643559009325,0,🟢 OK
31,145,89,0.11600461345283392,0,🟢 OK
31,146,88,0.11850745799003765,0,🟢 OK
31,147,87,0.11035067863321513,0,🟢 OK
31,148,86,0.10368425050060287,0,🟢 OK
31,149,85,0.10528078951297498,0,🟢 OK
31,150,84,0.10286677980961784,0,🟢 OK
31,151,83,0.0855507845852777,0,🟢 OK
31,152,82,0.0897122221136405,0,🟢 OK
31,153,81,0.09624220699124564,0,🟢 OK
31,154,80,0.09644663626893318,0,🟢 OK
31,155,79,0.09640985648471961,0,🟢 OK
31,156,78,0.09579595803097779,0,🟢 OK
31,157,77,0.09900804475748926,0,🟢 OK
31,158,76,0.10365910898327091,0,🟢 OK
31,159,75,0.11084942275513443,0,🟢 OK
31,160,74,0.10414266412574935,0,🟢 OK
31,161,73,0.10624035566627887,0,🟢 OK
31,162,72,0.11034131763690092,0,🟢 OK
31,163,71,0.11942994995074135,0,🟢 OK
31,164,70,0.11433228067002066,0,🟢 OK
31,165,69,0.11611680651133305,0,🟢 OK
31,166,68,0.11987721743700042,0,🟢 OK
31,167,67,0.11337000410408304,0,🟢 OK
31,168,66,0.12102253642171074,0,🟢 OK
31,169,65,0.11385578017288417,0,🟢 OK
31,170,64,0.11788895954375211,0,🟢 OK
31,171,63,0.11720733426651442,0,🟢 OK
31,172,62,0.10617061135051487,0,🟢 OK
31,173,61,0.11600556632440728,0,🟢 OK
31,174,60,0.11898333785631099,0,🟢 OK
31,175,59,0.1207190053765434,0,🟢 OK
31,176,58,0.1094132905366012,0,🟢 OK
31,177,57,0.11046886055328176,0,🟢 OK
31,178,56,0.10921356484041805,0,🟢 OK
31,179,55,0.10931046196879673,0,🟢 OK
31,180,54,0.11992007538583493,0,🟢 OK
31,181,53,0.11406665603830196,0,🟢 OK
31,182,52,0.11708257278321554,0,🟢 OK
31,183,51,0.11455102491591668,0,🟢 OK
31,184,50,0.1150215337541079,0,🟢 OK
31,185,49,0.1114890932076732,0,🟢 OK
31,186,48,0.11030086551507573,0,🟢 OK
31,187,47,0.11314362899830038,0,🟢 OK
31,188,46,0.10472917803365284,0,🟢 OK
31,189,45,0.09470715467888047,0,🟢 OK
31,190,44,0.08222943438089125,0,🟢 OK
31,191,43,0.07579592087958731,0,🟢 OK
31,192,42,0.07273069824928924,0,🟢 OK
31,193,41,0.07601643705284916,0,🟢 OK
31,194,40,0.07142528412025251,0,🟢 OK
31,195,39,0.07211299918965919,0,🟢 OK
31,196,38,0.0735640776237711,0,🟢 OK
31,197,37,0.07423484762635685,0,🟢 OK
31,198,36,0.07980602774268264,0,🟢 OK
31,199,35,0.06949895328903116,0,🟢 OK
31,200,34,0.054860831204711025,0,🟢 OK
31,201,33,0.0462523970137827,0,🟢 OK
31,202,32,0.05105284068131327,0,🟢 OK
31,203,31,0.04441388516926059,0,🟢 OK
31,204,30,0.03352090695391807,0,🟢 OK
31,205,29,0.025899159525945292,0,🟢 OK
31,206,28,0.010389505815793065,0,🟢 OK
31,207,27,0.005087679069556095,0,🟢 OK
31,208,26,-0.016096957813324653,1,🟢 OK
31,209,25,-0.00982107451854286,1,🟢 OK
31,210,24,-0.013987878407868415,1,🟢 OK
31,211,23,-0.031728599867451246,1,🟢 OK
31,212,22,-0.05096662505547156,1,🟢 OK
31,213,21,-0.03773298187076668,1,🟢 OK
31,214,20,-0.04021271811540894,1,🟢 OK
31,215,19,-0.03217150054784068,1,🟢 OK
31,216,18,-0.02325546472978257,1,🟢 OK
31,217,17,-0.013987544846251088,1,🟢 OK
31,218,16,-0.022125571022785673,1,🟢 OK
31,219,15,-0.023885627964690292,1,🔴 ALERT
31,220,14,-0.014691137176381486,1,🔴 ALERT
31,221,13,-0.027538783361608976,1,🔴 ALERT
31,222,12,-0.02543187303844263,1,🔴 ALERT
31,223,11,-0.012605878351449995,1,🔴 ALERT
31,224,10,-0.021980311989904244,1,🔴 ALERT
31,225,9,-0.021427866218795888,1,🔴 ALERT
31,226,8,-0.025881250286309387,1,🔴 ALERT
31,227,7,-0.02501660223383073,1,🔴 ALERT
31,228,6,-0.015969454120869586,1,🔴 ALERT
31,229,5,-0.017230224714321674,1,🔴 ALERT
31,230,4,-0.018774325640411038,1,🔴 ALERT
31,231,3,-0.02211042316727241,1,🔴 ALERT
31,232,2,-0.02081579741970785,1,🔴 ALERT
31,233,1,-0.014254033054712067,1,🔴 ALERT
31,234,0,-0.01775263705893604,1,🔴 ALERT
32,1,190,0.09038180041674598,0,🟢 OK
32,2,189,0.04634484107936654,0,🟢 OK
32,3,188,0.052081163302334754,0,🟢 OK
32,4,187,0.07854093240291737,0,🟢 OK
32,5,186,0.08729183165585674,0,🟢 OK
32,6,185,0.10298855445967353,0,🟢 OK
32,7,184,0.09583827941446488,0,🟢 OK
32,8,183,0.09057325207109895,0,🟢 OK
32,9,182,0.09112950652900476,0,🟢 OK
32,10,181,0.08557243302438533,0,🟢 OK
32,11,180,0.09217930228905369,0,🟢 OK
32,12,179,0.09815872170740536,0,🟢 OK
32,13,178,0.10290889734017455,0,🟢 OK
32,14,177,0.1025218967192581,0,🟢 OK
32,15,176,0.09176281403213948,0,🟢 OK
32,16,175,0.08520581541196326,0,🟢 OK
32,17,174,0.0858785040429697,0,🟢 OK
32,18,173,0.08882773805995292,0,🟢 OK
32,19,172,0.09812636161753807,0,🟢 OK
32,20,171,0.0849013194911371,0,🟢 OK
32,21,170,0.08750862270675014,0,🟢 OK
32,22,169,0.09879129274772303,0,🟢 OK
32,23,168,0.0965851977703237,0,🟢 OK
32,24,167,0.08665876443668558,0,🟢 OK
32,25,166,0.0929291660577764,0,🟢 OK
32,26,165,0.0927507248737201,0,🟢 OK
32,27,164,0.09589014424824766,0,🟢 OK
32,28,163,0.07907554458732252,0,🟢 OK
32,29,162,0.09411881622282381,0,🟢 OK
32,30,161,0.09430316297708458,0,🟢 OK
32,31,160,0.10262508988504027,0,🟢 OK
32,32,159,0.09403142592420805,0,🟢 OK
32,33,158,0.09460910397379824,0,🟢 OK
32,34,157,0.09656434570188926,0,🟢 OK
32,35,156,0.09837291293188849,0,🟢 OK
32,36,155,0.10358593575066877,0,🟢 OK
32,37,154,0.09481188233180637,0,🟢 OK
32,38,153,0.08586475309843966,0,🟢 OK
32,39,152,0.08384812499289623,0,🟢 OK
32,40,151,0.09113259526771428,0,🟢 OK
32,41,150,0.08909563113748603,0,🟢 OK
32,42,149,0.105202224410674,0,🟢 OK
32,43,148,0.1011671497788611,0,🟢 OK
32,44,147,0.09115540570490754,0,🟢 OK
32,45,146,0.09405175942059518,0,🟢 OK
32,46,145,0.10721615848714655,0,🟢 OK
32,47,144,0.10530093555331554,0,🟢 OK
32,48,143,0.1048493120212729,0,🟢 OK
32,49,142,0.11383867432881345,0,🟢 OK
32,50,141,0.11486974997423965,0,🟢 OK
32,51,140,0.11759240527809373,0,🟢 OK
32,52,139,0.1201277775137683,0,🟢 OK
32,53,138,0.11377948862272474,0,🟢 OK
32,54,137,0.1155232590365266,0,🟢 OK
32,55,136,0.11339664988918147,0,🟢 OK
32,56,135,0.11431555006054694,0,🟢 OK
32,57,134,0.11135094130496176,0,🟢 OK
32,58,133,0.11018598644876781,0,🟢 OK
32,59,132,0.11964822379834622,0,🟢 OK
32,60,131,0.11158502962075306,0,🟢 OK
32,61,130,0.1167788162096588,0,🟢 OK
32,62,129,0.11950057316057217,0,🟢 OK
32,63,128,0.11698675528369828,0,🟢 OK
32,64,127,0.11491996112701858,0,🟢 OK
32,65,126,0.11338546364760355,0,🟢 OK
32,66,125,0.1025379311105884,0,🟢 OK
32,67,124,0.0930397118924775,0,🟢 OK
32,68,123,0.08747168857151,0,🟢 OK
32,69,122,0.08708084838819002,0,🟢 OK
32,70,121,0.08064916270673245,0,🟢 OK
32,71,120,0.0786274615027705,0,🟢 OK
32,72,119,0.0752396684897666,0,🟢 OK
32,73,118,0.07063976537841515,0,🟢 OK
32,74,117,0.08454559582370796,0,🟢 OK
32,75,116,0.0772315483855634,0,🟢 OK
32,76,115,0.08797274049709419,0,🟢 OK
32,77,114,0.087794927074544,0,🟢 OK
32,78,113,0.08562079284920515,0,🟢 OK
32,79,112,0.0883232803843988,0,🟢 OK
32,80,111,0.07986505159630752,0,🟢 OK
32,81,110,0.08233692135791848,0,🟢 OK
32,82,109,0.0873666025205948,0,🟢 OK
32,83,108,0.10017565654636235,0,🟢 OK
32,84,107,0.09437093030908567,0,🟢 OK
32,85,106,0.10325938023861708,0,🟢 OK
32,86,105,0.10427596272422007,0,🟢 OK
32,87,104,0.1010440445983149,0,🟢 OK
32,88,103,0.0858842749678359,0,🟢 OK
32,89,102,0.09088851245976487,0,🟢 OK
32,90,101,0.0997305083136476,0,🟢 OK
32,91,100,0.08976574295872297,0,🟢 OK
32,92,99,0.08337354686383985,0,🟢 OK
32,93,98,0.0825247719147621,0,🟢 OK
32,94,97,0.08412192798089635,0,🟢 OK
32,95,96,0.08916289108750786,0,🟢 OK
32,96,95,0.08201238616386564,0,🟢 OK
32,97,94,0.082585843967459,0,🟢 OK
32,98,93,0.08941334522320898,0,🟢 OK
32,99,92,0.09774302569227356,0,🟢 OK
32,100,91,0.08620964184908292,0,🟢 OK
32,101,90,0.08443698745384293,0,🟢 OK
32,102,89,0.08998200168779363,0,🟢 OK
32,103,88,0.09156291026205998,0,🟢 OK
32,104,87,0.08504034594094512,0,🟢 OK
32,105,86,0.08763870465139356,0,🟢 OK
32,106,85,0.08104606291030042,0,🟢 OK
32,107,84,0.07722941747941753,0,🟢 OK
32,108,83,0.07224144891106249,0,🟢 OK
32,109,82,0.09749011859313633,0,🟢 OK
32,110,81,0.09373547899355322,0,🟢 OK
32,111,80,0.08166586644866752,0,🟢 OK
32,112,79,0.07548217729992557,0,🟢 OK
32,113,78,0.07535557791548553,0,🟢 OK
32,114,77,0.08501761557444759,0,🟢 OK
32,115,76,0.07295129849046383,0,🟢 OK
32,116,75,0.06696222855871486,0,🟢 OK
32,117,74,0.07280647034574805,0,🟢 OK
32,118,73,0.061854733351762226,0,🟢 OK
32,119,72,0.0605224798305255,0,🟢 OK
32,120,71,0.05407087303796149,0,🟢 OK
32,121,70,0.0417299227160029,0,🟢 OK
32,122,69,0.04757837090508227,0,🟢 OK
32,123,68,0.050608331570690834,0,🟢 OK
32,124,67,0.054608147694865994,0,🟢 OK
32,125,66,0.047178152529499584,0,🟢 OK
32,126,65,0.043062100185301544,0,🟢 OK
32,127,64,0.0409704141122505,0,🟢 OK
32,128,63,0.048376825543390956,0,🟢 OK
32,129,62,0.03444313959945006,0,🟢 OK
32,130,61,0.04537666533296719,0,🟢 OK
32,131,60,0.02370097709552954,0,🟢 OK
32,132,59,0.02254160211822792,0,🟢 OK
32,133,58,0.018662124233023603,0,🟢 OK
32,134,57,0.01081177442334147,0,🟢 OK
32,135,56,0.015652984475779064,0,🟢 OK
32,136,55,-0.0016629745589243905,1,🟢 OK
32,137,54,0.004998673170677481,0,🟢 OK
32,138,53,-0.011414308867506162,1,🟢 OK
32,139,52,-0.005181245591731942,1,🟢 OK
32,140,51,-0.008146678627842463,1,🟢 OK
32,141,50,0.0024533846606800136,0,🟢 OK
32,142,49,-0.0013629610788218338,1,🟢 OK
32,143,48,-0.0066794048183812516,1,🟢 OK
32,144,47,-0.0028783639135964156,1,🟢 OK
32,145,46,0.008425829161888498,0,🟢 OK
32,146,45,0.007679413420069281,0,🟢 OK
32,147,44,0.0067862065422727436,0,🟢 OK
32,148,43,0.013945886169924815,0,🟢 OK
32,149,42,0.015015938560052178,0,🟢 OK
32,150,41,0.008395218486621947,0,🟢 OK
32,151,40,0.019808594044316896,0,🟢 OK
32,152,39,0.02011905257119173,0,🟢 OK
32,153,38,0.003968939708331898,0,🟢 OK
32,154,37,-0.003999777413173922,1,🟢 OK
32,155,36,-0.003689652215199901,1,🟢 OK
32,156,35,-0.002174158418639216,1,🟢 OK
32,157,34,-0.005064513931272496,1,🟢 OK
32,158,33,0.0020087815371963025,0,🟢 OK
32,159,32,-0.0062207382595446115,1,🟢 OK
32,160,31,-0.004349485852904844,1,🟢 OK
32,161,30,-0.013734784115800092,1,🟢 OK
32,162,29,-0.024733805828393796,1,🟢 OK
32,163,28,-0.015227982292007725,1,🟢 OK
32,164,27,-0.02138791929358197,1,🟢 OK
32,165,26,-0.0198944773670251,1,🟢 OK
32,166,25,-0.02709090843276607,1,🟢 OK
32,167,24,-0.026703758499795005,1,🟢 OK
32,168,23,-0.02131012441646507,1,🟢 OK
32,169,22,-0.012652154000123872,1,🔴 ALERT
32,170,21,-0.01244946059898544,1,🔴 ALERT
32,171,20,-0.02926950526151728,1,🔴 ALERT
32,172,19,-0.04340593670227966,1,🔴 ALERT
32,173,18,-0.038704808345650266,1,🔴 ALERT
32,174,17,-0.045348144936144585,1,🔴 ALERT
32,175,16,-0.051436444328631814,1,🔴 ALERT
32,176,15,-0.05542551206307467,1,🔴 ALERT
32,177,14,-0.05292255726391426,1,🔴 ALERT
32,178,13,-0.05132385175729404,1,🔴 ALERT
32,179,12,-0.055514543506926195,1,🔴 ALERT
32,180,11,-0.047712127092848,1,🔴 ALERT
32,181,10,-0.055046576783776,1,🔴 ALERT
32,182,9,-0.04901212430220958,1,🔴 ALERT
32,183,8,-0.049815507664692005,1,🔴 ALERT
32,184,7,-0.03676898784102012,1,🔴 ALERT
32,185,6,-0.03201204009185066,1,🔴 ALERT
32,186,5,-0.032648211556073226,1,🔴 ALERT
32,187,4,-0.027825000026773794,1,🔴 ALERT
32,188,3,-0.026612847706727116,1,🔴 ALERT
32,189,2,-0.026834645175941918,1,🔴 ALERT
32,190,1,-0.02923694409171884,1,🔴 ALERT
32,191,0,-0.05135661324316987,1,🔴 ALERT
33,1,199,0.07391254022545679,0,🟢 OK
33,2,198,-0.02444046892438312,0,🟢 OK
33,3,197,-0.024618870973786455,0,🟢 OK
33,4,196,0.002561958974872769,0,🟢 OK
33,5,195,0.020873895376251894,0,🟢 OK
33,6,194,0.01374863214275801,0,🟢 OK
33,7,193,0.02816823699056642,0,🟢 OK
33,8,192,0.026467917921535244,0,🟢 OK
33,9,191,0.02689018645127933,0,🟢 OK
33,10,190,0.01966520171857955,0,🟢 OK
33,11,189,0.022322158103643575,0,🟢 OK
33,12,188,0.02253846797159359,0,🟢 OK
33,13,187,0.01507917626547367,0,🟢 OK
33,14,186,0.007677217845450668,0,🟢 OK
33,15,185,0.008705788985475527,0,🟢 OK
33,16,184,0.019413583889351105,0,🟢 OK
33,17,183,0.021752583972822148,0,🟢 OK
33,18,182,0.011448815766333942,0,🟢 OK
33,19,181,0.01305876867533795,0,🟢 OK
33,20,180,-0.002384575566414693,1,🟢 OK
33,21,179,0.0003834522832559806,0,🟢 OK
33,22,178,-0.011190594927719899,1,🟢 OK
33,23,177,-0.01642198153258334,1,🟢 OK
33,24,176,-0.009752407334402968,1,🟢 OK
33,25,175,0.01422500403537652,0,🟢 OK
33,26,174,0.03336702631683525,0,🟢 OK
33,27,173,0.03837417211673472,0,🟢 OK
33,28,172,0.050072766361663745,0,🟢 OK
33,29,171,0.04395266682661292,0,🟢 OK
33,30,170,0.04601091438796895,0,🟢 OK
33,31,169,0.03958279902560746,0,🟢 OK
33,32,168,0.022167153006283913,0,🟢 OK
33,33,167,0.025369075009398723,0,🟢 OK
33,34,166,0.03796872288258296,0,🟢 OK
33,35,165,0.030243778238094543,0,🟢 OK
33,36,164,0.021564874187679217,0,🟢 OK
33,37,163,0.035902852990149614,0,🟢 OK
33,38,162,0.03207576811068946,0,🟢 OK
33,39,161,0.04495304871148981,0,🟢 OK
33,40,160,0.03148937172592875,0,🟢 OK
33,41,159,0.04441343415955734,0,🟢 OK
33,42,158,0.0537727435042481,0,🟢 OK
33,43,157,0.05459070981474207,0,🟢 OK
33,44,156,0.062327756814795465,0,🟢 OK
33,45,155,0.05979074415851943,0,🟢 OK
33,46,154,0.0603249906450245,0,🟢 OK
33,47,153,0.046727509779493526,0,🟢 OK
33,48,152,0.04217409570353514,0,🟢 OK
33,49,151,0.04198551879372414,0,🟢 OK
33,50,150,0.05588075898900713,0,🟢 OK
33,51,149,0.05009433997168422,0,🟢 OK
33,52,148,0.0482876378560011,0,🟢 OK
33,53,147,0.04290648093715371,0,🟢 OK
33,54,146,0.04022714939276395,0,🟢 OK
33,55,145,0.04600929857569358,0,🟢 OK
33,56,144,0.053670350531462685,0,🟢 OK
33,57,143,0.050149495266083866,0,🟢 OK
33,58,142,0.05167533508026101,0,🟢 OK
33,59,141,0.05685193687161466,0,🟢 OK
33,60,140,0.05956754413907872,0,🟢 OK
33,61,139,0.06055756889335012,0,🟢 OK
33,62,138,0.06068101954321836,0,🟢 OK
33,63,137,0.053921829421843925,0,🟢 OK
33,64,136,0.07141954719215493,0,🟢 OK
33,65,135,0.0785104454758217,0,🟢 OK
33,66,134,0.07447862855709203,0,🟢 OK
33,67,133,0.07756066037294479,0,🟢 OK
33,68,132,0.0712738195255645,0,🟢 OK
33,69,131,0.07381979332031335,0,🟢 OK
33,70,130,0.07851685675861525,0,🟢 OK
33,71,129,0.06864545767152758,0,🟢 OK
33,72,128,0.07476316260783245,0,🟢 OK
33,73,127,0.07839217816004096,0,🟢 OK
33,74,126,0.08096538841146478,0,🟢 OK
33,75,125,0.08294260800661174,0,🟢 OK
33,76,124,0.08973693944593814,0,🟢 OK
33,77,123,0.07558407338224227,0,🟢 OK
33,78,122,0.07959086132462573,0,🟢 OK
33,79,121,0.07642507520322306,0,🟢 OK
33,80,120,0.08030350725985791,0,🟢 OK
33,81,119,0.06715320441645722,0,🟢 OK
33,82,118,0.07096129871587553,0,🟢 OK
33,83,117,0.06265695121197107,0,🟢 OK
33,84,116,0.05487545111039227,0,🟢 OK
33,85,115,0.0626793656886378,0,🟢 OK
33,86,114,0.04898203178697963,0,🟢 OK
33,87,113,0.05966934856001055,0,🟢 OK
33,88,112,0.07212053609495545,0,🟢 OK
33,89,111,0.0647118889382513,0,🟢 OK
33,90,110,0.05964464078529308,0,🟢 OK
33,91,109,0.0764168766924116,0,🟢 OK
33,92,108,0.08821624721861321,0,🟢 OK
33,93,107,0.08824634284114874,0,🟢 OK
33,94,106,0.09508931903978973,0,🟢 OK
33,95,105,0.09549691959672424,0,🟢 OK
33,96,104,0.08988984262029548,0,🟢 OK
33,97,103,0.0837997277690426,0,🟢 OK
33,98,102,0.08753154074229558,0,🟢 OK
33,99,101,0.09200990202565812,0,🟢 OK
33,100,100,0.09885159967749091,0,🟢 OK
33,101,99,0.09232197551032978,0,🟢 OK
33,102,98,0.09373917943546317,0,🟢 OK
33,103,97,0.07502737018967476,0,🟢 OK
33,104,96,0.07697484983078329,0,🟢 OK
33,105,95,0.09853213401361433,0,🟢 OK
33,106,94,0.0655728538386301,0,🟢 OK
33,107,93,0.07087804025375788,0,🟢 OK
33,108,92,0.07132111963116028,0,🟢 OK
33,109,91,0.06693676097313439,0,🟢 OK
33,110,90,0.06817190382979815,0,🟢 OK
33,111,89,0.06356733944670828,0,🟢 OK
33,112,88,0.05657484667780033,0,🟢 OK
33,113,87,0.07773836531054101,0,🟢 OK
33,114,86,0.0776057132892301,0,🟢 OK
33,115,85,0.09528025464496914,0,🟢 OK
33,116,84,0.10769194049812486,0,🟢 OK
33,117,83,0.11181548071768171,0,🟢 OK
33,118,82,0.12028615414850968,0,🟢 OK
33,119,81,0.1167440275935861,0,🟢 OK
33,120,80,0.11576732107127269,0,🟢 OK
33,121,79,0.10396428120524887,0,🟢 OK
33,122,78,0.1062170944748872,0,🟢 OK
33,123,77,0.10179675937879912,0,🟢 OK
33,124,76,0.09524564398421953,0,🟢 OK
33,125,75,0.09976581112964722,0,🟢 OK
33,126,74,0.10570913799152093,0,🟢 OK
33,127,73,0.10123669329018958,0,🟢 OK
33,128,72,0.10568319526524395,0,🟢 OK
33,129,71,0.09993231521307766,0,🟢 OK
33,130,70,0.09970343720686037,0,🟢 OK
33,131,69,0.11570364515193138,0,🟢 OK
33,132,68,0.11071625093715415,0,🟢 OK
33,133,67,0.11161873574060094,0,🟢 OK
33,134,66,0.11989778171768561,0,🟢 OK
33,135,65,0.12189197161442489,0,🟢 OK
33,136,64,0.10967443537969329,0,🟢 OK
33,137,63,0.10050712136241635,0,🟢 OK
33,138,62,0.10933483474938233,0,🟢 OK
33,139,61,0.11975227774435898,0,🟢 OK
33,140,60,0.1237703430100579,0,🟢 OK
33,141,59,0.11911768990893318,0,🟢 OK
33,142,58,0.10014300092654893,0,🟢 OK
33,143,57,0.10724808229423305,0,🟢 OK
33,144,56,0.08445563063463613,0,🟢 OK
33,145,55,0.08934909188668144,0,🟢 OK
33,146,54,0.09540319095021099,0,🟢 OK
33,147,53,0.08704350462376798,0,🟢 OK
33,148,52,0.082802344668916,0,🟢 OK
33,149,51,0.07063451000121018,0,🟢 OK
33,150,50,0.07536267052457402,0,🟢 OK
33,151,49,0.0993796904750529,0,🟢 OK
33,152,48,0.08020466612264798,0,🟢 OK
33,153,47,0.07544957454354506,0,🟢 OK
33,154,46,0.10437904329146419,0,🟢 OK
33,155,45,0.10793031180323942,0,🟢 OK
33,156,44,0.10883722937662416,0,🟢 OK
33,157,43,0.10893811652196594,0,🟢 OK
33,158,42,0.10993070984405073,0,🟢 OK
33,159,41,0.10838503835622282,0,🟢 OK
33,160,40,0.11148645006068886,0,🟢 OK
33,161,39,0.1105269886393051,0,🟢 OK
33,162,38,0.10745430606036155,0,🟢 OK
33,163,37,0.09539485214238574,0,🟢 OK
33,164,36,0.08283119324359828,0,🟢 OK
33,165,35,0.08542545772375981,0,🟢 OK
33,166,34,0.08734831334279519,0,🟢 OK
33,167,33,0.07684046107913489,0,🟢 OK
33,168,32,0.07579106049173201,0,🟢 OK
33,169,31,0.06448953977541799,0,🟢 OK
33,170,30,0.05527020085192874,0,🟢 OK
33,171,29,0.0350700664477504,0,🟢 OK
33,172,28,0.046488209907100175,0,🟢 OK
33,173,27,0.045398202316369984,0,🟢 OK
33,174,26,0.034657567131219535,0,🟢 OK
33,175,25,0.04796039554343284,0,🟢 OK
33,176,24,0.06025414999004841,0,🟢 OK
33,177,23,0.040608242035692355,0,🟢 OK
33,178,22,0.027219087843691925,0,🟢 OK
33,179,21,0.031294584453286534,0,🟢 OK
33,180,20,0.028240923904818138,0,🟢 OK
33,181,19,0.027483687537362633,0,🟢 OK
33,182,18,0.019504753618709125,0,🟢 OK
33,183,17,0.008979593449405687,0,🟢 OK
33,184,16,0.0007800720563175823,0,🟢 OK
33,185,15,0.004465864786789231,0,🟢 OK
33,186,14,0.00028873948152985385,0,🟢 OK
33,187,13,-0.0044090629956576866,1,🟢 OK
33,188,12,-0.020725525110386833,1,🟢 OK
33,189,11,-0.023982666271935904,1,🟢 OK
33,190,10,-0.02770087176958269,1,🟢 OK
33,191,9,-0.027060083923667322,1,🟢 OK
33,192,8,-0.030372846740793102,1,🟢 OK
33,193,7,-0.034150316571954,1,🟢 OK
33,194,6,-0.038216485508472675,1,🟢 OK
33,195,5,-0.03187933107738161,1,🟢 OK
33,196,4,-0.033675910232719874,1,🟢 OK
33,197,3,-0.04070226827465495,1,🟢 OK
33,198,2,-0.037683856153213346,1,🔴 ALERT
33,199,1,-0.03587759239937738,1,🔴 ALERT
33,200,0,-0.04083077018459125,1,🔴 ALERT
34,1,194,0.13486915793501852,0,🟢 OK
34,2,193,0.06414616207207802,0,🟢 OK
34,3,192,0.07435390266408132,0,🟢 OK
34,4,191,0.10403370951777963,0,🟢 OK
34,5,190,0.09627990588453156,0,🟢 OK
34,6,189,0.11161625483334181,0,🟢 OK
34,7,188,0.11191812131808482,0,🟢 OK
34,8,187,0.11382780120118963,0,🟢 OK
34,9,186,0.11022817951617303,0,🟢 OK
34,10,185,0.12856210776767002,0,🟢 OK
34,11,184,0.11903206644858716,0,🟢 OK
34,12,183,0.12953503976044273,0,🟢 OK
34,13,182,0.11189541401031977,0,🟢 OK
34,14,181,0.11436514539404158,0,🟢 OK
34,15,180,0.11150337679989669,0,🟢 OK
34,16,179,0.10952940730700722,0,🟢 OK
34,17,178,0.10229780417232653,0,🟢 OK
34,18,177,0.12133020064126565,0,🟢 OK
34,19,176,0.11698291058922528,0,🟢 OK
34,20,175,0.11166904814048068,0,🟢 OK
34,21,174,0.11478050987902566,0,🟢 OK
34,22,173,0.11261771349791466,0,🟢 OK
34,23,172,0.09942597388411606,0,🟢 OK
34,24,171,0.09592459783962431,0,🟢 OK
34,25,170,0.10340000535700122,0,🟢 OK
34,26,169,0.12200471260766632,0,🟢 OK
34,27,168,0.13112940045235294,0,🟢 OK
34,28,167,0.1288363075631136,0,🟢 OK
34,29,166,0.1285536207069996,0,🟢 OK
34,30,165,0.12415362407961639,0,🟢 OK
34,31,164,0.12534279342594545,0,🟢 OK
34,32,163,0.12805907732021993,0,🟢 OK
34,33,162,0.12551455908697295,0,🟢 OK
34,34,161,0.1268933823885383,0,🟢 OK
34,35,160,0.1289956710655189,0,🟢 OK
34,36,159,0.1253513720068345,0,🟢 OK
34,37,158,0.12285248137196086,0,🟢 OK
34,38,157,0.1217957758909895,0,🟢 OK
34,39,156,0.12009937649310021,0,🟢 OK
34,40,155,0.1223832191501582,0,🟢 OK
34,41,154,0.121576989122401,0,🟢 OK
34,42,153,0.11341483598522495,0,🟢 OK
34,43,152,0.11643602289759508,0,🟢 OK
34,44,151,0.10767992786181801,0,🟢 OK
34,45,150,0.10975988016307614,0,🟢 OK
34,46,149,0.11161474022882939,0,🟢 OK
34,47,148,0.11471135545995476,0,🟢 OK
34,48,147,0.12567246305535573,0,🟢 OK
34,49,146,0.1041710596984427,0,🟢 OK
34,50,145,0.09487451490087062,0,🟢 OK
34,51,144,0.10255209247947505,0,🟢 OK
34,52,143,0.10529909176032687,0,🟢 OK
34,53,142,0.10975938862394136,0,🟢 OK
34,54,141,0.11484839089247567,0,🟢 OK
34,55,140,0.11140830885127917,0,🟢 OK
34,56,139,0.11110044347176812,0,🟢 OK
34,57,138,0.10827482664813093,0,🟢 OK
34,58,137,0.10776654385730988,0,🟢 OK
34,59,136,0.12916031192291288,0,🟢 OK
34,60,135,0.1263125288511257,0,🟢 OK
34,61,134,0.12268545879284043,0,🟢 OK
34,62,133,0.12342920180814854,0,🟢 OK
34,63,132,0.1325273471083518,0,🟢 OK
34,64,131,0.13146989611838128,0,🟢 OK
34,65,130,0.13625581133491899,0,🟢 OK
34,66,129,0.1384073130092287,0,🟢 OK
34,67,128,0.13321979589103855,0,🟢 OK
34,68,127,0.13535275210921233,0,🟢 OK
34,69,126,0.1397502732233855,0,🟢 OK
34,70,125,0.13102393000592938,0,🟢 OK
34,71,124,0.1329424977904694,0,🟢 OK
34,72,123,0.12910211820225098,0,🟢 OK
34,73,122,0.1313280896988439,0,🟢 OK
34,74,121,0.12606764830196787,0,🟢 OK
34,75,120,0.12199570538173082,0,🟢 OK
34,76,119,0.12163783680560375,0,🟢 OK
34,77,118,0.13081201955539395,0,🟢 OK
34,78,117,0.11877463168485403,0,🟢 OK
34,79,116,0.11577790145457156,0,🟢 OK
34,80,115,0.11718442987949584,0,🟢 OK
34,81,114,0.11620069735268468,0,🟢 OK
34,82,113,0.11843388954027789,0,🟢 OK
34,83,112,0.10854833686640558,0,🟢 OK
34,84,111,0.11754252519363295,0,🟢 OK
34,85,110,0.11364620756680194,0,🟢 OK
34,86,109,0.11517437598140301,0,🟢 OK
34,87,108,0.1215805643835684,0,🟢 OK
34,88,107,0.1230033338072491,0,🟢 OK
34,89,106,0.11755252730673421,0,🟢 OK
34,90,105,0.12489797481579584,0,🟢 OK
34,91,104,0.1252829783665655,0,🟢 OK
34,92,103,0.12154010525212444,0,🟢 OK
34,93,102,0.12725516944329857,0,🟢 OK
34,94,101,0.12891648747934797,0,🟢 OK
34,95,100,0.12064011939542835,0,🟢 OK
34,96,99,0.1214804076460071,0,🟢 OK
34,97,98,0.11321190748361531,0,🟢 OK
34,98,97,0.11687393482207997,0,🟢 OK
34,99,96,0.12746423696474274,0,🟢 OK
34,100,95,0.11537515087110778,0,🟢 OK
34,101,94,0.10940193307159546,0,🟢 OK
34,102,93,0.12213837115229714,0,🟢 OK
34,103,92,0.12247286749138653,0,🟢 OK
34,104,91,0.11631462399134085,0,🟢 OK
34,105,90,0.10973314913654991,0,🟢 OK
34,106,89,0.11858214277347118,0,🟢 OK
34,107,88,0.11791205973147773,0,🟢 OK
34,108,87,0.11413040992420886,0,🟢 OK
34,109,86,0.11041800293952708,0,🟢 OK
34,110,85,0.10640408083958591,0,🟢 OK
34,111,84,0.10163557030404657,0,🟢 OK
34,112,83,0.10872262227675844,0,🟢 OK
34,113,82,0.10567187851950638,0,🟢 OK
34,114,81,0.1015827506230555,0,🟢 OK
34,115,80,0.10492319747340817,0,🟢 OK
34,116,79,0.10547127840995785,0,🟢 OK
34,117,78,0.10497367792727391,0,🟢 OK
34,118,77,0.11343091009189721,0,🟢 OK
34,119,76,0.11127977638131303,0,🟢 OK
34,120,75,0.10348505018901816,0,🟢 OK
34,121,74,0.11125214740060446,0,🟢 OK
34,122,73,0.11107620432170406,0,🟢 OK
34,123,72,0.10316415501876597,0,🟢 OK
34,124,71,0.11285634497741986,0,🟢 OK
34,125,70,0.10885656359367274,0,🟢 OK
34,126,69,0.10769331769524504,0,🟢 OK
34,127,68,0.1052007500966875,0,🟢 OK
34,128,67,0.0940946400412217,0,🟢 OK
34,129,66,0.09115239022667848,0,🟢 OK
34,130,65,0.08899388343655207,0,🟢 OK
34,131,64,0.09426744374929347,0,🟢 OK
34,132,63,0.07849553890891053,0,🟢 OK
34,133,62,0.08711317480810055,0,🟢 OK
34,134,61,0.09006989753104055,0,🟢 OK
34,135,60,0.08793370006289097,0,🟢 OK
34,136,59,0.05785003917890458,0,🟢 OK
34,137,58,0.06714724811596912,0,🟢 OK
34,138,57,0.06621368341615858,0,🟢 OK
34,139,56,0.06762882670107184,0,🟢 OK
34,140,55,0.07162308640704629,0,🟢 OK
34,141,54,0.061871089264560586,0,🟢 OK
34,142,53,0.06496749193781376,0,🟢 OK
34,143,52,0.06732805214163734,0,🟢 OK
34,144,51,0.05934356045485878,0,🟢 OK
34,145,50,0.0597462682700548,0,🟢 OK
34,146,49,0.05641354837826623,0,🟢 OK
34,147,48,0.040284552596372036,0,🟢 OK
34,148,47,0.03512212869018416,0,🟢 OK
34,149,46,0.036766324549985185,0,🟢 OK
34,150,45,0.04419789717267869,0,🟢 OK
34,151,44,0.06223378222382703,0,🟢 OK
34,152,43,0.050270584961732034,0,🟢 OK
34,153,42,0.032741738804460074,0,🟢 OK
34,154,41,0.03001029478269196,0,🟢 OK
34,155,40,0.03856116968500117,0,🟢 OK
34,156,39,0.031448818866029626,0,🟢 OK
34,157,38,0.032152211008729725,0,🟢 OK
34,158,37,0.038876982333527876,0,🟢 OK
34,159,36,0.02885688254100527,0,🟢 OK
34,160,35,0.0133759143017676,0,🟢 OK
34,161,34,0.013383159173629366,0,🟢 OK
34,162,33,0.006174964673768657,0,🟢 OK
34,163,32,0.024739931315818198,0,🟢 OK
34,164,31,-0.002433816720509463,1,🟢 OK
34,165,30,-0.014960985376128999,1,🟢 OK
34,166,29,-0.006899105644430303,1,🟢 OK
34,167,28,-0.006731840337231509,1,🟢 OK
34,168,27,-0.004045401137522164,1,🟢 OK
34,169,26,0.0015030112419043284,0,🟢 OK
34,170,25,0.009022411560697774,0,🟢 OK
34,171,24,0.01608605484230119,0,🟢 OK
34,172,23,0.019001399172685784,0,🟢 OK
34,173,22,0.01950653118042578,0,🟢 OK
34,174,21,0.016468206182760348,0,🟢 OK
34,175,20,0.013744742356647854,0,🟢 OK
34,176,19,0.011931132802557143,0,🟢 OK
34,177,18,-0.0024018929278427636,1,🟢 OK
34,178,17,-0.009192313581237288,1,🟢 OK
34,179,16,-0.009014487425793805,1,🟢 OK
34,180,15,-0.006344741934073306,1,🟢 OK
34,181,14,-0.009243460049737084,1,🟢 OK
34,182,13,-0.005218081299268595,1,🟢 OK
34,183,12,-0.012048372645036443,1,🟢 OK
34,184,11,-0.006432522959256004,1,🟢 OK
34,185,10,-0.011580820091864563,1,🟢 OK
34,186,9,-0.03997008035744232,1,🟢 OK
34,187,8,-0.041957844164764335,1,🟢 OK
34,188,7,-0.06697954255214877,1,🟢 OK
34,189,6,-0.06671625000721426,1,🔴 ALERT
34,190,5,-0.07300255062832806,1,🔴 ALERT
34,191,4,-0.05318187465983437,1,🔴 ALERT
34,192,3,-0.04813815899297402,1,🔴 ALERT
34,193,2,-0.05806605612926963,1,🔴 ALERT
34,194,1,-0.07062486110358823,1,🔴 ALERT
34,195,0,-0.06110507481432681,1,🔴 ALERT
35,1,180,0.1315679963513881,0,🟢 OK
35,2,179,0.08033234481955831,0,🟢 OK
35,3,178,0.09295971583983487,0,🟢 OK
35,4,177,0.07976994548780497,0,🟢 OK
35,5,176,0.08598175404909109,0,🟢 OK
35,6,175,0.08449452624340531,0,🟢 OK
35,7,174,0.09576381407047285,0,🟢 OK
35,8,173,0.09407876579796304,0,🟢 OK
35,9,172,0.10853408637248046,0,🟢 OK
35,10,171,0.11057261108094707,0,🟢 OK
35,11,170,0.1097278558352251,0,🟢 OK
35,12,169,0.10572320790612727,0,🟢 OK
35,13,168,0.10892055474341522,0,🟢 OK
35,14,167,0.11655446520992852,0,🟢 OK
35,15,166,0.12392792532587138,0,🟢 OK
35,16,165,0.11776570402207476,0,🟢 OK
35,17,164,0.11894413210877314,0,🟢 OK
35,18,163,0.11698647735768608,0,🟢 OK
35,19,162,0.11337828601464478,0,🟢 OK
35,20,161,0.11784292305791305,0,🟢 OK
35,21,160,0.1142001586487541,0,🟢 OK
35,22,159,0.11894973089523897,0,🟢 OK
35,23,158,0.11574838717723557,0,🟢 OK
35,24,157,0.11639149215132044,0,🟢 OK
35,25,156,0.11429029245175171,0,🟢 OK
35,26,155,0.11316143680034052,0,🟢 OK
35,27,154,0.11735085067897333,0,🟢 OK
35,28,153,0.11467097021206157,0,🟢 OK
35,29,152,0.12207877172437415,0,🟢 OK
35,30,151,0.12274269559827194,0,🟢 OK
35,31,150,0.12406647582239322,0,🟢 OK
35,32,149,0.12873266652733611,0,🟢 OK
35,33,148,0.13224174799546123,0,🟢 OK
35,34,147,0.1343432752839917,0,🟢 OK
35,35,146,0.1327226427190374,0,🟢 OK
35,36,145,0.12889825705793562,0,🟢 OK
35,37,144,0.12240117138298395,0,🟢 OK
35,38,143,0.1310494154014618,0,🟢 OK
35,39,142,0.12702840220419864,0,🟢 OK
35,40,141,0.10857807526907909,0,🟢 OK
35,41,140,0.11163475229455222,0,🟢 OK
35,42,139,0.11875924590226644,0,🟢 OK
35,43,138,0.11947915226229516,0,🟢 OK
35,44,137,0.09213315138422834,0,🟢 OK
35,45,136,0.09590896926339221,0,🟢 OK
35,46,135,0.10575388072140396,0,🟢 OK
35,47,134,0.09363314726673588,0,🟢 OK
35,48,133,0.10505827101406706,0,🟢 OK
35,49,132,0.0980654533995507,0,🟢 OK
35,50,131,0.11741784045787584,0,🟢 OK
35,51,130,0.11603319604838258,0,🟢 OK
35,52,129,0.11933822753202206,0,🟢 OK
35,53,128,0.11490063265119077,0,🟢 OK
35,54,127,0.1089409836955828,0,🟢 OK
35,55,126,0.10493297585243988,0,🟢 OK
35,56,125,0.1067846962999518,0,🟢 OK
35,57,124,0.11716904201114214,0,🟢 OK
35,58,123,0.11519378042400658,0,🟢 OK
35,59,122,0.10704160369735244,0,🟢 OK
35,60,121,0.11652000320503147,0,🟢 OK
35,61,120,0.11145789384451676,0,🟢 OK
35,62,119,0.10292522192038495,0,🟢 OK
35,63,118,0.10302947875457047,0,🟢 OK
35,64,117,0.09638314950615412,0,🟢 OK
35,65,116,0.10537485772967309,0,🟢 OK
35,66,115,0.10411844896397637,0,🟢 OK
35,67,114,0.10531198192816588,0,🟢 OK
35,68,113,0.11589659970275751,0,🟢 OK
35,69,112,0.11515414502293703,0,🟢 OK
35,70,111,0.10971342443970472,0,🟢 OK
35,71,110,0.11496929026513258,0,🟢 OK
35,72,109,0.12543129850677137,0,🟢 OK
35,73,108,0.11899021441696284,0,🟢 OK
35,74,107,0.1206723594812118,0,🟢 OK
35,75,106,0.10673285471926203,0,🟢 OK
35,76,105,0.1143883493617236,0,🟢 OK
35,77,104,0.11823769311055815,0,🟢 OK
35,78,103,0.1200118927822309,0,🟢 OK
35,79,102,0.1276611789391734,0,🟢 OK
35,80,101,0.1269341516789978,0,🟢 OK
35,81,100,0.1284671419068965,0,🟢 OK
35,82,99,0.1282265643188074,0,🟢 OK
35,83,98,0.13423527246338246,0,🟢 OK
35,84,97,0.132522452977908,0,🟢 OK
35,85,96,0.12988211954605922,0,🟢 OK
35,86,95,0.12404198482560563,0,🟢 OK
35,87,94,0.12955635745214056,0,🟢 OK
35,88,93,0.1311716039662693,0,🟢 OK
35,89,92,0.1255310067644564,0,🟢 OK
35,90,91,0.13347846940722402,0,🟢 OK
35,91,90,0.12589450071284725,0,🟢 OK
35,92,89,0.12549142007326053,0,🟢 OK
35,93,88,0.12032591241585111,0,🟢 OK
35,94,87,0.12180466763813974,0,🟢 OK
35,95,86,0.11914897667390023,0,🟢 OK
35,96,85,0.11985948233375887,0,🟢 OK
35,97,84,0.11990342459308967,0,🟢 OK
35,98,83,0.1206028798593593,0,🟢 OK
35,99,82,0.11982451018413848,0,🟢 OK
35,100,81,0.1173234418080456,0,🟢 OK
35,101,80,0.1274830699762618,0,🟢 OK
35,102,79,0.11772354960544013,0,🟢 OK
35,103,78,0.13493834616135936,0,🟢 OK
35,104,77,0.13005072167888537,0,🟢 OK
35,105,76,0.13142434537398023,0,🟢 OK
35,106,75,0.12732918300510115,0,🟢 OK
35,107,74,0.12196799968966082,0,🟢 OK
35,108,73,0.12431986560424879,0,🟢 OK
35,109,72,0.10549019383919384,0,🟢 OK
35,110,71,0.11609467078345209,0,🟢 OK
35,111,70,0.11785789458194484,0,🟢 OK
35,112,69,0.11442521339723477,0,🟢 OK
35,113,68,0.10970209762418426,0,🟢 OK
35,114,67,0.11370840331891047,0,🟢 OK
35,115,66,0.11052433421242086,0,🟢 OK
35,116,65,0.11433889780266565,0,🟢 OK
35,117,64,0.11338211897755385,0,🟢 OK
35,118,63,0.11708316558135051,0,🟢 OK
35,119,62,0.1099849472251731,0,🟢 OK
35,120,61,0.10878341325504864,0,🟢 OK
35,121,60,0.10970071059188319,0,🟢 OK
35,122,59,0.11422754759539061,0,🟢 OK
35,123,58,0.10526053225551274,0,🟢 OK
35,124,57,0.1080869366790661,0,🟢 OK
35,125,56,0.08995476987100287,0,🟢 OK
35,126,55,0.09008304936735351,0,🟢 OK
35,127,54,0.0907929783379301,0,🟢 OK
35,128,53,0.09766585592492871,0,🟢 OK
35,129,52,0.09423037314114968,0,🟢 OK
35,130,51,0.07650293612319004,0,🟢 OK
35,131,50,0.08258605705590921,0,🟢 OK
35,132,49,0.062218356085075255,0,🟢 OK
35,133,48,0.0723656177128913,0,🟢 OK
35,134,47,0.06574138885681502,0,🟢 OK
35,135,46,0.06778016471046999,0,🟢 OK
35,136,45,0.05963417633497298,0,🟢 OK
35,137,44,0.047136416686242966,0,🟢 OK
35,138,43,0.053450372199575935,0,🟢 OK
35,139,42,0.05087832333130504,0,🟢 OK
35,140,41,0.05059702757331552,0,🟢 OK
35,141,40,0.05100796772503069,0,🟢 OK
35,142,39,0.0526688736017199,0,🟢 OK
35,143,38,0.04461452151398426,0,🟢 OK
35,144,37,0.04487483156474825,0,🟢 OK
35,145,36,0.041542132995251446,0,🟢 OK
35,146,35,0.04780947121594792,0,🟢 OK
35,147,34,0.047924074529443195,0,🟢 OK
35,148,33,0.04533160089757987,0,🟢 OK
35,149,32,0.04309018051684582,0,🟢 OK
35,150,31,0.04138176593991588,0,🟢 OK
35,151,30,0.020755697079405444,0,🟢 OK
35,152,29,0.02126839568296829,0,🟢 OK
35,153,28,0.017144893881390733,0,🟢 OK
35,154,27,0.007839771899476655,0,🟢 OK
35,155,26,0.00462022276417573,0,🟢 OK
35,156,25,0.003136856348058936,0,🟢 OK
35,157,24,-0.009225153802142172,1,🟢 OK
35,158,23,-0.016627939041908735,1,🟢 OK
35,159,22,-0.01255260175941697,1,🟢 OK
35,160,21,-0.013563067897691461,1,🟢 OK
35,161,20,-0.023958982487869873,1,🟢 OK
35,162,19,-0.028280178230968067,1,🟢 OK
35,163,18,-0.025952382508232286,1,🟢 OK
35,164,17,-0.029154667095598774,1,🟢 OK
35,165,16,-0.03144438289375784,1,🟢 OK
35,166,15,-0.030313100025728845,1,🟢 OK
35,167,14,-0.03390469957221376,1,🟢 OK
35,168,13,-0.020730697413701926,1,🔴 ALERT
35,169,12,-0.02147182443000739,1,🔴 ALERT
35,170,11,-0.017980403543506718,1,🔴 ALERT
35,171,10,-0.019701723431440055,1,🔴 ALERT
35,172,9,-0.021609770584887222,1,🔴 ALERT
35,173,8,-0.021459593462723747,1,🔴 ALERT
35,174,7,-0.022925700083275546,1,🔴 ALERT
35,175,6,-0.029314140393877808,1,🔴 ALERT
35,176,5,-0.034753937180391326,1,🔴 ALERT
35,177,4,-0.04374107853980003,1,🔴 ALERT
35,178,3,-0.03895755889093111,1,🔴 ALERT
35,179,2,-0.0373949899915742,1,🔴 ALERT
35,180,1,-0.036874493709330936,1,🔴 ALERT
35,181,0,-0.03896246403012227,1,🔴 ALERT
36,1,157,0.11338730246562312,0,🟢 OK
36,2,156,0.03456402281401011,0,🟢 OK
36,3,155,0.06512606977779495,0,🟢 OK
36,4,154,0.08693892319510088,0,🟢 OK
36,5,153,0.08940966542398676,0,🟢 OK
36,6,152,0.09967063764800371,0,🟢 OK
36,7,151,0.1027997915559703,0,🟢 OK
36,8,150,0.11474264193396688,0,🟢 OK
36,9,149,0.11138874094587187,0,🟢 OK
36,10,148,0.10237750971734094,0,🟢 OK
36,11,147,0.10344892684528656,0,🟢 OK
36,12,146,0.10072597304046566,0,🟢 OK
36,13,145,0.1065041898154574,0,🟢 OK
36,14,144,0.10384752754154664,0,🟢 OK
36,15,143,0.1055621685273399,0,🟢 OK
36,16,142,0.10574113035140253,0,🟢 OK
36,17,141,0.11498334705915586,0,🟢 OK
36,18,140,0.10656118217357641,0,🟢 OK
36,19,139,0.10285828685772985,0,🟢 OK
36,20,138,0.11897328852086597,0,🟢 OK
36,21,137,0.12555461647925664,0,🟢 OK
36,22,136,0.12554903239423287,0,🟢 OK
36,23,135,0.13536647280371505,0,🟢 OK
36,24,134,0.136831446777819,0,🟢 OK
36,25,133,0.135467430951493,0,🟢 OK
36,26,132,0.13544765172600443,0,🟢 OK
36,27,131,0.13134127487392494,0,🟢 OK
36,28,130,0.12994830132999075,0,🟢 OK
36,29,129,0.12891767125855585,0,🟢 OK
36,30,128,0.13247322120957195,0,🟢 OK
36,31,127,0.13404584953930604,0,🟢 OK
36,32,126,0.12187718288562388,0,🟢 OK
36,33,125,0.11354229597991117,0,🟢 OK
36,34,124,0.11014781070983426,0,🟢 OK
36,35,123,0.10099041186959717,0,🟢 OK
36,36,122,0.09846361812097748,0,🟢 OK
36,37,121,0.10389863483903389,0,🟢 OK
36,38,120,0.10773903281300756,0,🟢 OK
36,39,119,0.10530637378639068,0,🟢 OK
36,40,118,0.10713921481933969,0,🟢 OK
36,41,117,0.11069043768445858,0,🟢 OK
36,42,116,0.12873427980581836,0,🟢 OK
36,43,115,0.12718689094710278,0,🟢 OK
36,44,114,0.12010953585821715,0,🟢 OK
36,45,113,0.1104736966567672,0,🟢 OK
36,46,112,0.11258214772047759,0,🟢 OK
36,47,111,0.1104492918361612,0,🟢 OK
36,48,110,0.10677049820828,0,🟢 OK
36,49,109,0.10202019814809266,0,🟢 OK
36,50,108,0.11088991901560674,0,🟢 OK
36,51,107,0.12119856686243807,0,🟢 OK
36,52,106,0.12827132152090154,0,🟢 OK
36,53,105,0.12919247134801448,0,🟢 OK
36,54,104,0.1261130615977808,0,🟢 OK
36,55,103,0.1272250518826198,0,🟢 OK
36,56,102,0.1256791798138761,0,🟢 OK
36,57,101,0.1294729559078317,0,🟢 OK
36,58,100,0.12525737966739453,0,🟢 OK
36,59,99,0.12010797081095242,0,🟢 OK
36,60,98,0.11910059471654855,0,🟢 OK
36,61,97,0.11540853438235565,0,🟢 OK
36,62,96,0.0976800886539071,0,🟢 OK
36,63,95,0.09398673176524092,0,🟢 OK
36,64,94,0.08712209848799235,0,🟢 OK
36,65,93,0.10965948082290611,0,🟢 OK
36,66,92,0.10284256558864535,0,🟢 OK
36,67,91,0.10781818159922812,0,🟢 OK
36,68,90,0.12085903797803221,0,🟢 OK
36,69,89,0.12400886915769388,0,🟢 OK
36,70,88,0.10502236671209925,0,🟢 OK
36,71,87,0.1081516895933245,0,🟢 OK
36,72,86,0.09706307295074512,0,🟢 OK
36,73,85,0.10277220504748846,0,🟢 OK
36,74,84,0.10454977661057946,0,🟢 OK
36,75,83,0.09387614791283244,0,🟢 OK
36,76,82,0.08247251133752864,0,🟢 OK
36,77,81,0.08785555636161663,0,🟢 OK
36,78,80,0.08086343764804349,0,🟢 OK
36,79,79,0.08522465096482773,0,🟢 OK
36,80,78,0.10910394230336368,0,🟢 OK
36,81,77,0.10132618983860381,0,🟢 OK
36,82,76,0.09846194444978618,0,🟢 OK
36,83,75,0.09085289242164962,0,🟢 OK
36,84,74,0.09490739378899288,0,🟢 OK
36,85,73,0.08756105488702925,0,🟢 OK
36,86,72,0.08788765689210665,0,🟢 OK
36,87,71,0.08586816308257833,0,🟢 OK
36,88,70,0.09870017249596585,0,🟢 OK
36,89,69,0.08587630298682553,0,🟢 OK
36,90,68,0.09298360701122421,0,🟢 OK
36,91,67,0.09414435853415781,0,🟢 OK
36,92,66,0.09539594457195694,0,🟢 OK
36,93,65,0.1126123899529115,0,🟢 OK
36,94,64,0.10763191206872186,0,🟢 OK
36,95,63,0.10549731686319586,0,🟢 OK
36,96,62,0.10716742247610406,0,🟢 OK
36,97,61,0.10409254160438636,0,🟢 OK
36,98,60,0.09012211746133209,0,🟢 OK
36,99,59,0.07307640297177642,0,🟢 OK
36,100,58,0.07753490489197573,0,🟢 OK
36,101,57,0.08110293899888782,0,🟢 OK
36,102,56,0.06221948182535214,0,🟢 OK
36,103,55,0.054910796907005344,0,🟢 OK
36,104,54,0.04804339335832697,0,🟢 OK
36,105,53,0.061212914207262825,0,🟢 OK
36,106,52,0.06233910002221216,0,🟢 OK
36,107,51,0.06371692926599398,0,🟢 OK
36,108,50,0.0757114691624085,0,🟢 OK
36,109,49,0.07393900850338603,0,🟢 OK
36,110,48,0.07264441324748216,0,🟢 OK
36,111,47,0.061563884704449845,0,🟢 OK
36,112,46,0.05672490709826039,0,🟢 OK
36,113,45,0.04827797511007115,0,🟢 OK
36,114,44,0.03967856491629146,0,🟢 OK
36,115,43,0.03150701302653125,0,🟢 OK
36,116,42,0.029025246210051425,0,🟢 OK
36,117,41,0.026021913736444635,0,🟢 OK
36,118,40,0.008901112474987427,0,🟢 OK
36,119,39,0.007195295583779904,0,🟢 OK
36,120,38,0.003898380241253996,0,🟢 OK
36,121,37,0.011730491991427061,0,🟢 OK
36,122,36,0.008058536815287953,0,🟢 OK
36,123,35,0.012994233899301322,0,🟢 OK
36,124,34,0.0022213891430221677,0,🟢 OK
36,125,33,0.0014409841642082366,0,🟢 OK
36,126,32,0.004373527962036161,0,🟢 OK
36,127,31,0.00654240899924019,0,🟢 OK
36,128,30,0.006377039986518507,0,🟢 OK
36,129,29,-6.667528617221308e-06,1,🟢 OK
36,130,28,-0.0013088240052180344,1,🟢 OK
36,131,27,-0.0062322641604128926,1,🟢 OK
36,132,26,0.0025971822494811336,0,🟢 OK
36,133,25,0.0008200508374123228,0,🟢 OK
36,134,24,-0.0026241097824123427,1,🟢 OK
36,135,23,-0.007281758804916771,1,🟢 OK
36,136,22,-0.00295549070855583,1,🟢 OK
36,137,21,-0.005169944603739651,1,🟢 OK
36,138,20,-0.00658534144775591,1,🟢 OK
36,139,19,-0.0026138889028529677,1,🟢 OK
36,140,18,-0.008498068449997342,1,🟢 OK
36,141,17,-0.00868087593697675,1,🟢 OK
36,142,16,-0.012157157576187738,1,🟢 OK
36,143,15,-0.018595174434250072,1,🟢 OK
36,144,14,-0.018101843360153524,1,🟢 OK
36,145,13,-0.024749531308775996,1,🟢 OK
36,146,12,-0.03768051578328624,1,🟢 OK
36,147,11,-0.022229159968103374,1,🟢 OK
36,148,10,-0.0208912450225055,1,🟢 OK
36,149,9,-0.016108201976912317,1,🔴 ALERT
36,150,8,-0.019891617214128576,1,🔴 ALERT
36,151,7,-0.018564987388798748,1,🔴 ALERT
36,152,6,-0.015036835846804153,1,🔴 ALERT
36,153,5,-0.022064157498755455,1,🔴 ALERT
36,154,4,-0.021843268873017352,1,🔴 ALERT
36,155,3,-0.029468322634261468,1,🔴 ALERT
36,156,2,-0.031050737877251988,1,🔴 ALERT
36,157,1,-0.031086115393864855,1,🔴 ALERT
36,158,0,-0.02236251140199863,1,🔴 ALERT
37,1,169,0.10915854895098126,0,🟢 OK
37,2,168,0.013512340680021995,0,🟢 OK
37,3,167,0.019041863512992807,0,🟢 OK
37,4,166,0.01801294451123664,0,🟢 OK
37,5,165,0.05135895969158616,0,🟢 OK
37,6,164,0.05427718577257801,0,🟢 OK
37,7,163,0.07157498827380698,0,🟢 OK
37,8,162,0.09931670364103379,0,🟢 OK
37,9,161,0.10217469007476687,0,🟢 OK
37,10,160,0.1047907547789621,0,🟢 OK
37,11,159,0.11216766111387266,0,🟢 OK
37,12,158,0.11306161836652096,0,🟢 OK
37,13,157,0.11233355304914433,0,🟢 OK
37,14,156,0.10140649391665596,0,🟢 OK
37,15,155,0.10152303739229418,0,🟢 OK
37,16,154,0.11892077238553123,0,🟢 OK
37,17,153,0.11466458333555885,0,🟢 OK
37,18,152,0.11873029291840054,0,🟢 OK
37,19,151,0.11744471511187915,0,🟢 OK
37,20,150,0.12357602724081557,0,🟢 OK
37,21,149,0.12797380065121133,0,🟢 OK
37,22,148,0.12822056346185318,0,🟢 OK
37,23,147,0.1290076936572041,0,🟢 OK
37,24,146,0.11570165438621333,0,🟢 OK
37,25,145,0.12472247986434865,0,🟢 OK
37,26,144,0.11514784347110468,0,🟢 OK
37,27,143,0.12382994197658498,0,🟢 OK
37,28,142,0.1249643288881993,0,🟢 OK
37,29,141,0.12868481770809248,0,🟢 OK
37,30,140,0.12337951445115036,0,🟢 OK
37,31,139,0.12498047901724524,0,🟢 OK
37,32,138,0.13238643759883578,0,🟢 OK
37,33,137,0.12534513812621878,0,🟢 OK
37,34,136,0.1121455892106134,0,🟢 OK
37,35,135,0.11369501013664107,0,🟢 OK
37,36,134,0.10924967839019462,0,🟢 OK
37,37,133,0.1062309817764937,0,🟢 OK
37,38,132,0.11558280188716585,0,🟢 OK
37,39,131,0.11101850849360007,0,🟢 OK
37,40,130,0.11304974669736012,0,🟢 OK
37,41,129,0.11755126365439572,0,🟢 OK
37,42,128,0.11835923443508367,0,🟢 OK
37,43,127,0.11922077504232836,0,🟢 OK
37,44,126,0.12322378516844368,0,🟢 OK
37,45,125,0.12165235015537484,0,🟢 OK
37,46,124,0.11943334001178485,0,🟢 OK
37,47,123,0.10992360974405291,0,🟢 OK
37,48,122,0.10792136388246709,0,🟢 OK
37,49,121,0.10520953734562899,0,🟢 OK
37,50,120,0.10819171337358596,0,🟢 OK
37,51,119,0.11430425217153156,0,🟢 OK
37,52,118,0.11406318867387721,0,🟢 OK
37,53,117,0.10682438556463664,0,🟢 OK
37,54,116,0.11005447476895319,0,🟢 OK
37,55,115,0.11931705385443192,0,🟢 OK
37,56,114,0.11511931530713693,0,🟢 OK
37,57,113,0.1204830361587253,0,🟢 OK
37,58,112,0.11391524456856689,0,🟢 OK
37,59,111,0.10466493679771,0,🟢 OK
37,60,110,0.11024178773829796,0,🟢 OK
37,61,109,0.1091198306782466,0,🟢 OK
37,62,108,0.09504158143402547,0,🟢 OK
37,63,107,0.10272136148389666,0,🟢 OK
37,64,106,0.0974152997233762,0,🟢 OK
37,65,105,0.09500861050544257,0,🟢 OK
37,66,104,0.09398434551454843,0,🟢 OK
37,67,103,0.09385684359843954,0,🟢 OK
37,68,102,0.08951578310461228,0,🟢 OK
37,69,101,0.10339038239194431,0,🟢 OK
37,70,100,0.10171293298666806,0,🟢 OK
37,71,99,0.10523252395618188,0,🟢 OK
37,72,98,0.10433198268415628,0,🟢 OK
37,73,97,0.10663376628639964,0,🟢 OK
37,74,96,0.11594696836596685,0,🟢 OK
37,75,95,0.11543044655908685,0,🟢 OK
37,76,94,0.10872212611176663,0,🟢 OK
37,77,93,0.10405018537115868,0,🟢 OK
37,78,92,0.10132127705497207,0,🟢 OK
37,79,91,0.10078326540254162,0,🟢 OK
37,80,90,0.10318126797143495,0,🟢 OK
37,81,89,0.10701629054283873,0,🟢 OK
37,82,88,0.09800845121368507,0,🟢 OK
37,83,87,0.09621061621256527,0,🟢 OK
37,84,86,0.09788225184491245,0,🟢 OK
37,85,85,0.10049912057417587,0,🟢 OK
37,86,84,0.10677709959677578,0,🟢 OK
37,87,83,0.10231515130630109,0,🟢 OK
37,88,82,0.10674783641637697,0,🟢 OK
37,89,81,0.10316902976158732,0,🟢 OK
37,90,80,0.09968845859062064,0,🟢 OK
37,91,79,0.10303469255981501,0,🟢 OK
37,92,78,0.1049139895147394,0,🟢 OK
37,93,77,0.10144070560827839,0,🟢 OK
37,94,76,0.09189759714861628,0,🟢 OK
37,95,75,0.09431055548359835,0,🟢 OK
37,96,74,0.09200225035811288,0,🟢 OK
37,97,73,0.08271430287755582,0,🟢 OK
37,98,72,0.0813106226990471,0,🟢 OK
37,99,71,0.0760399711039978,0,🟢 OK
37,100,70,0.07981252056238042,0,🟢 OK
37,101,69,0.0805385581208184,0,🟢 OK
37,102,68,0.07992406775174654,0,🟢 OK
37,103,67,0.07732036982094576,0,🟢 OK
37,104,66,0.08149015827902883,0,🟢 OK
37,105,65,0.07859580350896928,0,🟢 OK
37,106,64,0.08056918474609254,0,🟢 OK
37,107,63,0.06945336465518781,0,🟢 OK
37,108,62,0.06187390135076282,0,🟢 OK
37,109,61,0.07730139928658092,0,🟢 OK
37,110,60,0.06319355443544511,0,🟢 OK
37,111,59,0.08009276342188831,0,🟢 OK
37,112,58,0.08104339533107924,0,🟢 OK
37,113,57,0.07531910226915328,0,🟢 OK
37,114,56,0.07432042910121023,0,🟢 OK
37,115,55,0.07769452570589702,0,🟢 OK
37,116,54,0.06756736982268041,0,🟢 OK
37,117,53,0.07253325229042712,0,🟢 OK
37,118,52,0.052582704571515204,0,🟢 OK
37,119,51,0.03145930286279652,0,🟢 OK
37,120,50,0.02705835932621431,0,🟢 OK
37,121,49,0.018869371855636585,0,🟢 OK
37,122,48,0.028351999335054945,0,🟢 OK
37,123,47,0.02625935272288621,0,🟢 OK
37,124,46,0.03653919608244549,0,🟢 OK
37,125,45,0.051980136157296075,0,🟢 OK
37,126,44,0.03508694482877861,0,🟢 OK
37,127,43,0.031861215268173704,0,🟢 OK
37,128,42,0.023317756627732333,0,🟢 OK
37,129,41,0.03574623900579965,0,🟢 OK
37,130,40,0.04146439760444448,0,🟢 OK
37,131,39,0.04059994995323024,0,🟢 OK
37,132,38,0.0311509528805185,0,🟢 OK
37,133,37,0.024463198305744616,0,🟢 OK
37,134,36,0.0143683407351754,0,🟢 OK
37,135,35,-8.570785280981319e-05,1,🟢 OK
37,136,34,0.00469174930734817,0,🟢 OK
37,137,33,0.011307358257116928,0,🟢 OK
37,138,32,0.021716877155152803,0,🟢 OK
37,139,31,0.013849363678968385,0,🟢 OK
37,140,30,-0.0027314525724952965,1,🟢 OK
37,141,29,-0.004218860781827538,1,🟢 OK
37,142,28,-0.0014532266750985068,1,🟢 OK
37,143,27,0.003554634471246265,0,🟢 OK
37,144,26,-0.0033978842112849517,1,🟢 OK
37,145,25,-0.003157110223388049,1,🟢 OK
37,146,24,-0.018015986925124516,1,🟢 OK
37,147,23,-0.017133826954609743,1,🟢 OK
37,148,22,-0.023201042942540107,1,🟢 OK
37,149,21,-0.03113809294259917,1,🟢 OK
37,150,20,-0.03966043751526471,1,🟢 OK
37,151,19,-0.03759422323227213,1,🟢 OK
37,152,18,-0.052852577221367825,1,🟢 OK
37,153,17,-0.056015300761364295,1,🟢 OK
37,154,16,-0.054121051836991785,1,🟢 OK
37,155,15,-0.061801504705838006,1,🔴 ALERT
37,156,14,-0.05298918047088963,1,🔴 ALERT
37,157,13,-0.05606080706907457,1,🔴 ALERT
37,158,12,-0.05538466874411341,1,🔴 ALERT
37,159,11,-0.04925089475879951,1,🔴 ALERT
37,160,10,-0.039140092273232785,1,🔴 ALERT
37,161,9,-0.03881024715652914,1,🔴 ALERT
37,162,8,-0.03774687204989269,1,🔴 ALERT
37,163,7,-0.041765890178569465,1,🔴 ALERT
37,164,6,-0.037274819067321774,1,🔴 ALERT
37,165,5,-0.04320595867831567,1,🔴 ALERT
37,166,4,-0.032786446307878414,1,🔴 ALERT
37,167,3,-0.044649859855754315,1,🔴 ALERT
37,168,2,-0.04222806799191514,1,🔴 ALERT
37,169,1,-0.045098965371052624,1,🔴 ALERT
37,170,0,-0.05014374844198877,1,🔴 ALERT
38,1,193,0.11544449290655817,0,🟢 OK
38,2,192,0.06751483676226655,0,🟢 OK
38,3,191,0.06119447051736726,0,🟢 OK
38,4,190,0.06968610676960141,0,🟢 OK
38,5,189,0.07784709700182701,0,🟢 OK
38,6,188,0.09648779645095923,0,🟢 OK
38,7,187,0.07914805560522292,0,🟢 OK
38,8,186,0.08400422559607212,0,🟢 OK
38,9,185,0.08061471826814987,0,🟢 OK
38,10,184,0.08811446086600638,0,🟢 OK
38,11,183,0.1009994338145746,0,🟢 OK
38,12,182,0.08939700238637838,0,🟢 OK
38,13,181,0.07982003972803131,0,🟢 OK
38,14,180,0.08290843096565076,0,🟢 OK
38,15,179,0.1023224705652987,0,🟢 OK
38,16,178,0.10341096022023483,0,🟢 OK
38,17,177,0.10952699329827414,0,🟢 OK
38,18,176,0.10280766633709576,0,🟢 OK
38,19,175,0.1169326652760056,0,🟢 OK
38,20,174,0.1140989885564378,0,🟢 OK
38,21,173,0.10509534044152186,0,🟢 OK
38,22,172,0.09548607989352331,0,🟢 OK
38,23,171,0.10170647005228267,0,🟢 OK
38,24,170,0.10932525604841764,0,🟢 OK
38,25,169,0.09654052766636817,0,🟢 OK
38,26,168,0.09615639271574244,0,🟢 OK
38,27,167,0.09945733211704305,0,🟢 OK
38,28,166,0.09225268119065816,0,🟢 OK
38,29,165,0.09785305713921288,0,🟢 OK
38,30,164,0.09916650533740756,0,🟢 OK
38,31,163,0.10953597421473288,0,🟢 OK
38,32,162,0.11701861663531349,0,🟢 OK
38,33,161,0.11929184067323273,0,🟢 OK
38,34,160,0.11957906023534859,0,🟢 OK
38,35,159,0.11559349214387693,0,🟢 OK
38,36,158,0.1210155830645897,0,🟢 OK
38,37,157,0.1176121039990613,0,🟢 OK
38,38,156,0.12409928323524738,0,🟢 OK
38,39,155,0.12714363486494845,0,🟢 OK
38,40,154,0.12397822793970015,0,🟢 OK
38,41,153,0.12332107994751956,0,🟢 OK
38,42,152,0.1302022564813577,0,🟢 OK
38,43,151,0.12646400721570478,0,🟢 OK
38,44,150,0.12189845052345599,0,🟢 OK
38,45,149,0.11875525012553823,0,🟢 OK
38,46,148,0.1255487921449963,0,🟢 OK
38,47,147,0.11468302800588065,0,🟢 OK
38,48,146,0.11699956318710159,0,🟢 OK
38,49,145,0.10786627562048845,0,🟢 OK
38,50,144,0.11621977703835396,0,🟢 OK
38,51,143,0.11495122997162127,0,🟢 OK
38,52,142,0.11208380753315794,0,🟢 OK
38,53,141,0.11839176866522877,0,🟢 OK
38,54,140,0.11100495379034575,0,🟢 OK
38,55,139,0.10933608985487786,0,🟢 OK
38,56,138,0.10426172610556378,0,🟢 OK
38,57,137,0.10790547640645903,0,🟢 OK
38,58,136,0.10642938294380755,0,🟢 OK
38,59,135,0.11231570712845518,0,🟢 OK
38,60,134,0.09652092387285366,0,🟢 OK
38,61,133,0.09994684114924157,0,🟢 OK
38,62,132,0.09646046122905899,0,🟢 OK
38,63,131,0.10314621171948007,0,🟢 OK
38,64,130,0.10252781282392304,0,🟢 OK
38,65,129,0.10852680808727971,0,🟢 OK
38,66,128,0.11415816941811052,0,🟢 OK
38,67,127,0.11520970441757772,0,🟢 OK
38,68,126,0.12397436457292865,0,🟢 OK
38,69,125,0.1155410868036808,0,🟢 OK
38,70,124,0.12583714673633628,0,🟢 OK
38,71,123,0.12245822642170318,0,🟢 OK
38,72,122,0.12254439638479381,0,🟢 OK
38,73,121,0.12030854726404844,0,🟢 OK
38,74,120,0.11994798729083822,0,🟢 OK
38,75,119,0.11572541680717635,0,🟢 OK
38,76,118,0.11599161328950125,0,🟢 OK
38,77,117,0.11411967451982868,0,🟢 OK
38,78,116,0.1151651187980553,0,🟢 OK
38,79,115,0.12161949596986493,0,🟢 OK
38,80,114,0.12273325577949462,0,🟢 OK
38,81,113,0.11081759466913221,0,🟢 OK
38,82,112,0.10690119643242635,0,🟢 OK
38,83,111,0.11550936445015342,0,🟢 OK
38,84,110,0.11781788749709748,0,🟢 OK
38,85,109,0.11329080107753725,0,🟢 OK
38,86,108,0.12192276365079674,0,🟢 OK
38,87,107,0.12092153296495023,0,🟢 OK
38,88,106,0.10542494740626623,0,🟢 OK
38,89,105,0.12489041018306085,0,🟢 OK
38,90,104,0.12445603845662961,0,🟢 OK
38,91,103,0.12772843417334595,0,🟢 OK
38,92,102,0.11897849327458837,0,🟢 OK
38,93,101,0.11499440485731321,0,🟢 OK
38,94,100,0.11975522928889848,0,🟢 OK
38,95,99,0.11760357717858105,0,🟢 OK
38,96,98,0.11429195899918065,0,🟢 OK
38,97,97,0.12113104009320669,0,🟢 OK
38,98,96,0.1107630061336955,0,🟢 OK
38,99,95,0.11293497269375485,0,🟢 OK
38,100,94,0.1108742502279822,0,🟢 OK
38,101,93,0.09076860151581001,0,🟢 OK
38,102,92,0.09146314913577586,0,🟢 OK
38,103,91,0.08860587633111017,0,🟢 OK
38,104,90,0.07986476750271998,0,🟢 OK
38,105,89,0.08429443080490623,0,🟢 OK
38,106,88,0.08869212070965443,0,🟢 OK
38,107,87,0.07665606532376801,0,🟢 OK
38,108,86,0.08728461114159597,0,🟢 OK
38,109,85,0.09105733826880374,0,🟢 OK
38,110,84,0.09212694816113415,0,🟢 OK
38,111,83,0.09151095116190983,0,🟢 OK
38,112,82,0.0901594925366151,0,🟢 OK
38,113,81,0.08140695920801477,0,🟢 OK
38,114,80,0.07776007754351583,0,🟢 OK
38,115,79,0.10692838401413013,0,🟢 OK
38,116,78,0.1112202688675592,0,🟢 OK
38,117,77,0.09746777559227804,0,🟢 OK
38,118,76,0.09723122527071287,0,🟢 OK
38,119,75,0.08686772755696526,0,🟢 OK
38,120,74,0.09169071596005224,0,🟢 OK
38,121,73,0.0833218119699694,0,🟢 OK
38,122,72,0.09223178987259589,0,🟢 OK
38,123,71,0.08910041486862003,0,🟢 OK
38,124,70,0.08758574096341937,0,🟢 OK
38,125,69,0.09308399901979669,0,🟢 OK
38,126,68,0.08630898128799774,0,🟢 OK
38,127,67,0.09916721006626178,0,🟢 OK
38,128,66,0.08364334621697228,0,🟢 OK
38,129,65,0.08959175592777463,0,🟢 OK
38,130,64,0.08532862432693072,0,🟢 OK
38,131,63,0.08189741610721873,0,🟢 OK
38,132,62,0.07257587827343942,0,🟢 OK
38,133,61,0.061369289622370926,0,🟢 OK
38,134,60,0.07421747303839654,0,🟢 OK
38,135,59,0.059796068058770135,0,🟢 OK
38,136,58,0.0645486600985804,0,🟢 OK
38,137,57,0.0647110442828237,0,🟢 OK
38,138,56,0.052701992604643866,0,🟢 OK
38,139,55,0.0578771615842224,0,🟢 OK
38,140,54,0.0539056379704706,0,🟢 OK
38,141,53,0.07698128636520624,0,🟢 OK
38,142,52,0.0670521167103515,0,🟢 OK
38,143,51,0.02603553148640181,0,🟢 OK
38,144,50,0.051885874813724475,0,🟢 OK
38,145,49,0.041331492556200555,0,🟢 OK
38,146,48,0.028141640598894735,0,🟢 OK
38,147,47,0.0013637802866731663,0,🟢 OK
38,148,46,0.005009204276757551,0,🟢 OK
38,149,45,0.0032818599431653217,0,🟢 OK
38,150,44,0.0024109122291885443,0,🟢 OK
38,151,43,0.007524066613693425,0,🟢 OK
38,152,42,0.00959517445168262,0,🟢 OK
38,153,41,0.020718204246714333,0,🟢 OK
38,154,40,0.017383090221322395,0,🟢 OK
38,155,39,0.023823464568882846,0,🟢 OK
38,156,38,0.01957107558174953,0,🟢 OK
38,157,37,0.01372264366693915,0,🟢 OK
38,158,36,0.012510645525489528,0,🟢 OK
38,159,35,0.018603921844438598,0,🟢 OK
38,160,34,0.008016888546331424,0,🟢 OK
38,161,33,0.004597120327865967,0,🟢 OK
38,162,32,0.003413373335989789,0,🟢 OK
38,163,31,0.01230864738231141,0,🟢 OK
38,164,30,0.00826931979200013,0,🟢 OK
38,165,29,-0.004342211865801748,1,🟢 OK
38,166,28,0.0031162294781950095,0,🟢 OK
38,167,27,0.0017941164079403604,0,🟢 OK
38,168,26,-0.0004746195745597426,1,🟢 OK
38,169,25,-0.015844969154310107,1,🟢 OK
38,170,24,-0.020196835457295892,1,🟢 OK
38,171,23,-0.011062782330950816,1,🟢 OK
38,172,22,0.0016088218154349798,0,🟢 OK
38,173,21,-0.0027501502712014014,1,🟢 OK
38,174,20,0.00011791522269433141,0,🟢 OK
38,175,19,-0.0022751841395806105,1,🟢 OK
38,176,18,-0.009853937266694146,1,🟢 OK
38,177,17,0.004742715061218039,0,🟢 OK
38,178,16,-0.008156258801418792,1,🟢 OK
38,179,15,-0.012229462601154095,1,🟢 OK
38,180,14,-0.043418336021516124,1,🟢 OK
38,181,13,-0.03772493535236132,1,🟢 OK
38,182,12,-0.04639074200203597,1,🟢 OK
38,183,11,-0.03657477254937369,1,🔴 ALERT
38,184,10,-0.04240439627517267,1,🔴 ALERT
38,185,9,-0.032819558414926786,1,🔴 ALERT
38,186,8,-0.027159959872462336,1,🔴 ALERT
38,187,7,-0.04120669904895036,1,🔴 ALERT
38,188,6,-0.03831744022607553,1,🔴 ALERT
38,189,5,-0.059320690351198135,1,🔴 ALERT
38,190,4,-0.07221700946937049,1,🔴 ALERT
38,191,3,-0.06453175397424049,1,🔴 ALERT
38,192,2,-0.0704664745037128,1,🔴 ALERT
38,193,1,-0.08531733040629341,1,🔴 ALERT
38,194,0,-0.08729226917637822,1,🔴 ALERT
39,1,127,0.11329098167890855,0,🟢 OK
39,2,126,0.04539818851252286,0,🟢 OK
39,3,125,0.06904408167525539,0,🟢 OK
39,4,124,0.1010064512946452,0,🟢 OK
39,5,123,0.10561749621093713,0,🟢 OK
39,6,122,0.11008707451377514,0,🟢 OK
39,7,121,0.11575528160068776,0,🟢 OK
39,8,120,0.11389691694218113,0,🟢 OK
39,9,119,0.11562800538444318,0,🟢 OK
39,10,118,0.12099730696011052,0,🟢 OK
39,11,117,0.11912663339653873,0,🟢 OK
39,12,116,0.12783242559110375,0,🟢 OK
39,13,115,0.1219483182955316,0,🟢 OK
39,14,114,0.10883986994571782,0,🟢 OK
39,15,113,0.11141782254857269,0,🟢 OK
39,16,112,0.10880850354595473,0,🟢 OK
39,17,111,0.11056293709152032,0,🟢 OK
39,18,110,0.10701720452133995,0,🟢 OK
39,19,109,0.09177802200365814,0,🟢 OK
39,20,108,0.09417858948484731,0,🟢 OK
39,21,107,0.09196843665504034,0,🟢 OK
39,22,106,0.10294864518943497,0,🟢 OK
39,23,105,0.10314096004854711,0,🟢 OK
39,24,104,0.11582371634011213,0,🟢 OK
39,25,103,0.11633386441141036,0,🟢 OK
39,26,102,0.11240464040080117,0,🟢 OK
39,27,101,0.11543582604960806,0,🟢 OK
39,28,100,0.1123256667024673,0,🟢 OK
39,29,99,0.11741918690020137,0,🟢 OK
39,30,98,0.10836302285184124,0,🟢 OK
39,31,97,0.10710468271402346,0,🟢 OK
39,32,96,0.09996094568888048,0,🟢 OK
39,33,95,0.10294148131078323,0,🟢 OK
39,34,94,0.1039537277965078,0,🟢 OK
39,35,93,0.09426750993288696,0,🟢 OK
39,36,92,0.09088502467651549,0,🟢 OK
39,37,91,0.1045988155999873,0,🟢 OK
39,38,90,0.09774729392076914,0,🟢 OK
39,39,89,0.10017719118953833,0,🟢 OK
39,40,88,0.10382992412683695,0,🟢 OK
39,41,87,0.09761586023460522,0,🟢 OK
39,42,86,0.09353441302977922,0,🟢 OK
39,43,85,0.1061882820951705,0,🟢 OK
39,44,84,0.10592074386347938,0,🟢 OK
39,45,83,0.0996598786593147,0,🟢 OK
39,46,82,0.10554067078885715,0,🟢 OK
39,47,81,0.10613802145749496,0,🟢 OK
39,48,80,0.10347138712904913,0,🟢 OK
39,49,79,0.0895434117762981,0,🟢 OK
39,50,78,0.09769244605887067,0,🟢 OK
39,51,77,0.09577236512783571,0,🟢 OK
39,52,76,0.0842991811368286,0,🟢 OK
39,53,75,0.07557038179960712,0,🟢 OK
39,54,74,0.08900855388455059,0,🟢 OK
39,55,73,0.07781633318316705,0,🟢 OK
39,56,72,0.08655882189709863,0,🟢 OK
39,57,71,0.08964791406834616,0,🟢 OK
39,58,70,0.09652805167246026,0,🟢 OK
39,59,69,0.09505449785708131,0,🟢 OK
39,60,68,0.09853900232416135,0,🟢 OK
39,61,67,0.08864964783162316,0,🟢 OK
39,62,66,0.0930185736464354,0,🟢 OK
39,63,65,0.07273247127958915,0,🟢 OK
39,64,64,0.07940510729159883,0,🟢 OK
39,65,63,0.07729194129890987,0,🟢 OK
39,66,62,0.07985282595185261,0,🟢 OK
39,67,61,0.07774539150852416,0,🟢 OK
39,68,60,0.0671186377858064,0,🟢 OK
39,69,59,0.0644580076648465,0,🟢 OK
39,70,58,0.06498129210180831,0,🟢 OK
39,71,57,0.0741226552706899,0,🟢 OK
39,72,56,0.06528558372662374,0,🟢 OK
39,73,55,0.06354476980657964,0,🟢 OK
39,74,54,0.05833462481630375,0,🟢 OK
39,75,53,0.06454742770284627,0,🟢 OK
39,76,52,0.06514956582126319,0,🟢 OK
39,77,51,0.059714096717501,0,🟢 OK
39,78,50,0.04840031654972771,0,🟢 OK
39,79,49,0.06453921883758934,0,🟢 OK
39,80,48,0.05733957233544379,0,🟢 OK
39,81,47,0.05823837524023895,0,🟢 OK
39,82,46,0.05849081206447582,0,🟢 OK
39,83,45,0.04866230439424324,0,🟢 OK
39,84,44,0.052166494125412466,0,🟢 OK
39,85,43,0.04965924865392257,0,🟢 OK
39,86,42,0.047917196701555365,0,🟢 OK
39,87,41,0.049878742259067466,0,🟢 OK
39,88,40,0.056885552079785184,0,🟢 OK
39,89,39,0.05754155714778475,0,🟢 OK
39,90,38,0.0424304051828267,0,🟢 OK
39,91,37,0.04633643858470515,0,🟢 OK
39,92,36,0.05477230022940538,0,🟢 OK
39,93,35,0.057584294054581875,0,🟢 OK
39,94,34,0.049512596282284105,0,🟢 OK
39,95,33,0.051205669880852955,0,🟢 OK
39,96,32,0.0345948957426544,0,🟢 OK
39,97,31,0.03632776635966445,0,🟢 OK
39,98,30,0.025185184190765042,0,🟢 OK
39,99,29,0.01882060606879088,0,🟢 OK
39,100,28,0.026604270053285972,0,🟢 OK
39,101,27,0.023081058132427223,0,🟢 OK
39,102,26,0.014985305598249177,0,🟢 OK
39,103,25,0.016533863040151253,0,🟢 OK
39,104,24,-0.0064762506775158935,1,🟢 OK
39,105,23,-0.014973220868491177,1,🟢 OK
39,106,22,-0.009258784387745633,1,🟢 OK
39,107,21,-0.0007282450221787196,1,🟢 OK
39,108,20,-0.00562204946235445,1,🟢 OK
39,109,19,-0.016335037797528096,1,🟢 OK
39,110,18,-0.034493234451584476,1,🟢 OK
39,111,17,-0.028825090446243262,1,🟢 OK
39,112,16,-0.041390225243419065,1,🟢 OK
39,113,15,-0.034804053147096115,1,🟢 OK
39,114,14,-0.040794420262983966,1,🟢 OK
39,115,13,-0.04063905495028863,1,🟢 OK
39,116,12,-0.05181499152566138,1,🟢 OK
39,117,11,-0.0460149960882722,1,🟢 OK
39,118,10,-0.047065915326782504,1,🔴 ALERT
39,119,9,-0.046629458395804124,1,🔴 ALERT
39,120,8,-0.05612159853660026,1,🔴 ALERT
39,121,7,-0.04608596181958957,1,🔴 ALERT
39,122,6,-0.051851371488425335,1,🔴 ALERT
39,123,5,-0.05068443760670294,1,🔴 ALERT
39,124,4,-0.045709043784712855,1,🔴 ALERT
39,125,3,-0.047243218759731476,1,🔴 ALERT
39,126,2,-0.043141338931493745,1,🔴 ALERT
39,127,1,-0.02534601143409687,1,🔴 ALERT
39,128,0,-0.027126818049013623,1,🔴 ALERT
40,1,187,0.08304442447991334,0,🟢 OK
40,2,186,0.037425750070937125,0,🟢 OK
40,3,185,0.10740482995759609,0,🟢 OK
40,4,184,0.055903459691726,0,🟢 OK
40,5,183,0.07652914651659026,0,🟢 OK
40,6,182,0.08423579310068502,0,🟢 OK
40,7,181,0.10810782568175936,0,🟢 OK
40,8,180,0.11609900879619617,0,🟢 OK
40,9,179,0.11329423234433422,0,🟢 OK
40,10,178,0.10997909125170352,0,🟢 OK
40,11,177,0.11466148228516104,0,🟢 OK
40,12,176,0.1182479646874236,0,🟢 OK
40,13,175,0.10854391948800018,0,🟢 OK
40,14,174,0.11749908107785789,0,🟢 OK
40,15,173,0.1143569398570109,0,🟢 OK
40,16,172,0.10531982048040878,0,🟢 OK
40,17,171,0.0992208488322242,0,🟢 OK
40,18,170,0.10861944147516195,0,🟢 OK
40,19,169,0.10734930314552082,0,🟢 OK
40,20,168,0.10291696639552195,0,🟢 OK
40,21,167,0.09732331945144429,0,🟢 OK
40,22,166,0.09661354975121528,0,🟢 OK
40,23,165,0.11267400746378858,0,🟢 OK
40,24,164,0.10616242351261596,0,🟢 OK
40,25,163,0.09618391440790608,0,🟢 OK
40,26,162,0.08984114873202864,0,🟢 OK
40,27,161,0.09470820457700718,0,🟢 OK
40,28,160,0.09480974396203429,0,🟢 OK
40,29,159,0.09618240895431818,0,🟢 OK
40,30,158,0.0979187621103565,0,🟢 OK
40,31,157,0.09489463359382594,0,🟢 OK
40,32,156,0.10023941836540584,0,🟢 OK
40,33,155,0.10233711516295846,0,🟢 OK
40,34,154,0.09465364122733366,0,🟢 OK
40,35,153,0.1064255066502498,0,🟢 OK
40,36,152,0.10433460287694002,0,🟢 OK
40,37,151,0.09793442551229364,0,🟢 OK
40,38,150,0.09810060197516807,0,🟢 OK
40,39,149,0.10204962666266121,0,🟢 OK
40,40,148,0.0940920587814067,0,🟢 OK
40,41,147,0.09644678506776966,0,🟢 OK
40,42,146,0.0947919694112821,0,🟢 OK
40,43,145,0.10532833942993197,0,🟢 OK
40,44,144,0.09892801653284539,0,🟢 OK
40,45,143,0.09725763703431045,0,🟢 OK
40,46,142,0.09415163366500967,0,🟢 OK
40,47,141,0.08995621834238565,0,🟢 OK
40,48,140,0.08846372283077697,0,🟢 OK
40,49,139,0.09969490550556748,0,🟢 OK
40,50,138,0.09491187470416934,0,🟢 OK
40,51,137,0.09695717471224286,0,🟢 OK
40,52,136,0.10239461057076849,0,🟢 OK
40,53,135,0.10787459686311901,0,🟢 OK
40,54,134,0.10807032566753527,0,🟢 OK
40,55,133,0.0998284560126868,0,🟢 OK
40,56,132,0.10205823703114292,0,🟢 OK
40,57,131,0.10594594772393323,0,🟢 OK
40,58,130,0.1078283763123506,0,🟢 OK
40,59,129,0.10091264157289964,0,🟢 OK
40,60,128,0.09801937169463709,0,🟢 OK
40,61,127,0.09764758301032245,0,🟢 OK
40,62,126,0.10699695207370868,0,🟢 OK
40,63,125,0.10875131229878743,0,🟢 OK
40,64,124,0.09889134230388497,0,🟢 OK
40,65,123,0.09120020264369166,0,🟢 OK
40,66,122,0.08715808614104847,0,🟢 OK
40,67,121,0.08600930623796915,0,🟢 OK
40,68,120,0.09814043685475354,0,🟢 OK
40,69,119,0.09152188622248342,0,🟢 OK
40,70,118,0.09049183121165055,0,🟢 OK
40,71,117,0.0613588758150011,0,🟢 OK
40,72,116,0.07266105346761964,0,🟢 OK
40,73,115,0.0799037513177066,0,🟢 OK
40,74,114,0.07451006217076778,0,🟢 OK
40,75,113,0.0854090890251315,0,🟢 OK
40,76,112,0.08614726075737866,0,🟢 OK
40,77,111,0.08296334391580296,0,🟢 OK
40,78,110,0.09094510945981704,0,🟢 OK
40,79,109,0.10016179001496656,0,🟢 OK
40,80,108,0.10269356278927716,0,🟢 OK
40,81,107,0.09714336847276633,0,🟢 OK
40,82,106,0.09287125449553574,0,🟢 OK
40,83,105,0.07538457335282123,0,🟢 OK
40,84,104,0.09293141017013146,0,🟢 OK
40,85,103,0.08434583058823275,0,🟢 OK
40,86,102,0.06882554127004958,0,🟢 OK
40,87,101,0.053160538102857924,0,🟢 OK
40,88,100,0.07418885354264004,0,🟢 OK
40,89,99,0.07475042137859245,0,🟢 OK
40,90,98,0.07599903697458021,0,🟢 OK
40,91,97,0.07668495218263743,0,🟢 OK
40,92,96,0.08046061923625514,0,🟢 OK
40,93,95,0.07762633116376372,0,🟢 OK
40,94,94,0.07581676765515405,0,🟢 OK
40,95,93,0.05969697878387559,0,🟢 OK
40,96,92,0.058715313334573416,0,🟢 OK
40,97,91,0.059971554601234434,0,🟢 OK
40,98,90,0.03988530917581895,0,🟢 OK
40,99,89,0.039929827545503005,0,🟢 OK
40,100,88,0.04174880307080242,0,🟢 OK
40,101,87,0.04552237027799089,0,🟢 OK
40,102,86,0.052943883450906615,0,🟢 OK
40,103,85,0.045961337412490366,0,🟢 OK
40,104,84,0.06287300138535928,0,🟢 OK
40,105,83,0.08560015127176107,0,🟢 OK
40,106,82,0.07453920611084747,0,🟢 OK
40,107,81,0.06653816029298532,0,🟢 OK
40,108,80,0.06171242514754083,0,🟢 OK
40,109,79,0.07310183869218356,0,🟢 OK
40,110,78,0.06942275312840013,0,🟢 OK
40,111,77,0.06987556692278823,0,🟢 OK
40,112,76,0.07223860282989591,0,🟢 OK
40,113,75,0.07552079752039503,0,🟢 OK
40,114,74,0.058152787693844354,0,🟢 OK
40,115,73,0.05548968668491505,0,🟢 OK
40,116,72,0.05144766998871231,0,🟢 OK
40,117,71,0.059479217262071726,0,🟢 OK
40,118,70,0.06605245641159435,0,🟢 OK
40,119,69,0.04370917142861891,0,🟢 OK
40,120,68,0.03618227325043366,0,🟢 OK
40,121,67,0.041742744070305815,0,🟢 OK
40,122,66,0.036160704739294225,0,🟢 OK
40,123,65,0.044261405459725234,0,🟢 OK
40,124,64,0.028704433821897635,0,🟢 OK
40,125,63,0.028505727098327494,0,🟢 OK
40,126,62,0.029405594356261888,0,🟢 OK
40,127,61,0.02942328289274926,0,🟢 OK
40,128,60,0.03899695284515364,0,🟢 OK
40,129,59,0.038422562375527436,0,🟢 OK
40,130,58,0.02775699168850848,0,🟢 OK
40,131,57,0.029022245188180362,0,🟢 OK
40,132,56,0.030576683867653554,0,🟢 OK
40,133,55,0.018258537675423847,0,🟢 OK
40,134,54,0.020426240521517314,0,🟢 OK
40,135,53,0.013719668567196142,0,🟢 OK
40,136,52,0.00425342925763561,0,🟢 OK
40,137,51,0.00479225116403692,0,🟢 OK
40,138,50,0.0013943664779260123,0,🟢 OK
40,139,49,0.0009215864795556472,0,🟢 OK
40,140,48,0.00016260748789187485,0,🟢 OK
40,141,47,-0.0014105752605050315,1,🟢 OK
40,142,46,0.00738296033455732,0,🟢 OK
40,143,45,-0.005957963629073193,1,🟢 OK
40,144,44,-0.008402319182397644,1,🟢 OK
40,145,43,-0.017585082183220635,1,🟢 OK
40,146,42,-0.029540900022817063,1,🟢 OK
40,147,41,-0.0076740597792911425,1,🟢 OK
40,148,40,-0.01629393497702014,1,🟢 OK
40,149,39,-0.019271130152487825,1,🟢 OK
40,150,38,-0.022858553911319635,1,🟢 OK
40,151,37,-0.01574943838660592,1,🟢 OK
40,152,36,-0.015782616909329694,1,🟢 OK
40,153,35,-0.031001741072990363,1,🟢 OK
40,154,34,-0.026798432368606906,1,🔴 ALERT
40,155,33,-0.020859751707252072,1,🔴 ALERT
40,156,32,-0.032803267519617374,1,🔴 ALERT
40,157,31,-0.03816064880609449,1,🔴 ALERT
40,158,30,-0.04341039610741526,1,🔴 ALERT
40,159,29,-0.0394735777063292,1,🔴 ALERT
40,160,28,-0.03779876993039344,1,🔴 ALERT
40,161,27,-0.03439838038548948,1,🔴 ALERT
40,162,26,-0.02628673062020781,1,🔴 ALERT
40,163,25,-0.047859340220775204,1,🔴 ALERT
40,164,24,-0.04452692027108951,1,🔴 ALERT
40,165,23,-0.03792987054885022,1,🔴 ALERT
40,166,22,-0.025253600111654784,1,🔴 ALERT
40,167,21,-0.03184607317232924,1,🔴 ALERT
40,168,20,-0.03509348888613595,1,🔴 ALERT
40,169,19,-0.03830601908510267,1,🔴 ALERT
40,170,18,-0.043927773509319534,1,🔴 ALERT
40,171,17,-0.05292334460014281,1,🔴 ALERT
40,172,16,-0.06629240775944767,1,🔴 ALERT
40,173,15,-0.0632994045749512,1,🔴 ALERT
40,174,14,-0.05785007217559468,1,🔴 ALERT
40,175,13,-0.04855627020420894,1,🔴 ALERT
40,176,12,-0.044790139635914605,1,🔴 ALERT
40,177,11,-0.04516783150448289,1,🔴 ALERT
40,178,10,-0.041941384431574025,1,🔴 ALERT
40,179,9,-0.04704126086879157,1,🔴 ALERT
40,180,8,-0.04621196382783288,1,🔴 ALERT
40,181,7,-0.034695474587417396,1,🔴 ALERT
40,182,6,-0.03217924437204178,1,🔴 ALERT
40,183,5,-0.036149732645683885,1,🔴 ALERT
40,184,4,-0.042125486563748815,1,🔴 ALERT
40,185,3,-0.035793248385012966,1,🔴 ALERT
40,186,2,-0.029199133709596703,1,🔴 ALERT
40,187,1,-0.03068068455246531,1,🔴 ALERT
40,188,0,-0.028245231436379803,1,🔴 ALERT
41,1,215,0.08646064377289941,0,🟢 OK
41,2,214,0.0049808709506312665,0,🟢 OK
41,3,213,0.05099572857622797,0,🟢 OK
41,4,212,0.06696186388861891,0,🟢 OK
41,5,211,0.07160267170873136,0,🟢 OK
41,6,210,0.07007323716169461,0,🟢 OK
41,7,209,0.07679054342005731,0,🟢 OK
41,8,208,0.08149807431054285,0,🟢 OK
41,9,207,0.08393863423769582,0,🟢 OK
41,10,206,0.08860719728696703,0,🟢 OK
41,11,205,0.07907442109737745,0,🟢 OK
41,12,204,0.07499560478556239,0,🟢 OK
41,13,203,0.06591140971516657,0,🟢 OK
41,14,202,0.05323607258157986,0,🟢 OK
41,15,201,0.05867984204481386,0,🟢 OK
41,16,200,0.055254459091398644,0,🟢 OK
41,17,199,0.05845132900892225,0,🟢 OK
41,18,198,0.06125982711873035,0,🟢 OK
41,19,197,0.07000147710227622,0,🟢 OK
41,20,196,0.07279192560725767,0,🟢 OK
41,21,195,0.059169086273447136,0,🟢 OK
41,22,194,0.06027708592146391,0,🟢 OK
41,23,193,0.06498909404931891,0,🟢 OK
41,24,192,0.06815494611168732,0,🟢 OK
41,25,191,0.06597644898614685,0,🟢 OK
41,26,190,0.06969444948020864,0,🟢 OK
41,27,189,0.0803620191051726,0,🟢 OK
41,28,188,0.07965694429925574,0,🟢 OK
41,29,187,0.0886045053126443,0,🟢 OK
41,30,186,0.08683113430674116,0,🟢 OK
41,31,185,0.09046408901982345,0,🟢 OK
41,32,184,0.09560873930543756,0,🟢 OK
41,33,183,0.07385215055345318,0,🟢 OK
41,34,182,0.07994993767412928,0,🟢 OK
41,35,181,0.07959324906388915,0,🟢 OK
41,36,180,0.08274901724936107,0,🟢 OK
41,37,179,0.0487827376905729,0,🟢 OK
41,38,178,0.05907752457685328,0,🟢 OK
41,39,177,0.06701099320915427,0,🟢 OK
41,40,176,0.05132847467480317,0,🟢 OK
41,41,175,0.044713305622866406,0,🟢 OK
41,42,174,0.04726979766883227,0,🟢 OK
41,43,173,0.04490193093913514,0,🟢 OK
41,44,172,0.060152535252828154,0,🟢 OK
41,45,171,0.07469603342482772,0,🟢 OK
41,46,170,0.08883914703175089,0,🟢 OK
41,47,169,0.09005123468323245,0,🟢 OK
41,48,168,0.08064753834868715,0,🟢 OK
41,49,167,0.07785804890514625,0,🟢 OK
41,50,166,0.0857609237741025,0,🟢 OK
41,51,165,0.08591649693185704,0,🟢 OK
41,52,164,0.09257099320804235,0,🟢 OK
41,53,163,0.10934895843141529,0,🟢 OK
41,54,162,0.09889546888763812,0,🟢 OK
41,55,161,0.09692959191029732,0,🟢 OK
41,56,160,0.09017275397095564,0,🟢 OK
41,57,159,0.09169464079980266,0,🟢 OK
41,58,158,0.09592867685902817,0,🟢 OK
41,59,157,0.10519896758802816,0,🟢 OK
41,60,156,0.10540251855449867,0,🟢 OK
41,61,155,0.1060909537547724,0,🟢 OK
41,62,154,0.10909419969687528,0,🟢 OK
41,63,153,0.11116645201601716,0,🟢 OK
41,64,152,0.1111831260683444,0,🟢 OK
41,65,151,0.10559044615773944,0,🟢 OK
41,66,150,0.09604077184765936,0,🟢 OK
41,67,149,0.10181811894944837,0,🟢 OK
41,68,148,0.10144727116669483,0,🟢 OK
41,69,147,0.1003921356605132,0,🟢 OK
41,70,146,0.10767186831669517,0,🟢 OK
41,71,145,0.09730131445173995,0,🟢 OK
41,72,144,0.09772905896764134,0,🟢 OK
41,73,143,0.08975206415974235,0,🟢 OK
41,74,142,0.09278808142193279,0,🟢 OK
41,75,141,0.08603259968907051,0,🟢 OK
41,76,140,0.10371526608608028,0,🟢 OK
41,77,139,0.09508657983429286,0,🟢 OK
41,78,138,0.09734356836213276,0,🟢 OK
41,79,137,0.09942826765227308,0,🟢 OK
41,80,136,0.09679049431584846,0,🟢 OK
41,81,135,0.10261002319620316,0,🟢 OK
41,82,134,0.09496172821194337,0,🟢 OK
41,83,133,0.08991729464865794,0,🟢 OK
41,84,132,0.08595186664762478,0,🟢 OK
41,85,131,0.08173033123376072,0,🟢 OK
41,86,130,0.08462944960456648,0,🟢 OK
41,87,129,0.07147867967765331,0,🟢 OK
41,88,128,0.0785089399444211,0,🟢 OK
41,89,127,0.07152396898708513,0,🟢 OK
41,90,126,0.08869885631744345,0,🟢 OK
41,91,125,0.08263043802829978,0,🟢 OK
41,92,124,0.08453476352400796,0,🟢 OK
41,93,123,0.09191128315045011,0,🟢 OK
41,94,122,0.09278867673260288,0,🟢 OK
41,95,121,0.08642844397543087,0,🟢 OK
41,96,120,0.08651833085767385,0,🟢 OK
41,97,119,0.10351198698811248,0,🟢 OK
41,98,118,0.10991336109716887,0,🟢 OK
41,99,117,0.11273502873405278,0,🟢 OK
41,100,116,0.10025891039864054,0,🟢 OK
41,101,115,0.11436810476910314,0,🟢 OK
41,102,114,0.11136171501949016,0,🟢 OK
41,103,113,0.10182414546637975,0,🟢 OK
41,104,112,0.09831979643128858,0,🟢 OK
41,105,111,0.09916406665298855,0,🟢 OK
41,106,110,0.09859411804687113,0,🟢 OK
41,107,109,0.09397169314948839,0,🟢 OK
41,108,108,0.10266285073761994,0,🟢 OK
41,109,107,0.10793089555547442,0,🟢 OK
41,110,106,0.09505794415291313,0,🟢 OK
41,111,105,0.09480660458407647,0,🟢 OK
41,112,104,0.06394316620228802,0,🟢 OK
41,113,103,0.07605573128800275,0,🟢 OK
41,114,102,0.07904257465024789,0,🟢 OK
41,115,101,0.08110600823919856,0,🟢 OK
41,116,100,0.09112263139428356,0,🟢 OK
41,117,99,0.09504450136034881,0,🟢 OK
41,118,98,0.09442249383740803,0,🟢 OK
41,119,97,0.09190234047151102,0,🟢 OK
41,120,96,0.0863679740167107,0,🟢 OK
41,121,95,0.08096526099923268,0,🟢 OK
41,122,94,0.088489241605889,0,🟢 OK
41,123,93,0.09541631407269657,0,🟢 OK
41,124,92,0.10758331766308588,0,🟢 OK
41,125,91,0.10940596844524147,0,🟢 OK
41,126,90,0.10143837307732123,0,🟢 OK
41,127,89,0.09414267344976746,0,🟢 OK
41,128,88,0.09222534995293724,0,🟢 OK
41,129,87,0.0902012392223846,0,🟢 OK
41,130,86,0.09157051274717143,0,🟢 OK
41,131,85,0.09223381940448155,0,🟢 OK
41,132,84,0.09716485444328254,0,🟢 OK
41,133,83,0.09351130242795369,0,🟢 OK
41,134,82,0.08991792601063792,0,🟢 OK
41,135,81,0.08560460851751706,0,🟢 OK
41,136,80,0.08257487771106992,0,🟢 OK
41,137,79,0.08812482766161395,0,🟢 OK
41,138,78,0.08865523796722674,0,🟢 OK
41,139,77,0.0966743211156662,0,🟢 OK
41,140,76,0.08826470888630378,0,🟢 OK
41,141,75,0.10423693280652518,0,🟢 OK
41,142,74,0.11120658994769078,0,🟢 OK
41,143,73,0.11447278404842359,0,🟢 OK
41,144,72,0.1159004741659369,0,🟢 OK
41,145,71,0.11512300399155917,0,🟢 OK
41,146,70,0.10894005572202714,0,🟢 OK
41,147,69,0.10526175820866956,0,🟢 OK
41,148,68,0.10956379304622288,0,🟢 OK
41,149,67,0.10944178767455481,0,🟢 OK
41,150,66,0.10033588689937761,0,🟢 OK
41,151,65,0.10900453777801106,0,🟢 OK
41,152,64,0.11077568214479228,0,🟢 OK
41,153,63,0.10602565964512067,0,🟢 OK
41,154,62,0.10026279255456161,0,🟢 OK
41,155,61,0.10079946368743903,0,🟢 OK
41,156,60,0.1004702196544528,0,🟢 OK
41,157,59,0.10770136782031325,0,🟢 OK
41,158,58,0.10765884210600579,0,🟢 OK
41,159,57,0.1026465475097465,0,🟢 OK
41,160,56,0.08974054653928609,0,🟢 OK
41,161,55,0.097907482056039,0,🟢 OK
41,162,54,0.09117592109804223,0,🟢 OK
41,163,53,0.09366376555605277,0,🟢 OK
41,164,52,0.07943535587466971,0,🟢 OK
41,165,51,0.08263975698070342,0,🟢 OK
41,166,50,0.07877663825253661,0,🟢 OK
41,167,49,0.0834238129514408,0,🟢 OK
41,168,48,0.07629303285564493,0,🟢 OK
41,169,47,0.07599108138205346,0,🟢 OK
41,170,46,0.06540416095251556,0,🟢 OK
41,171,45,0.05868635741241135,0,🟢 OK
41,172,44,0.06708311047882237,0,🟢 OK
41,173,43,0.0769908317105294,0,🟢 OK
41,174,42,0.07628548545206909,0,🟢 OK
41,175,41,0.07262678219043661,0,🟢 OK
41,176,40,0.07153457730834317,0,🟢 OK
41,177,39,0.0719499004889711,0,🟢 OK
41,178,38,0.07294223348571105,0,🟢 OK
41,179,37,0.0774291129408402,0,🟢 OK
41,180,36,0.0767137148263779,0,🟢 OK
41,181,35,0.07240991982746486,0,🟢 OK
41,182,34,0.049798132087158,0,🟢 OK
41,183,33,0.05046404599138199,0,🟢 OK
41,184,32,0.0425032575760777,0,🟢 OK
41,185,31,0.035722322271224016,0,🟢 OK
41,186,30,0.02550006899983115,0,🟢 OK
41,187,29,0.032917165422650274,0,🟢 OK
41,188,28,0.037118109233046315,0,🟢 OK
41,189,27,0.032172450736359715,0,🟢 OK
41,190,26,0.030351105924754762,0,🟢 OK
41,191,25,0.03272602555860854,0,🟢 OK
41,192,24,0.02352008661961913,0,🟢 OK
41,193,23,0.0071217145901644185,0,🟢 OK
41,194,22,-0.0008144986702850465,1,🟢 OK
41,195,21,-0.0018319548174287048,1,🟢 OK
41,196,20,0.00034503678079178535,0,🟢 OK
41,197,19,-0.004854613075089054,1,🟢 OK
41,198,18,0.002347434734299547,0,🟢 OK
41,199,17,0.0072129489784447665,0,🟢 OK
41,200,16,-0.013279327764492699,1,🟢 OK
41,201,15,-0.001378745042007301,1,🟢 OK
41,202,14,-0.0022407813871937465,1,🟢 OK
41,203,13,-0.004712638870436825,1,🟢 OK
41,204,12,-0.0028008203495935025,1,🟢 OK
41,205,11,-0.011987281567107377,1,🟢 OK
41,206,10,-0.012397321497050418,1,🟢 OK
41,207,9,-0.02766909757329994,1,🟢 OK
41,208,8,-0.017750603519797514,1,🟢 OK
41,209,7,-0.031231557836989277,1,🟢 OK
41,210,6,-0.043342219103299606,1,🟢 OK
41,211,5,-0.04604334460900117,1,🟢 OK
41,212,4,-0.05685707548687058,1,🟢 OK
41,213,3,-0.03950140004763847,1,🟢 OK
41,214,2,-0.05504135696809853,1,🔴 ALERT
41,215,1,-0.035501079928400014,1,🔴 ALERT
41,216,0,-0.03981080982373442,1,🔴 ALERT
42,1,195,0.08496227624260677,0,🟢 OK
42,2,194,0.012464487341625696,0,🟢 OK
42,3,193,0.04357894781153754,0,🟢 OK
42,4,192,0.06051786764293926,0,🟢 OK
42,5,191,0.07079916089782695,0,🟢 OK
42,6,190,0.06653231177760738,0,🟢 OK
42,7,189,0.06698713562258007,0,🟢 OK
42,8,188,0.08771458231021995,0,🟢 OK
42,9,187,0.08498912143551646,0,🟢 OK
42,10,186,0.08835098414219794,0,🟢 OK
42,11,185,0.0818521402158992,0,🟢 OK
42,12,184,0.09188579142321984,0,🟢 OK
42,13,183,0.0775153868469326,0,🟢 OK
42,14,182,0.10214137179962318,0,🟢 OK
42,15,181,0.09882382697026693,0,🟢 OK
42,16,180,0.10317421300583474,0,🟢 OK
42,17,179,0.09615953314314651,0,🟢 OK
42,18,178,0.10254944274085609,0,🟢 OK
42,19,177,0.10630990904480847,0,🟢 OK
42,20,176,0.10402614726154408,0,🟢 OK
42,21,175,0.1066156371085506,0,🟢 OK
42,22,174,0.12073023347659373,0,🟢 OK
42,23,173,0.11289762369064366,0,🟢 OK
42,24,172,0.10994529773315886,0,🟢 OK
42,25,171,0.1081795779987813,0,🟢 OK
42,26,170,0.1081243212793413,0,🟢 OK
42,27,169,0.09458830431501802,0,🟢 OK
42,28,168,0.10154059438574375,0,🟢 OK
42,29,167,0.10049952311702037,0,🟢 OK
42,30,166,0.09928177174503938,0,🟢 OK
42,31,165,0.092401284895191,0,🟢 OK
42,32,164,0.09057720949821646,0,🟢 OK
42,33,163,0.10141042072940604,0,🟢 OK
42,34,162,0.10124514249680833,0,🟢 OK
42,35,161,0.09683390412536769,0,🟢 OK
42,36,160,0.1028039752746967,0,🟢 OK
42,37,159,0.10259689005284961,0,🟢 OK
42,38,158,0.08549762603949923,0,🟢 OK
42,39,157,0.08478898252568468,0,🟢 OK
42,40,156,0.08086117191600734,0,🟢 OK
42,41,155,0.09839943702511755,0,🟢 OK
42,42,154,0.09877107933815776,0,🟢 OK
42,43,153,0.09777496192985291,0,🟢 OK
42,44,152,0.09339942854611927,0,🟢 OK
42,45,151,0.09597721965442113,0,🟢 OK
42,46,150,0.0889705814013903,0,🟢 OK
42,47,149,0.09888433384392942,0,🟢 OK
42,48,148,0.11400341111832657,0,🟢 OK
42,49,147,0.11772397633675197,0,🟢 OK
42,50,146,0.10734249276274366,0,🟢 OK
42,51,145,0.1015386116517158,0,🟢 OK
42,52,144,0.1003396484521501,0,🟢 OK
42,53,143,0.09377438552291584,0,🟢 OK
42,54,142,0.1001131367369037,0,🟢 OK
42,55,141,0.09695902613933166,0,🟢 OK
42,56,140,0.0990201738142984,0,🟢 OK
42,57,139,0.10184952983382123,0,🟢 OK
42,58,138,0.10212528425236017,0,🟢 OK
42,59,137,0.10113690273459053,0,🟢 OK
42,60,136,0.09706710190901441,0,🟢 OK
42,61,135,0.11160596890561059,0,🟢 OK
42,62,134,0.1118210931954221,0,🟢 OK
42,63,133,0.11603700084170576,0,🟢 OK
42,64,132,0.11817027114069817,0,🟢 OK
42,65,131,0.11375419221777239,0,🟢 OK
42,66,130,0.11553757496760275,0,🟢 OK
42,67,129,0.11363409053867923,0,🟢 OK
42,68,128,0.11316604682367021,0,🟢 OK
42,69,127,0.10887060199302478,0,🟢 OK
42,70,126,0.10567450991545141,0,🟢 OK
42,71,125,0.11247359589571682,0,🟢 OK
42,72,124,0.11386258692889939,0,🟢 OK
42,73,123,0.1143111239601291,0,🟢 OK
42,74,122,0.11428583572213469,0,🟢 OK
42,75,121,0.1067049792230596,0,🟢 OK
42,76,120,0.12413194431809715,0,🟢 OK
42,77,119,0.11743958578404673,0,🟢 OK
42,78,118,0.12244651927058708,0,🟢 OK
42,79,117,0.11568714751645454,0,🟢 OK
42,80,116,0.11970854180214413,0,🟢 OK
42,81,115,0.12347245689089864,0,🟢 OK
42,82,114,0.12634285865228811,0,🟢 OK
42,83,113,0.12513606737267496,0,🟢 OK
42,84,112,0.12754566046973215,0,🟢 OK
42,85,111,0.12413880961778351,0,🟢 OK
42,86,110,0.12226393131354446,0,🟢 OK
42,87,109,0.12558032328179464,0,🟢 OK
42,88,108,0.12724024471363998,0,🟢 OK
42,89,107,0.12207575422039485,0,🟢 OK
42,90,106,0.11934783254643477,0,🟢 OK
42,91,105,0.12091916376839884,0,🟢 OK
42,92,104,0.12040166087568072,0,🟢 OK
42,93,103,0.12196994833376534,0,🟢 OK
42,94,102,0.1260157390899358,0,🟢 OK
42,95,101,0.12425203111515376,0,🟢 OK
42,96,100,0.1325404837316776,0,🟢 OK
42,97,99,0.12952194438802928,0,🟢 OK
42,98,98,0.12971669013105858,0,🟢 OK
42,99,97,0.13251115064421026,0,🟢 OK
42,100,96,0.1281294347940164,0,🟢 OK
42,101,95,0.12552502230412632,0,🟢 OK
42,102,94,0.12926748187678083,0,🟢 OK
42,103,93,0.12740969527784113,0,🟢 OK
42,104,92,0.1302022753503223,0,🟢 OK
42,105,91,0.13017647145872274,0,🟢 OK
42,106,90,0.12856325835954302,0,🟢 OK
42,107,89,0.1268545493389141,0,🟢 OK
42,108,88,0.1260505794790029,0,🟢 OK
42,109,87,0.1269684917268361,0,🟢 OK
42,110,86,0.13189127669454104,0,🟢 OK
42,111,85,0.12809456998771807,0,🟢 OK
42,112,84,0.12553608437459285,0,🟢 OK
42,113,83,0.1235400965039809,0,🟢 OK
42,114,82,0.11904540682256987,0,🟢 OK
42,115,81,0.1137581589369352,0,🟢 OK
42,116,80,0.11708775295936757,0,🟢 OK
42,117,79,0.11914114942867216,0,🟢 OK
42,118,78,0.10974685203208157,0,🟢 OK
42,119,77,0.12480979071498771,0,🟢 OK
42,120,76,0.12248194707392102,0,🟢 OK
42,121,75,0.12289142359497057,0,🟢 OK
42,122,74,0.12698202981514922,0,🟢 OK
42,123,73,0.11774666732093259,0,🟢 OK
42,124,72,0.11963072509956874,0,🟢 OK
42,125,71,0.11701131718609281,0,🟢 OK
42,126,70,0.11895246289184885,0,🟢 OK
42,127,69,0.11956567844674865,0,🟢 OK
42,128,68,0.12502648727404614,0,🟢 OK
42,129,67,0.1225917443239285,0,🟢 OK
42,130,66,0.10826911858502186,0,🟢 OK
42,131,65,0.11408548219346287,0,🟢 OK
42,132,64,0.11673469018689148,0,🟢 OK
42,133,63,0.12191343153364026,0,🟢 OK
42,134,62,0.11758990804392216,0,🟢 OK
42,135,61,0.11201471574310562,0,🟢 OK
42,136,60,0.1108876068401774,0,🟢 OK
42,137,59,0.1132622122818413,0,🟢 OK
42,138,58,0.11531446589737354,0,🟢 OK
42,139,57,0.10517848454340673,0,🟢 OK
42,140,56,0.10513999789987932,0,🟢 OK
42,141,55,0.1017197221685906,0,🟢 OK
42,142,54,0.10019456448262942,0,🟢 OK
42,143,53,0.09318315658127146,0,🟢 OK
42,144,52,0.08854737264755763,0,🟢 OK
42,145,51,0.07501990141186127,0,🟢 OK
42,146,50,0.08396417884612667,0,🟢 OK
42,147,49,0.08476174494262528,0,🟢 OK
42,148,48,0.09301410767944795,0,🟢 OK
42,149,47,0.09325471405145375,0,🟢 OK
42,150,46,0.07191439148301443,0,🟢 OK
42,151,45,0.07093903812834357,0,🟢 OK
42,152,44,0.06483498055122955,0,🟢 OK
42,153,43,0.062123459964988026,0,🟢 OK
42,154,42,0.06926945062588807,0,🟢 OK
42,155,41,0.06174230540376702,0,🟢 OK
42,156,40,0.05723580877188672,0,🟢 OK
42,157,39,0.06179761338120915,0,🟢 OK
42,158,38,0.05770885899503253,0,🟢 OK
42,159,37,0.05711109711777618,0,🟢 OK
42,160,36,0.0613083960655999,0,🟢 OK
42,161,35,0.06513130665510947,0,🟢 OK
42,162,34,0.05044039910236492,0,🟢 OK
42,163,33,0.0537898782449992,0,🟢 OK
42,164,32,0.047377768322820146,0,🟢 OK
42,165,31,0.05345641929882938,0,🟢 OK
42,166,30,0.040862852309434816,0,🟢 OK
42,167,29,0.024768070088501293,0,🟢 OK
42,168,28,0.02117377786801994,0,🟢 OK
42,169,27,-0.018149534622664443,1,🟢 OK
42,170,26,-0.026840411802987352,1,🟢 OK
42,171,25,-0.02372394763196095,1,🟢 OK
42,172,24,-0.020447031505890334,1,🟢 OK
42,173,23,-0.02560590876473723,1,🟢 OK
42,174,22,-0.01677711196412779,1,🟢 OK
42,175,21,-0.011292793188508066,1,🟢 OK
42,176,20,-0.00519938140775833,1,🟢 OK
42,177,19,-0.008581455045526099,1,🟢 OK
42,178,18,-0.002139005813635686,1,🟢 OK
42,179,17,-0.012253746128463194,1,🟢 OK
42,180,16,-0.010416171593624068,1,🔴 ALERT
42,181,15,-0.04347201860327221,1,🔴 ALERT
42,182,14,-0.043649787464878353,1,🔴 ALERT
42,183,13,-0.04582528892246962,1,🔴 ALERT
42,184,12,-0.043705543517438605,1,🔴 ALERT
42,185,11,-0.04465211383694445,1,🔴 ALERT
42,186,10,-0.04066246809207941,1,🔴 ALERT
42,187,9,-0.04481691575630942,1,🔴 ALERT
42,188,8,-0.04136723725179181,1,🔴 ALERT
42,189,7,-0.04547243725805572,1,🔴 ALERT
42,190,6,-0.04455399832773066,1,🔴 ALERT
42,191,5,-0.024892990114488422,1,🔴 ALERT
42,192,4,-0.0207078029833776,1,🔴 ALERT
42,193,3,-0.03912426697085458,1,🔴 ALERT
42,194,2,-0.050268217139366134,1,🔴 ALERT
42,195,1,-0.031662707327628326,1,🔴 ALERT
42,196,0,-0.036466175777903787,1,🔴 ALERT
43,1,206,0.06557103576618512,0,🟢 OK
43,2,205,-0.007762036643458536,0,🟢 OK
43,3,204,0.03304661976013801,0,🟢 OK
43,4,203,0.04336646995868848,0,🟢 OK
43,5,202,0.05436509160028852,0,🟢 OK
43,6,201,0.07049874374113446,0,🟢 OK
43,7,200,0.06623914183429935,0,🟢 OK
43,8,199,0.07283811683519764,0,🟢 OK
43,9,198,0.0841263223300538,0,🟢 OK
43,10,197,0.08581061990363181,0,🟢 OK
43,11,196,0.08481478704464557,0,🟢 OK
43,12,195,0.08603820952919078,0,🟢 OK
43,13,194,0.09040992138131815,0,🟢 OK
43,14,193,0.07926566016536701,0,🟢 OK
43,15,192,0.08243139038258235,0,🟢 OK
43,16,191,0.07391307007303033,0,🟢 OK
43,17,190,0.06863190585488804,0,🟢 OK
43,18,189,0.0700035128707856,0,🟢 OK
43,19,188,0.0644985072665894,0,🟢 OK
43,20,187,0.06571138820019629,0,🟢 OK
43,21,186,0.06724143739108324,0,🟢 OK
43,22,185,0.07071878204936194,0,🟢 OK
43,23,184,0.06662803109794418,0,🟢 OK
43,24,183,0.07607723075865785,0,🟢 OK
43,25,182,0.07159780754259903,0,🟢 OK
43,26,181,0.07619573126634249,0,🟢 OK
43,27,180,0.07656651251063223,0,🟢 OK
43,28,179,0.08084896764040833,0,🟢 OK
43,29,178,0.08511441312858964,0,🟢 OK
43,30,177,0.08006571618415931,0,🟢 OK
43,31,176,0.07105298963562484,0,🟢 OK
43,32,175,0.06644980552643898,0,🟢 OK
43,33,174,0.06759425992951473,0,🟢 OK
43,34,173,0.06698841629333951,0,🟢 OK
43,35,172,0.07213428775918995,0,🟢 OK
43,36,171,0.08807617601477619,0,🟢 OK
43,37,170,0.0796554436588161,0,🟢 OK
43,38,169,0.08701299763091341,0,🟢 OK
43,39,168,0.0876784977685478,0,🟢 OK
43,40,167,0.08822890712044584,0,🟢 OK
43,41,166,0.09294860962667145,0,🟢 OK
43,42,165,0.0901979899674531,0,🟢 OK
43,43,164,0.08836568390263505,0,🟢 OK
43,44,163,0.08807136744091615,0,🟢 OK
43,45,162,0.08011899989817323,0,🟢 OK
43,46,161,0.07225618481741186,0,🟢 OK
43,47,160,0.06920913724082622,0,🟢 OK
43,48,159,0.07460514687687764,0,🟢 OK
43,49,158,0.07635140690334108,0,🟢 OK
43,50,157,0.0786396955966086,0,🟢 OK
43,51,156,0.09027819289139244,0,🟢 OK
43,52,155,0.08965932246458325,0,🟢 OK
43,53,154,0.07637472023273939,0,🟢 OK
43,54,153,0.0924308969338104,0,🟢 OK
43,55,152,0.10614316096709142,0,🟢 OK
43,56,151,0.11165852960659944,0,🟢 OK
43,57,150,0.10524739449909892,0,🟢 OK
43,58,149,0.0974890085926578,0,🟢 OK
43,59,148,0.0896318009597481,0,🟢 OK
43,60,147,0.09174668721706203,0,🟢 OK
43,61,146,0.09500647732179135,0,🟢 OK
43,62,145,0.10135905166934084,0,🟢 OK
43,63,144,0.0777848676618384,0,🟢 OK
43,64,143,0.08884369736201003,0,🟢 OK
43,65,142,0.09563391517417513,0,🟢 OK
43,66,141,0.09289906769192668,0,🟢 OK
43,67,140,0.08981615644121638,0,🟢 OK
43,68,139,0.09227023870017742,0,🟢 OK
43,69,138,0.09194144069009053,0,🟢 OK
43,70,137,0.09329644512733515,0,🟢 OK
43,71,136,0.09409811548358082,0,🟢 OK
43,72,135,0.09470284595128664,0,🟢 OK
43,73,134,0.09152058623907272,0,🟢 OK
43,74,133,0.08609541824512473,0,🟢 OK
43,75,132,0.1002791117337195,0,🟢 OK
43,76,131,0.09631607584844243,0,🟢 OK
43,77,130,0.09282386379915897,0,🟢 OK
43,78,129,0.09537946044256401,0,🟢 OK
43,79,128,0.09137106932497502,0,🟢 OK
43,80,127,0.08602212136880732,0,🟢 OK
43,81,126,0.0803518552669098,0,🟢 OK
43,82,125,0.08678072481032822,0,🟢 OK
43,83,124,0.08944577857069458,0,🟢 OK
43,84,123,0.09088466807508366,0,🟢 OK
43,85,122,0.09307149998623021,0,🟢 OK
43,86,121,0.09406659532032918,0,🟢 OK
43,87,120,0.10727817215302593,0,🟢 OK
43,88,119,0.10784546647497983,0,🟢 OK
43,89,118,0.10343020060243352,0,🟢 OK
43,90,117,0.0914905661383813,0,🟢 OK
43,91,116,0.09574889871843217,0,🟢 OK
43,92,115,0.11018114435806592,0,🟢 OK
43,93,114,0.10776542424579655,0,🟢 OK
43,94,113,0.11127373572263533,0,🟢 OK
43,95,112,0.11577039872585176,0,🟢 OK
43,96,111,0.11332275058945701,0,🟢 OK
43,97,110,0.11277682486200824,0,🟢 OK
43,98,109,0.11340212116022746,0,🟢 OK
43,99,108,0.11716639033987264,0,🟢 OK
43,100,107,0.11605116447539787,0,🟢 OK
43,101,106,0.11824698133456274,0,🟢 OK
43,102,105,0.11361790459912069,0,🟢 OK
43,103,104,0.10541871740949998,0,🟢 OK
43,104,103,0.10218792147855005,0,🟢 OK
43,105,102,0.09539069521428784,0,🟢 OK
43,106,101,0.10351439609019053,0,🟢 OK
43,107,100,0.09993870382329845,0,🟢 OK
43,108,99,0.09326717482033603,0,🟢 OK
43,109,98,0.09719415596651149,0,🟢 OK
43,110,97,0.106299797996041,0,🟢 OK
43,111,96,0.10532412709077227,0,🟢 OK
43,112,95,0.11120064840198174,0,🟢 OK
43,113,94,0.10682597537958649,0,🟢 OK
43,114,93,0.11068076005118982,0,🟢 OK
43,115,92,0.11769499496828245,0,🟢 OK
43,116,91,0.11201787413070052,0,🟢 OK
43,117,90,0.11902312222663386,0,🟢 OK
43,118,89,0.11752121430329249,0,🟢 OK
43,119,88,0.1072797168632888,0,🟢 OK
43,120,87,0.10979931540475824,0,🟢 OK
43,121,86,0.1067382177038198,0,🟢 OK
43,122,85,0.10459324937414888,0,🟢 OK
43,123,84,0.10759567849790147,0,🟢 OK
43,124,83,0.10758999764681348,0,🟢 OK
43,125,82,0.09955841957945688,0,🟢 OK
43,126,81,0.10691820785414619,0,🟢 OK
43,127,80,0.10248725749440657,0,🟢 OK
43,128,79,0.09986174088306232,0,🟢 OK
43,129,78,0.11364593925341032,0,🟢 OK
43,130,77,0.12406935427422489,0,🟢 OK
43,131,76,0.12443849821120923,0,🟢 OK
43,132,75,0.12654526961087348,0,🟢 OK
43,133,74,0.13464927634715196,0,🟢 OK
43,134,73,0.13575465439118217,0,🟢 OK
43,135,72,0.13542979054553878,0,🟢 OK
43,136,71,0.1317329999333472,0,🟢 OK
43,137,70,0.12285398036006923,0,🟢 OK
43,138,69,0.12689868942748167,0,🟢 OK
43,139,68,0.12903564893992908,0,🟢 OK
43,140,67,0.12656876114268756,0,🟢 OK
43,141,66,0.128312811497863,0,🟢 OK
43,142,65,0.1258125086441973,0,🟢 OK
43,143,64,0.1198487695860232,0,🟢 OK
43,144,63,0.1262830377996781,0,🟢 OK
43,145,62,0.12812770823172082,0,🟢 OK
43,146,61,0.11502553724861897,0,🟢 OK
43,147,60,0.12372382456810449,0,🟢 OK
43,148,59,0.12620120266568147,0,🟢 OK
43,149,58,0.11970959153790256,0,🟢 OK
43,150,57,0.11810305347497813,0,🟢 OK
43,151,56,0.12417262462446749,0,🟢 OK
43,152,55,0.13027036944371656,0,🟢 OK
43,153,54,0.11879213417765377,0,🟢 OK
43,154,53,0.11694573336454261,0,🟢 OK
43,155,52,0.0975641369507651,0,🟢 OK
43,156,51,0.10059539139932788,0,🟢 OK
43,157,50,0.1044225757497656,0,🟢 OK
43,158,49,0.09582997778929458,0,🟢 OK
43,159,48,0.09521788469627157,0,🟢 OK
43,160,47,0.11127582971830235,0,🟢 OK
43,161,46,0.10937855130016777,0,🟢 OK
43,162,45,0.1103001288469736,0,🟢 OK
43,163,44,0.09776928640711025,0,🟢 OK
43,164,43,0.11562398637220417,0,🟢 OK
43,165,42,0.10882830626476925,0,🟢 OK
43,166,41,0.08383428886480487,0,🟢 OK
43,167,40,0.08586874023304536,0,🟢 OK
43,168,39,0.0815401797917008,0,🟢 OK
43,169,38,0.07580196743484613,0,🟢 OK
43,170,37,0.05277207515633342,0,🟢 OK
43,171,36,0.038343494377655996,0,🟢 OK
43,172,35,0.0407348154729793,0,🟢 OK
43,173,34,0.04426189926201535,0,🟢 OK
43,174,33,0.053072926613529525,0,🟢 OK
43,175,32,0.0404205580823096,0,🟢 OK
43,176,31,0.03727651435409629,0,🟢 OK
43,177,30,0.008116236876073879,0,🟢 OK
43,178,29,0.017897267460051325,0,🟢 OK
43,179,28,0.007470199597563898,0,🟢 OK
43,180,27,0.027248542816789068,0,🟢 OK
43,181,26,0.02078206969764107,0,🟢 OK
43,182,25,0.00949634527639398,0,🟢 OK
43,183,24,0.0014144253042717159,0,🟢 OK
43,184,23,0.0022304687643895926,0,🟢 OK
43,185,22,-0.0005399130245792305,1,🟢 OK
43,186,21,-0.003509244832884395,1,🟢 OK
43,187,20,-0.005837042823305771,1,🟢 OK
43,188,19,-0.02556182922367578,1,🟢 OK
43,189,18,-0.03126161392418514,1,🟢 OK
43,190,17,-0.027817302323832838,1,🟢 OK
43,191,16,-0.03818634134235466,1,🟢 OK
43,192,15,-0.023702091034499606,1,🟢 OK
43,193,14,-0.031755858495849165,1,🟢 OK
43,194,13,-0.030323275333597022,1,🟢 OK
43,195,12,-0.03436520575941837,1,🟢 OK
43,196,11,-0.030961514801454038,1,🟢 OK
43,197,10,-0.03131101980694273,1,🔴 ALERT
43,198,9,-0.029899633611245258,1,🔴 ALERT
43,199,8,-0.031711135710609795,1,🔴 ALERT
43,200,7,-0.03376478219192269,1,🔴 ALERT
43,201,6,-0.01822275621319347,1,🔴 ALERT
43,202,5,-0.018769191185172507,1,🔴 ALERT
43,203,4,-0.03318500505977717,1,🔴 ALERT
43,204,3,-0.025935717108477863,1,🔴 ALERT
43,205,2,-0.026061604904626057,1,🔴 ALERT
43,206,1,-0.02697491467164359,1,🔴 ALERT
43,207,0,-0.027725843559125662,1,🔴 ALERT
44,1,191,0.11148807148424572,0,🟢 OK
44,2,190,0.03682103979707457,0,🟢 OK
44,3,189,0.06253701322778066,0,🟢 OK
44,4,188,0.06699754239927852,0,🟢 OK
44,5,187,0.076414855688139,0,🟢 OK
44,6,186,0.08836834757530843,0,🟢 OK
44,7,185,0.08989294980488521,0,🟢 OK
44,8,184,0.07728414687849067,0,🟢 OK
44,9,183,0.07969004942341362,0,🟢 OK
44,10,182,0.08370385968898114,0,🟢 OK
44,11,181,0.07995424348350955,0,🟢 OK
44,12,180,0.08747378567544561,0,🟢 OK
44,13,179,0.07472896030991116,0,🟢 OK
44,14,178,0.06997703456969584,0,🟢 OK
44,15,177,0.07108783858078893,0,🟢 OK
44,16,176,0.07323614652805488,0,🟢 OK
44,17,175,0.07179667995331801,0,🟢 OK
44,18,174,0.07532190187445237,0,🟢 OK
44,19,173,0.08128784235374487,0,🟢 OK
44,20,172,0.07327553700432032,0,🟢 OK
44,21,171,0.06923496977569726,0,🟢 OK
44,22,170,0.07840615520289379,0,🟢 OK
44,23,169,0.09120678219713835,0,🟢 OK
44,24,168,0.07767255647724347,0,🟢 OK
44,25,167,0.07950445885407748,0,🟢 OK
44,26,166,0.07525246893318482,0,🟢 OK
44,27,165,0.07328450754002758,0,🟢 OK
44,28,164,0.06947245719061584,0,🟢 OK
44,29,163,0.07528524567586592,0,🟢 OK
44,30,162,0.07271968760602587,0,🟢 OK
44,31,161,0.06456157070132801,0,🟢 OK
44,32,160,0.07235132925527665,0,🟢 OK
44,33,159,0.07749330678450178,0,🟢 OK
44,34,158,0.08249528719442195,0,🟢 OK
44,35,157,0.07910732289232725,0,🟢 OK
44,36,156,0.07738779028030185,0,🟢 OK
44,37,155,0.0717506159948379,0,🟢 OK
44,38,154,0.08004676901684044,0,🟢 OK
44,39,153,0.09328859558145036,0,🟢 OK
44,40,152,0.10125891023091832,0,🟢 OK
44,41,151,0.10117056422771087,0,🟢 OK
44,42,150,0.09662758841383196,0,🟢 OK
44,43,149,0.0964866344998751,0,🟢 OK
44,44,148,0.09787292115248286,0,🟢 OK
44,45,147,0.09702506563542612,0,🟢 OK
44,46,146,0.09693492737001164,0,🟢 OK
44,47,145,0.09548920556447177,0,🟢 OK
44,48,144,0.0895041703689069,0,🟢 OK
44,49,143,0.09659515187285822,0,🟢 OK
44,50,142,0.10433316414726312,0,🟢 OK
44,51,141,0.10861351803383346,0,🟢 OK
44,52,140,0.10746714243906297,0,🟢 OK
44,53,139,0.10947814408615558,0,🟢 OK
44,54,138,0.1012375212011572,0,🟢 OK
44,55,137,0.08507775397749923,0,🟢 OK
44,56,136,0.08267102183679598,0,🟢 OK
44,57,135,0.054366242275825594,0,🟢 OK
44,58,134,0.06438692599029316,0,🟢 OK
44,59,133,0.06186606565805847,0,🟢 OK
44,60,132,0.054106198486939705,0,🟢 OK
44,61,131,0.03483077564114606,0,🟢 OK
44,62,130,0.026301845865618845,0,🟢 OK
44,63,129,0.0364418974728955,0,🟢 OK
44,64,128,0.027372381425083414,0,🟢 OK
44,65,127,0.04655623109384727,0,🟢 OK
44,66,126,0.04942055412861862,0,🟢 OK
44,67,125,0.06020852782197461,0,🟢 OK
44,68,124,0.06781654086672206,0,🟢 OK
44,69,123,0.06642539976065859,0,🟢 OK
44,70,122,0.08936415688437782,0,🟢 OK
44,71,121,0.08708582979105373,0,🟢 OK
44,72,120,0.07404354716368305,0,🟢 OK
44,73,119,0.0835193663589795,0,🟢 OK
44,74,118,0.09577627259588922,0,🟢 OK
44,75,117,0.0925131532356962,0,🟢 OK
44,76,116,0.09686377762196419,0,🟢 OK
44,77,115,0.10061733650993726,0,🟢 OK
44,78,114,0.10168589047309212,0,🟢 OK
44,79,113,0.09152926323631422,0,🟢 OK
44,80,112,0.08811461322162817,0,🟢 OK
44,81,111,0.09818693854335059,0,🟢 OK
44,82,110,0.09722741114260175,0,🟢 OK
44,83,109,0.09226442459887979,0,🟢 OK
44,84,108,0.0922173510852255,0,🟢 OK
44,85,107,0.09324203874679171,0,🟢 OK
44,86,106,0.08680939451683156,0,🟢 OK
44,87,105,0.09183636474724649,0,🟢 OK
44,88,104,0.09023692254622245,0,🟢 OK
44,89,103,0.0954396049455899,0,🟢 OK
44,90,102,0.09106231304294166,0,🟢 OK
44,91,101,0.10344971132023356,0,🟢 OK
44,92,100,0.09426961315920207,0,🟢 OK
44,93,99,0.10200903920807841,0,🟢 OK
44,94,98,0.09202061871033995,0,🟢 OK
44,95,97,0.09212772714680145,0,🟢 OK
44,96,96,0.09388050819473398,0,🟢 OK
44,97,95,0.1025896332398204,0,🟢 OK
44,98,94,0.09681117405791617,0,🟢 OK
44,99,93,0.08923421113578817,0,🟢 OK
44,100,92,0.07911075597832878,0,🟢 OK
44,101,91,0.07250732222960038,0,🟢 OK
44,102,90,0.08103194870483649,0,🟢 OK
44,103,89,0.07755718731479094,0,🟢 OK
44,104,88,0.08058862577320541,0,🟢 OK
44,105,87,0.09144287918016919,0,🟢 OK
44,106,86,0.09542795684879352,0,🟢 OK
44,107,85,0.11025394746184097,0,🟢 OK
44,108,84,0.1135284179412574,0,🟢 OK
44,109,83,0.12055621676238665,0,🟢 OK
44,110,82,0.11698905582332825,0,🟢 OK
44,111,81,0.1186552470047007,0,🟢 OK
44,112,80,0.11950870278357412,0,🟢 OK
44,113,79,0.11760799135629196,0,🟢 OK
44,114,78,0.1185629948828899,0,🟢 OK
44,115,77,0.12009311094318292,0,🟢 OK
44,116,76,0.11600494196235356,0,🟢 OK
44,117,75,0.11588345715527598,0,🟢 OK
44,118,74,0.12236366787003944,0,🟢 OK
44,119,73,0.12815167912680892,0,🟢 OK
44,120,72,0.12272240965797038,0,🟢 OK
44,121,71,0.122030114490423,0,🟢 OK
44,122,70,0.1128399177708641,0,🟢 OK
44,123,69,0.117121566054115,0,🟢 OK
44,124,68,0.11749328315731788,0,🟢 OK
44,125,67,0.11992757517566427,0,🟢 OK
44,126,66,0.12140024336363497,0,🟢 OK
44,127,65,0.11279411199422146,0,🟢 OK
44,128,64,0.11615340820926273,0,🟢 OK
44,129,63,0.11040939015976625,0,🟢 OK
44,130,62,0.0995877897746314,0,🟢 OK
44,131,61,0.1010638140329978,0,🟢 OK
44,132,60,0.10393797798763643,0,🟢 OK
44,133,59,0.10747833988150407,0,🟢 OK
44,134,58,0.11198217638501956,0,🟢 OK
44,135,57,0.10977911141084057,0,🟢 OK
44,136,56,0.1153199793033311,0,🟢 OK
44,137,55,0.1244534424448594,0,🟢 OK
44,138,54,0.1221542803332526,0,🟢 OK
44,139,53,0.11769297243447169,0,🟢 OK
44,140,52,0.11200384760066734,0,🟢 OK
44,141,51,0.12016399332842553,0,🟢 OK
44,142,50,0.11107492926073936,0,🟢 OK
44,143,49,0.1045715273085161,0,🟢 OK
44,144,48,0.10662266822519756,0,🟢 OK
44,145,47,0.09723217976975229,0,🟢 OK
44,146,46,0.09826906654110662,0,🟢 OK
44,147,45,0.09524816415350085,0,🟢 OK
44,148,44,0.08983248050412679,0,🟢 OK
44,149,43,0.09422674958266258,0,🟢 OK
44,150,42,0.09346467663013236,0,🟢 OK
44,151,41,0.0912780267359456,0,🟢 OK
44,152,40,0.0746392798463466,0,🟢 OK
44,153,39,0.0729134118088503,0,🟢 OK
44,154,38,0.08093841253739181,0,🟢 OK
44,155,37,0.0702498445267486,0,🟢 OK
44,156,36,0.05794967908558496,0,🟢 OK
44,157,35,0.06054834125252373,0,🟢 OK
44,158,34,0.06252920655785976,0,🟢 OK
44,159,33,0.045880837480970715,0,🟢 OK
44,160,32,0.046174284255678766,0,🟢 OK
44,161,31,0.04455003706229976,0,🟢 OK
44,162,30,0.033837313013490466,0,🟢 OK
44,163,29,0.03843922339161793,0,🟢 OK
44,164,28,0.04074818894846188,0,🟢 OK
44,165,27,0.04002704506114513,0,🟢 OK
44,166,26,0.037600977459300355,0,🟢 OK
44,167,25,0.033472498802575135,0,🟢 OK
44,168,24,0.019777918852086185,0,🟢 OK
44,169,23,0.022525668935640175,0,🟢 OK
44,170,22,-0.0006414730151093062,1,🟢 OK
44,171,21,-0.01006070996655628,1,🟢 OK
44,172,20,-0.013110264466572374,1,🟢 OK
44,173,19,-0.00804571950699462,1,🟢 OK
44,174,18,-0.016593340395922196,1,🟢 OK
44,175,17,-0.03162103544625827,1,🟢 OK
44,176,16,-0.04381264110461591,1,🟢 OK
44,177,15,-0.03878464954462868,1,🟢 OK
44,178,14,-0.041122620846741675,1,🟢 OK
44,179,13,-0.04478385325668677,1,🟢 OK
44,180,12,-0.043430483923568186,1,🟢 OK
44,181,11,-0.040943451446522894,1,🟢 OK
44,182,10,-0.0265192220277497,1,🔴 ALERT
44,183,9,-0.026386199263285004,1,🔴 ALERT
44,184,8,-0.025959294390334953,1,🔴 ALERT
44,185,7,-0.041963229989648854,1,🔴 ALERT
44,186,6,-0.03956483760471907,1,🔴 ALERT
44,187,5,-0.04667823609388244,1,🔴 ALERT
44,188,4,-0.049066706182994246,1,🔴 ALERT
44,189,3,-0.02709592771217051,1,🔴 ALERT
44,190,2,-0.03628825169410921,1,🔴 ALERT
44,191,1,-0.019299841940864204,1,🔴 ALERT
44,192,0,-0.030470714612548577,1,🔴 ALERT
45,1,157,0.06324032764471671,0,🟢 OK
45,2,156,-0.022860821073079296,0,🟢 OK
45,3,155,0.017562682074539537,0,🟢 OK
45,4,154,0.03143142666475701,0,🟢 OK
45,5,153,0.03548019802607866,0,🟢 OK
45,6,152,0.02914790635244785,0,🟢 OK
45,7,151,0.03533718788057055,0,🟢 OK
45,8,150,0.04953729916437449,0,🟢 OK
45,9,149,0.039563908394048275,0,🟢 OK
45,10,148,0.04884939528050536,0,🟢 OK
45,11,147,0.053546749578367636,0,🟢 OK
45,12,146,0.04871932735718737,0,🟢 OK
45,13,145,0.04001355707014198,0,🟢 OK
45,14,144,0.036770683585175545,0,🟢 OK
45,15,143,0.0419221705047077,0,🟢 OK
45,16,142,0.03160456558655006,0,🟢 OK
45,17,141,0.02009711808455722,0,🟢 OK
45,18,140,0.031148493775799313,0,🟢 OK
45,19,139,0.04415218923075864,0,🟢 OK
45,20,138,0.0485370994137983,0,🟢 OK
45,21,137,0.04882274698139144,0,🟢 OK
45,22,136,0.046486925132736945,0,🟢 OK
45,23,135,0.05662824458430138,0,🟢 OK
45,24,134,0.06391976091427715,0,🟢 OK
45,25,133,0.056969167765485274,0,🟢 OK
45,26,132,0.05396785618082178,0,🟢 OK
45,27,131,0.05714968141687049,0,🟢 OK
45,28,130,0.057844136861451734,0,🟢 OK
45,29,129,0.048988478071584296,0,🟢 OK
45,30,128,0.04593503669573201,0,🟢 OK
45,31,127,0.05089212863978898,0,🟢 OK
45,32,126,0.05177508382426743,0,🟢 OK
45,33,125,0.05663521750488504,0,🟢 OK
45,34,124,0.048797110890431594,0,🟢 OK
45,35,123,0.04921026599497036,0,🟢 OK
45,36,122,0.04565262817919946,0,🟢 OK
45,37,121,0.04004020768197569,0,🟢 OK
45,38,120,0.03809819614569537,0,🟢 OK
45,39,119,0.040819760109859715,0,🟢 OK
45,40,118,0.05317620992421118,0,🟢 OK
45,41,117,0.04771495197892134,0,🟢 OK
45,42,116,0.05345622807184336,0,🟢 OK
45,43,115,0.049733607446439176,0,🟢 OK
45,44,114,0.041244519399378676,0,🟢 OK
45,45,113,0.044782470462670476,0,🟢 OK
45,46,112,0.07239837452545572,0,🟢 OK
45,47,111,0.07074677405766894,0,🟢 OK
45,48,110,0.0815146029142852,0,🟢 OK
45,49,109,0.08872018358495293,0,🟢 OK
45,50,108,0.08126376441009803,0,🟢 OK
45,51,107,0.08681711230533484,0,🟢 OK
45,52,106,0.08654001215322032,0,🟢 OK
45,53,105,0.08402685889431727,0,🟢 OK
45,54,104,0.0770837965850803,0,🟢 OK
45,55,103,0.08205458293408252,0,🟢 OK
45,56,102,0.08604397666010083,0,🟢 OK
45,57,101,0.0891711173835878,0,🟢 OK
45,58,100,0.09006772043175382,0,🟢 OK
45,59,99,0.0993944938847594,0,🟢 OK
45,60,98,0.09138950266995505,0,🟢 OK
45,61,97,0.09906616998846757,0,🟢 OK
45,62,96,0.10004168207177688,0,🟢 OK
45,63,95,0.09593260726543862,0,🟢 OK
45,64,94,0.0864095750812039,0,🟢 OK
45,65,93,0.07898319998818587,0,🟢 OK
45,66,92,0.08034217032686847,0,🟢 OK
45,67,91,0.0761506205508356,0,🟢 OK
45,68,90,0.06392847547351471,0,🟢 OK
45,69,89,0.06399062494606655,0,🟢 OK
45,70,88,0.0695057606719916,0,🟢 OK
45,71,87,0.08176212020447954,0,🟢 OK
45,72,86,0.07874827450373323,0,🟢 OK
45,73,85,0.06937962589089802,0,🟢 OK
45,74,84,0.07768099778434978,0,🟢 OK
45,75,83,0.07228470206740023,0,🟢 OK
45,76,82,0.06715729533401965,0,🟢 OK
45,77,81,0.08232773204058891,0,🟢 OK
45,78,80,0.07271705099930809,0,🟢 OK
45,79,79,0.07125519294112254,0,🟢 OK
45,80,78,0.08514764334509894,0,🟢 OK
45,81,77,0.08410982587139382,0,🟢 OK
45,82,76,0.09247064981525205,0,🟢 OK
45,83,75,0.08416989929268204,0,🟢 OK
45,84,74,0.08419683645154774,0,🟢 OK
45,85,73,0.08711834222140025,0,🟢 OK
45,86,72,0.07903340023811062,0,🟢 OK
45,87,71,0.07628601776046634,0,🟢 OK
45,88,70,0.08754734246001722,0,🟢 OK
45,89,69,0.08369284617819106,0,🟢 OK
45,90,68,0.09378982128146235,0,🟢 OK
45,91,67,0.08915531746328603,0,🟢 OK
45,92,66,0.08424480053283534,0,🟢 OK
45,93,65,0.08587901274984866,0,🟢 OK
45,94,64,0.1016857669037673,0,🟢 OK
45,95,63,0.10102435326896814,0,🟢 OK
45,96,62,0.09634368031617802,0,🟢 OK
45,97,61,0.08934084653684293,0,🟢 OK
45,98,60,0.08805280761298906,0,🟢 OK
45,99,59,0.09520542540889637,0,🟢 OK
45,100,58,0.08732504553819598,0,🟢 OK
45,101,57,0.08689327659811424,0,🟢 OK
45,102,56,0.09758431780599003,0,🟢 OK
45,103,55,0.09763697711386998,0,🟢 OK
45,104,54,0.10837479705943831,0,🟢 OK
45,105,53,0.11031182942260304,0,🟢 OK
45,106,52,0.1021116682078183,0,🟢 OK
45,107,51,0.08904220841711841,0,🟢 OK
45,108,50,0.10512637790307072,0,🟢 OK
45,109,49,0.1041861148794278,0,🟢 OK
45,110,48,0.10250056931928081,0,🟢 OK
45,111,47,0.09121133545099214,0,🟢 OK
45,112,46,0.0832522665674959,0,🟢 OK
45,113,45,0.07967272456508806,0,🟢 OK
45,114,44,0.09471939052610384,0,🟢 OK
45,115,43,0.08548024383086411,0,🟢 OK
45,116,42,0.09124337238481961,0,🟢 OK
45,117,41,0.09413866793775866,0,🟢 OK
45,118,40,0.08153006485482184,0,🟢 OK
45,119,39,0.07642269044444505,0,🟢 OK
45,120,38,0.06777582332638338,0,🟢 OK
45,121,37,0.05815868782810024,0,🟢 OK
45,122,36,0.04756196945809116,0,🟢 OK
45,123,35,0.05333231017384782,0,🟢 OK
45,124,34,0.069587870246752,0,🟢 OK
45,125,33,0.06978108059086585,0,🟢 OK
45,126,32,0.07301096046960048,0,🟢 OK
45,127,31,0.0781336792710089,0,🟢 OK
45,128,30,0.07732288391150072,0,🟢 OK
45,129,29,0.08116112805658521,0,🟢 OK
45,130,28,0.066413302992257,0,🟢 OK
45,131,27,0.0655967778696368,0,🟢 OK
45,132,26,0.05097393373777387,0,🟢 OK
45,133,25,0.046738129797989914,0,🟢 OK
45,134,24,0.047793534612884325,0,🟢 OK
45,135,23,0.05370323913519004,0,🟢 OK
45,136,22,0.041161337152272326,0,🟢 OK
45,137,21,0.026209692564921727,0,🟢 OK
45,138,20,0.014187561096627943,0,🟢 OK
45,139,19,0.0099532366854434,0,🟢 OK
45,140,18,-0.003053785159662925,1,🟢 OK
45,141,17,-0.01098094437498931,1,🟢 OK
45,142,16,-0.01986993642650059,1,🟢 OK
45,143,15,-0.017214078657191156,1,🟢 OK
45,144,14,-0.017632886831767114,1,🟢 OK
45,145,13,-0.032419171610901465,1,🟢 OK
45,146,12,-0.044358802757288096,1,🟢 OK
45,147,11,-0.03955370027623373,1,🟢 OK
45,148,10,-0.037268959423618186,1,🟢 OK
45,149,9,-0.03230489261947256,1,🟢 OK
45,150,8,-0.03298045845848108,1,🟢 OK
45,151,7,-0.030414889636551368,1,🟢 OK
45,152,6,-0.03980099151665517,1,🔴 ALERT
45,153,5,-0.024958895068208142,1,🔴 ALERT
45,154,4,-0.025342366122485083,1,🔴 ALERT
45,155,3,-0.03618842083692908,1,🔴 ALERT
45,156,2,-0.049824218839848,1,🔴 ALERT
45,157,1,-0.05022020367132851,1,🔴 ALERT
45,158,0,-0.061019705046165496,1,🔴 ALERT
46,1,255,0.05050812292660456,0,🟢 OK
46,2,254,-0.03289644341135445,0,🟢 OK
46,3,253,0.0021045425951096153,0,🟢 OK
46,4,252,0.007685761084616161,0,🟢 OK
46,5,251,0.028331118928685062,0,🟢 OK
46,6,250,0.027176259713881046,0,🟢 OK
46,7,249,0.04161577424879709,0,🟢 OK
46,8,248,0.040915698541185985,0,🟢 OK
46,9,247,0.03234220207484706,0,🟢 OK
46,10,246,0.03319064796301152,0,🟢 OK
46,11,245,0.06243886800067061,0,🟢 OK
46,12,244,0.0383709305173317,0,🟢 OK
46,13,243,0.04070424239025888,0,🟢 OK
46,14,242,0.050260883881085516,0,🟢 OK
46,15,241,0.0445451156027612,0,🟢 OK
46,16,240,0.050492480823331576,0,🟢 OK
46,17,239,0.05287982998224311,0,🟢 OK
46,18,238,0.059966632551602006,0,🟢 OK
46,19,237,0.07473013660578492,0,🟢 OK
46,20,236,0.05767887115098136,0,🟢 OK
46,21,235,0.05244823528375464,0,🟢 OK
46,22,234,0.05037577517819625,0,🟢 OK
46,23,233,0.052840287460730884,0,🟢 OK
46,24,232,0.04953897731165258,0,🟢 OK
46,25,231,0.06673514044413315,0,🟢 OK
46,26,230,0.057464557529668725,0,🟢 OK
46,27,229,0.06055887386672154,0,🟢 OK
46,28,228,0.04967092282717184,0,🟢 OK
46,29,227,0.05355964314682199,0,🟢 OK
46,30,226,0.05186825987874144,0,🟢 OK
46,31,225,0.04155948750326349,0,🟢 OK
46,32,224,0.04493509157372122,0,🟢 OK
46,33,223,0.05847481301905605,0,🟢 OK
46,34,222,0.046512698905338046,0,🟢 OK
46,35,221,0.04494206104305737,0,🟢 OK
46,36,220,0.05353205381830034,0,🟢 OK
46,37,219,0.04755770784586161,0,🟢 OK
46,38,218,0.06147704752899674,0,🟢 OK
46,39,217,0.06456916030358262,0,🟢 OK
46,40,216,0.06591493117024128,0,🟢 OK
46,41,215,0.06525842800417997,0,🟢 OK
46,42,214,0.06392314984376851,0,🟢 OK
46,43,213,0.07496614021440506,0,🟢 OK
46,44,212,0.07223942371198616,0,🟢 OK
46,45,211,0.07187416647942868,0,🟢 OK
46,46,210,0.07048793874826148,0,🟢 OK
46,47,209,0.0729270533365915,0,🟢 OK
46,48,208,0.07055772239299407,0,🟢 OK
46,49,207,0.07946466509700173,0,🟢 OK
46,50,206,0.08331209751338375,0,🟢 OK
46,51,205,0.07132622942718353,0,🟢 OK
46,52,204,0.07805668179646763,0,🟢 OK
46,53,203,0.07496255025290338,0,🟢 OK
46,54,202,0.07343887582806224,0,🟢 OK
46,55,201,0.07772308450909371,0,🟢 OK
46,56,200,0.07731392736395953,0,🟢 OK
46,57,199,0.08812640418421919,0,🟢 OK
46,58,198,0.09069504156568753,0,🟢 OK
46,59,197,0.09589843743418064,0,🟢 OK
46,60,196,0.0840532520173356,0,🟢 OK
46,61,195,0.08593343780246832,0,🟢 OK
46,62,194,0.08618239044026266,0,🟢 OK
46,63,193,0.07293008667946227,0,🟢 OK
46,64,192,0.06212578132863683,0,🟢 OK
46,65,191,0.06645003046123998,0,🟢 OK
46,66,190,0.06993555955887398,0,🟢 OK
46,67,189,0.07612390077356035,0,🟢 OK
46,68,188,0.07621034495991041,0,🟢 OK
46,69,187,0.0711828696476981,0,🟢 OK
46,70,186,0.07845371728001466,0,🟢 OK
46,71,185,0.07575272315079934,0,🟢 OK
46,72,184,0.08161462186035717,0,🟢 OK
46,73,183,0.08804632796319267,0,🟢 OK
46,74,182,0.09261404175817117,0,🟢 OK
46,75,181,0.07995904738714171,0,🟢 OK
46,76,180,0.07702840595276955,0,🟢 OK
46,77,179,0.06729763410565215,0,🟢 OK
46,78,178,0.07481896660450343,0,🟢 OK
46,79,177,0.06876712065999929,0,🟢 OK
46,80,176,0.06379176216681559,0,🟢 OK
46,81,175,0.05242156633918493,0,🟢 OK
46,82,174,0.04966648669490453,0,🟢 OK
46,83,173,0.06415013275675707,0,🟢 OK
46,84,172,0.05293466494091936,0,🟢 OK
46,85,171,0.05489469780202333,0,🟢 OK
46,86,170,0.06104327181592101,0,🟢 OK
46,87,169,0.07868210279389459,0,🟢 OK
46,88,168,0.06964939875768178,0,🟢 OK
46,89,167,0.07550643082498643,0,🟢 OK
46,90,166,0.0903882457884308,0,🟢 OK
46,91,165,0.0884031864951853,0,🟢 OK
46,92,164,0.08479013754640119,0,🟢 OK
46,93,163,0.06007536726658674,0,🟢 OK
46,94,162,0.06630905979638707,0,🟢 OK
46,95,161,0.08014367642984249,0,🟢 OK
46,96,160,0.07692577999727018,0,🟢 OK
46,97,159,0.06378964669850506,0,🟢 OK
46,98,158,0.07518243423518461,0,🟢 OK
46,99,157,0.05739620521694927,0,🟢 OK
46,100,156,0.07072058940230674,0,🟢 OK
46,101,155,0.0739292455257175,0,🟢 OK
46,102,154,0.0777394897901077,0,🟢 OK
46,103,153,0.09316552199905914,0,🟢 OK
46,104,152,0.08663840182651295,0,🟢 OK
46,105,151,0.08014105659855159,0,🟢 OK
46,106,150,0.09262048984219379,0,🟢 OK
46,107,149,0.08517088641918341,0,🟢 OK
46,108,148,0.08584157972706669,0,🟢 OK
46,109,147,0.09473711569870746,0,🟢 OK
46,110,146,0.09609959976609878,0,🟢 OK
46,111,145,0.09708583643630736,0,🟢 OK
46,112,144,0.096692520708485,0,🟢 OK
46,113,143,0.09914930225299123,0,🟢 OK
46,114,142,0.10992294959561888,0,🟢 OK
46,115,141,0.10039980591236936,0,🟢 OK
46,116,140,0.09023526602273657,0,🟢 OK
46,117,139,0.09334672001825839,0,🟢 OK
46,118,138,0.10177540605509056,0,🟢 OK
46,119,137,0.1007304540018395,0,🟢 OK
46,120,136,0.09989612381608964,0,🟢 OK
46,121,135,0.08866355553815308,0,🟢 OK
46,122,134,0.09060823801455076,0,🟢 OK
46,123,133,0.09758685762436398,0,🟢 OK
46,124,132,0.10062976723589417,0,🟢 OK
46,125,131,0.10474843098022457,0,🟢 OK
46,126,130,0.1036982589434825,0,🟢 OK
46,127,129,0.10522644128692626,0,🟢 OK
46,128,128,0.10476824439727045,0,🟢 OK
46,129,127,0.10094513925138282,0,🟢 OK
46,130,126,0.09432799203855774,0,🟢 OK
46,131,125,0.10274274993160676,0,🟢 OK
46,132,124,0.105790308138695,0,🟢 OK
46,133,123,0.10031810008316905,0,🟢 OK
46,134,122,0.09742388035396993,0,🟢 OK
46,135,121,0.09249432054603668,0,🟢 OK
46,136,120,0.0926480704965763,0,🟢 OK
46,137,119,0.09400777117444559,0,🟢 OK
46,138,118,0.10184461562191266,0,🟢 OK
46,139,117,0.10230639055634116,0,🟢 OK
46,140,116,0.10840983414767685,0,🟢 OK
46,141,115,0.10638606108578658,0,🟢 OK
46,142,114,0.10957095589409832,0,🟢 OK
46,143,113,0.10287196586107472,0,🟢 OK
46,144,112,0.09962839990006933,0,🟢 OK
46,145,111,0.10796691687337778,0,🟢 OK
46,146,110,0.1148851421770214,0,🟢 OK
46,147,109,0.11686980237652594,0,🟢 OK
46,148,108,0.12518451228954824,0,🟢 OK
46,149,107,0.10915392453936412,0,🟢 OK
46,150,106,0.11399395367060766,0,🟢 OK
46,151,105,0.10666535391566256,0,🟢 OK
46,152,104,0.11548417767986058,0,🟢 OK
46,153,103,0.11120610066212172,0,🟢 OK
46,154,102,0.11168125602220869,0,🟢 OK
46,155,101,0.11854071276732431,0,🟢 OK
46,156,100,0.11731512475682099,0,🟢 OK
46,157,99,0.11628461379294219,0,🟢 OK
46,158,98,0.11376247675637285,0,🟢 OK
46,159,97,0.11962967999452451,0,🟢 OK
46,160,96,0.1259791696099236,0,🟢 OK
46,161,95,0.1209427717630498,0,🟢 OK
46,162,94,0.12204975879070995,0,🟢 OK
46,163,93,0.12327570984120256,0,🟢 OK
46,164,92,0.12899102123628114,0,🟢 OK
46,165,91,0.1362000100018348,0,🟢 OK
46,166,90,0.13289849772409895,0,🟢 OK
46,167,89,0.1323425130364339,0,🟢 OK
46,168,88,0.12894015139160248,0,🟢 OK
46,169,87,0.13364857021085935,0,🟢 OK
46,170,86,0.13863611406315818,0,🟢 OK
46,171,85,0.13799008870482693,0,🟢 OK
46,172,84,0.13169408220041073,0,🟢 OK
46,173,83,0.1300530924649147,0,🟢 OK
46,174,82,0.1255815005041277,0,🟢 OK
46,175,81,0.12855418922003214,0,🟢 OK
46,176,80,0.1304897651440617,0,🟢 OK
46,177,79,0.1252124440355356,0,🟢 OK
46,178,78,0.12469349584717165,0,🟢 OK
46,179,77,0.12242829210616657,0,🟢 OK
46,180,76,0.12038003433521072,0,🟢 OK
46,181,75,0.11367404944797715,0,🟢 OK
46,182,74,0.10796152018790578,0,🟢 OK
46,183,73,0.11212802447163744,0,🟢 OK
46,184,72,0.12854270705157794,0,🟢 OK
46,185,71,0.13661983262197847,0,🟢 OK
46,186,70,0.13465678108151097,0,🟢 OK
46,187,69,0.12244039729023942,0,🟢 OK
46,188,68,0.12227382385958213,0,🟢 OK
46,189,67,0.11958535280393101,0,🟢 OK
46,190,66,0.10670054345766938,0,🟢 OK
46,191,65,0.10910536559866019,0,🟢 OK
46,192,64,0.11271745463423388,0,🟢 OK
46,193,63,0.10199576469198246,0,🟢 OK
46,194,62,0.09447580983026121,0,🟢 OK
46,195,61,0.09199496430014037,0,🟢 OK
46,196,60,0.08779781565839495,0,🟢 OK
46,197,59,0.08180862348232681,0,🟢 OK
46,198,58,0.08110729228002428,0,🟢 OK
46,199,57,0.08986815878005688,0,🟢 OK
46,200,56,0.08137367519598099,0,🟢 OK
46,201,55,0.08041368537488308,0,🟢 OK
46,202,54,0.07506763650013648,0,🟢 OK
46,203,53,0.07586939584571595,0,🟢 OK
46,204,52,0.074045064367108,0,🟢 OK
46,205,51,0.07895603468680779,0,🟢 OK
46,206,50,0.07632011565907743,0,🟢 OK
46,207,49,0.07923955855593512,0,🟢 OK
46,208,48,0.07430344803807454,0,🟢 OK
46,209,47,0.07097824572774986,0,🟢 OK
46,210,46,0.07606155976832152,0,🟢 OK
46,211,45,0.07314033376623857,0,🟢 OK
46,212,44,0.06601958901145327,0,🟢 OK
46,213,43,0.07501586506838848,0,🟢 OK
46,214,42,0.06791439033363666,0,🟢 OK
46,215,41,0.06592091200027078,0,🟢 OK
46,216,40,0.053623087930166624,0,🟢 OK
46,217,39,0.039915574795467756,0,🟢 OK
46,218,38,0.03966620482504979,0,🟢 OK
46,219,37,0.03010322812129257,0,🟢 OK
46,220,36,0.02082545830227972,0,🟢 OK
46,221,35,0.01108802914978102,0,🟢 OK
46,222,34,0.016361764826151648,0,🟢 OK
46,223,33,0.014943009993896084,0,🟢 OK
46,224,32,0.02101881738044653,0,🟢 OK
46,225,31,0.038182983553190164,0,🟢 OK
46,226,30,0.034780821874934365,0,🟢 OK
46,227,29,0.011256814450911201,0,🟢 OK
46,228,28,0.0252793080576732,0,🟢 OK
46,229,27,0.008331566146440317,0,🟢 OK
46,230,26,0.006380914611873623,0,🟢 OK
46,231,25,-0.0021815872934844993,1,🟢 OK
46,232,24,-0.0020354914321835116,1,🟢 OK
46,233,23,-0.006923139005408863,1,🟢 OK
46,234,22,-0.012982558060605887,1,🟢 OK
46,235,21,-0.007594387701331473,1,🟢 OK
46,236,20,-0.019814664187263742,1,🟢 OK
46,237,19,-0.01486665091600381,1,🟢 OK
46,238,18,-0.00870449069285184,1,🟢 OK
46,239,17,-0.002340251763069734,1,🟢 OK
46,240,16,-0.013781008499732295,1,🟢 OK
46,241,15,-0.018449939820140315,1,🟢 OK
46,242,14,-0.012288071435477499,1,🟢 OK
46,243,13,-0.021083493662876207,1,🟢 OK
46,244,12,-0.025225417069384304,1,🔴 ALERT
46,245,11,-0.03130413291088796,1,🔴 ALERT
46,246,10,-0.033024263947019517,1,🔴 ALERT
46,247,9,-0.021943859613281047,1,🔴 ALERT
46,248,8,-0.024401487716753878,1,🔴 ALERT
46,249,7,-0.013310683205076446,1,🔴 ALERT
46,250,6,-0.016187168532938223,1,🔴 ALERT
46,251,5,-0.00493712623954734,1,🔴 ALERT
46,252,4,-0.01156281386926461,1,🔴 ALERT
46,253,3,-0.012923810581625284,1,🔴 ALERT
46,254,2,-0.007144972281942885,1,🔴 ALERT
46,255,1,-0.00833710614398242,1,🔴 ALERT
46,256,0,-0.0010718732458090408,1,🔴 ALERT
47,1,213,0.07760399662135659,0,🟢 OK
47,2,212,0.004527177320896358,0,🟢 OK
47,3,211,0.012523922584127378,0,🟢 OK
47,4,210,-0.0012672463266184542,0,🟢 OK
47,5,209,0.016767144803439715,0,🟢 OK
47,6,208,-0.00682515312967702,0,🟢 OK
47,7,207,0.01073373567000202,0,🟢 OK
47,8,206,0.000738433169248931,0,🟢 OK
47,9,205,0.018780833272247277,0,🟢 OK
47,10,204,0.031568295339472974,0,🟢 OK
47,11,203,0.03645414582411066,0,🟢 OK
47,12,202,0.051826217758747795,0,🟢 OK
47,13,201,0.05946725696853,0,🟢 OK
47,14,200,0.05862913735157632,0,🟢 OK
47,15,199,0.04503797256037728,0,🟢 OK
47,16,198,0.0498489929111095,0,🟢 OK
47,17,197,0.04405157198109272,0,🟢 OK
47,18,196,0.06063319063672512,0,🟢 OK
47,19,195,0.07072260256978696,0,🟢 OK
47,20,194,0.061190113239255606,0,🟢 OK
47,21,193,0.06463365898045342,0,🟢 OK
47,22,192,0.06933825364348978,0,🟢 OK
47,23,191,0.05339396480339331,0,🟢 OK
47,24,190,0.058921242576095434,0,🟢 OK
47,25,189,0.050747608017699175,0,🟢 OK
47,26,188,0.06516165237326499,0,🟢 OK
47,27,187,0.060346736529589495,0,🟢 OK
47,28,186,0.07891358606677351,0,🟢 OK
47,29,185,0.08133399683049786,0,🟢 OK
47,30,184,0.08106560878394953,0,🟢 OK
47,31,183,0.07090401802045077,0,🟢 OK
47,32,182,0.06304725838273034,0,🟢 OK
47,33,181,0.06169939670259217,0,🟢 OK
47,34,180,0.07137991553509526,0,🟢 OK
47,35,179,0.06558849340550371,0,🟢 OK
47,36,178,0.06365781028810708,0,🟢 OK
47,37,177,0.05799416857971612,0,🟢 OK
47,38,176,0.05645247134097081,0,🟢 OK
47,39,175,0.054750056423659654,0,🟢 OK
47,40,174,0.06332801239588093,0,🟢 OK
47,41,173,0.06580337457379504,0,🟢 OK
47,42,172,0.07092124718009435,0,🟢 OK
47,43,171,0.07564603106017947,0,🟢 OK
47,44,170,0.0644652814552637,0,🟢 OK
47,45,169,0.06850510700718548,0,🟢 OK
47,46,168,0.07938275473183287,0,🟢 OK
47,47,167,0.0873528386510003,0,🟢 OK
47,48,166,0.08335517046958263,0,🟢 OK
47,49,165,0.0774148310160192,0,🟢 OK
47,50,164,0.08730147726172804,0,🟢 OK
47,51,163,0.08107100267845851,0,🟢 OK
47,52,162,0.0848969814743955,0,🟢 OK
47,53,161,0.08110683214930908,0,🟢 OK
47,54,160,0.07739266077114015,0,🟢 OK
47,55,159,0.07112369255225293,0,🟢 OK
47,56,158,0.05276644347402626,0,🟢 OK
47,57,157,0.05643065595613406,0,🟢 OK
47,58,156,0.061085556224014625,0,🟢 OK
47,59,155,0.062215165326831634,0,🟢 OK
47,60,154,0.06017363703281842,0,🟢 OK
47,61,153,0.06896772149816405,0,🟢 OK
47,62,152,0.06724924191223036,0,🟢 OK
47,63,151,0.05796791951139163,0,🟢 OK
47,64,150,0.056759838848379596,0,🟢 OK
47,65,149,0.05043814437273769,0,🟢 OK
47,66,148,0.07598876186274717,0,🟢 OK
47,67,147,0.06038210197221733,0,🟢 OK
47,68,146,0.05019784042967612,0,🟢 OK
47,69,145,0.03989376403255962,0,🟢 OK
47,70,144,0.040797892261236646,0,🟢 OK
47,71,143,0.030043201135998232,0,🟢 OK
47,72,142,0.046833327720775586,0,🟢 OK
47,73,141,0.03999950798169194,0,🟢 OK
47,74,140,0.04232933569321068,0,🟢 OK
47,75,139,0.03982942779296739,0,🟢 OK
47,76,138,0.038322835621330764,0,🟢 OK
47,77,137,0.02951591510673629,0,🟢 OK
47,78,136,0.04328124865936872,0,🟢 OK
47,79,135,0.07787372981742213,0,🟢 OK
47,80,134,0.06703298155926207,0,🟢 OK
47,81,133,0.07321302369995375,0,🟢 OK
47,82,132,0.06764651884938888,0,🟢 OK
47,83,131,0.07538488302932611,0,🟢 OK
47,84,130,0.07886529534439818,0,🟢 OK
47,85,129,0.09128914381131864,0,🟢 OK
47,86,128,0.07010483500488524,0,🟢 OK
47,87,127,0.07707575230303026,0,🟢 OK
47,88,126,0.06743838079989828,0,🟢 OK
47,89,125,0.06714515895101225,0,🟢 OK
47,90,124,0.07282943614931497,0,🟢 OK
47,91,123,0.053635656082770045,0,🟢 OK
47,92,122,0.06380261898489742,0,🟢 OK
47,93,121,0.06373116932891038,0,🟢 OK
47,94,120,0.06859168694355455,0,🟢 OK
47,95,119,0.06000409249909422,0,🟢 OK
47,96,118,0.08145242084120524,0,🟢 OK
47,97,117,0.08938955482153599,0,🟢 OK
47,98,116,0.09169625525158226,0,🟢 OK
47,99,115,0.08603947290772451,0,🟢 OK
47,100,114,0.0789494738321686,0,🟢 OK
47,101,113,0.09489143149598855,0,🟢 OK
47,102,112,0.09479506133192622,0,🟢 OK
47,103,111,0.10724690991769448,0,🟢 OK
47,104,110,0.09593699517935383,0,🟢 OK
47,105,109,0.09372759397979386,0,🟢 OK
47,106,108,0.10088865149177545,0,🟢 OK
47,107,107,0.10254480611954508,0,🟢 OK
47,108,106,0.10015159594453721,0,🟢 OK
47,109,105,0.09454692417635635,0,🟢 OK
47,110,104,0.0824286150082017,0,🟢 OK
47,111,103,0.09246863443219372,0,🟢 OK
47,112,102,0.08238756399210606,0,🟢 OK
47,113,101,0.08461966332624982,0,🟢 OK
47,114,100,0.07495734910945612,0,🟢 OK
47,115,99,0.07553360613450655,0,🟢 OK
47,116,98,0.08511288144196899,0,🟢 OK
47,117,97,0.08015670026073007,0,🟢 OK
47,118,96,0.07976729158162416,0,🟢 OK
47,119,95,0.08181405214383591,0,🟢 OK
47,120,94,0.09894376144864797,0,🟢 OK
47,121,93,0.09476345936610209,0,🟢 OK
47,122,92,0.09259872746074999,0,🟢 OK
47,123,91,0.08080319777610945,0,🟢 OK
47,124,90,0.0878533966663485,0,🟢 OK
47,125,89,0.08766924087736305,0,🟢 OK
47,126,88,0.08521339539152312,0,🟢 OK
47,127,87,0.08268699304849614,0,🟢 OK
47,128,86,0.08802997478583369,0,🟢 OK
47,129,85,0.0849982267752944,0,🟢 OK
47,130,84,0.09040017912689219,0,🟢 OK
47,131,83,0.09908296054403165,0,🟢 OK
47,132,82,0.09143090484601735,0,🟢 OK
47,133,81,0.10788159993832536,0,🟢 OK
47,134,80,0.10795682106779853,0,🟢 OK
47,135,79,0.10942684122062551,0,🟢 OK
47,136,78,0.11582022411595011,0,🟢 OK
47,137,77,0.1201164246691766,0,🟢 OK
47,138,76,0.12216839175538635,0,🟢 OK
47,139,75,0.115472277497013,0,🟢 OK
47,140,74,0.11867529969317014,0,🟢 OK
47,141,73,0.11415798668145555,0,🟢 OK
47,142,72,0.1072941110565852,0,🟢 OK
47,143,71,0.11184191211252992,0,🟢 OK
47,144,70,0.11670752701587417,0,🟢 OK
47,145,69,0.10535017457743989,0,🟢 OK
47,146,68,0.10998971070737801,0,🟢 OK
47,147,67,0.11385769196318912,0,🟢 OK
47,148,66,0.11233109789223628,0,🟢 OK
47,149,65,0.11623612995712718,0,🟢 OK
47,150,64,0.12041801942685165,0,🟢 OK
47,151,63,0.11377617525007389,0,🟢 OK
47,152,62,0.11062235253175423,0,🟢 OK
47,153,61,0.11096675807379852,0,🟢 OK
47,154,60,0.10684623250601855,0,🟢 OK
47,155,59,0.10085294692449226,0,🟢 OK
47,156,58,0.10412767042615084,0,🟢 OK
47,157,57,0.09547550648368547,0,🟢 OK
47,158,56,0.09091094099154812,0,🟢 OK
47,159,55,0.09230019298145631,0,🟢 OK
47,160,54,0.10447672710913808,0,🟢 OK
47,161,53,0.1059679604800296,0,🟢 OK
47,162,52,0.10914639174594443,0,🟢 OK
47,163,51,0.10790822052883658,0,🟢 OK
47,164,50,0.09917793946632947,0,🟢 OK
47,165,49,0.09878990665483672,0,🟢 OK
47,166,48,0.09103686400616456,0,🟢 OK
47,167,47,0.07049892175065486,0,🟢 OK
47,168,46,0.06434719273242745,0,🟢 OK
47,169,45,0.061597420112304735,0,🟢 OK
47,170,44,0.05247590671276098,0,🟢 OK
47,171,43,0.05892863857109376,0,🟢 OK
47,172,42,0.04565131019920449,0,🟢 OK
47,173,41,0.053602030677475265,0,🟢 OK
47,174,40,0.06045104038863647,0,🟢 OK
47,175,39,0.052336422680935024,0,🟢 OK
47,176,38,0.0582117784796477,0,🟢 OK
47,177,37,0.06348675183754227,0,🟢 OK
47,178,36,0.05720588042516184,0,🟢 OK
47,179,35,0.058544421891372045,0,🟢 OK
47,180,34,0.047556942569472294,0,🟢 OK
47,181,33,0.04630827093882328,0,🟢 OK
47,182,32,0.04345700689661791,0,🟢 OK
47,183,31,0.02516470295954193,0,🟢 OK
47,184,30,0.009559491032908374,0,🟢 OK
47,185,29,0.006251050523929602,0,🟢 OK
47,186,28,0.015289118582988759,0,🟢 OK
47,187,27,0.02411078484456952,0,🟢 OK
47,188,26,0.025734168877195818,0,🟢 OK
47,189,25,0.025218935353341687,0,🟢 OK
47,190,24,0.01997892724307959,0,🟢 OK
47,191,23,0.009823457836109606,0,🟢 OK
47,192,22,0.018061133170858723,0,🟢 OK
47,193,21,0.00722741923660547,0,🟢 OK
47,194,20,-7.320377027553171e-05,1,🟢 OK
47,195,19,0.01674888840875416,0,🟢 OK
47,196,18,-0.0011120770174214423,1,🟢 OK
47,197,17,-0.0030711091341613095,1,🟢 OK
47,198,16,-0.021413692837722764,1,🟢 OK
47,199,15,-0.024823558718977567,1,🟢 OK
47,200,14,-0.03312318878025122,1,🟢 OK
47,201,13,-0.024319971996867862,1,🟢 OK
47,202,12,-0.02137583653696251,1,🟢 OK
47,203,11,-0.024630466631583747,1,🟢 OK
47,204,10,-0.036513886139557195,1,🟢 OK
47,205,9,-0.05304705798747833,1,🟢 OK
47,206,8,-0.04504144594734871,1,🟢 OK
47,207,7,-0.04036833268325757,1,🟢 OK
47,208,6,-0.043587219443849134,1,🔴 ALERT
47,209,5,-0.04525440841525741,1,🔴 ALERT
47,210,4,-0.04164518900346015,1,🔴 ALERT
47,211,3,-0.04640019991693212,1,🔴 ALERT
47,212,2,-0.040698792464382905,1,🔴 ALERT
47,213,1,-0.04878501599022855,1,🔴 ALERT
47,214,0,-0.046316274786360245,1,🔴 ALERT
48,1,230,0.08603342762462068,0,🟢 OK
48,2,229,0.0037693884096648977,0,🟢 OK
48,3,228,0.015548070346188436,0,🟢 OK
48,4,227,0.03177770307192396,0,🟢 OK
48,5,226,0.043774849304451635,0,🟢 OK
48,6,225,0.07063053168553995,0,🟢 OK
48,7,224,0.06724703528635784,0,🟢 OK
48,8,223,0.06553525112224406,0,🟢 OK
48,9,222,0.06624797250309578,0,🟢 OK
48,10,221,0.06542786526813438,0,🟢 OK
48,11,220,0.07301240250761853,0,🟢 OK
48,12,219,0.08593534121405899,0,🟢 OK
48,13,218,0.07886740349688509,0,🟢 OK
48,14,217,0.08067208275592386,0,🟢 OK
48,15,216,0.07497063474767324,0,🟢 OK
48,16,215,0.07203585284922148,0,🟢 OK
48,17,214,0.062157843350235775,0,🟢 OK
48,18,213,0.06849729078591899,0,🟢 OK
48,19,212,0.05596224933981919,0,🟢 OK
48,20,211,0.062022941344202,0,🟢 OK
48,21,210,0.06249677858828562,0,🟢 OK
48,22,209,0.054996205151608635,0,🟢 OK
48,23,208,0.052501253711170204,0,🟢 OK
48,24,207,0.04931068355303814,0,🟢 OK
48,25,206,0.05862910226753981,0,🟢 OK
48,26,205,0.07679021030476246,0,🟢 OK
48,27,204,0.0739957605876323,0,🟢 OK
48,28,203,0.07118912312390191,0,🟢 OK
48,29,202,0.06439448723155439,0,🟢 OK
48,30,201,0.0775042089233362,0,🟢 OK
48,31,200,0.08549310370345503,0,🟢 OK
48,32,199,0.07071285178054398,0,🟢 OK
48,33,198,0.08433287223868513,0,🟢 OK
48,34,197,0.0883448190684405,0,🟢 OK
48,35,196,0.08035646401300278,0,🟢 OK
48,36,195,0.08339226387535381,0,🟢 OK
48,37,194,0.06172330402417614,0,🟢 OK
48,38,193,0.06300590383375987,0,🟢 OK
48,39,192,0.05934167544522012,0,🟢 OK
48,40,191,0.05426621125514847,0,🟢 OK
48,41,190,0.06282777755445484,0,🟢 OK
48,42,189,0.06396884949212678,0,🟢 OK
48,43,188,0.06009028931075744,0,🟢 OK
48,44,187,0.05492780941444564,0,🟢 OK
48,45,186,0.06374231919144313,0,🟢 OK
48,46,185,0.0561098807155046,0,🟢 OK
48,47,184,0.0674146220067956,0,🟢 OK
48,48,183,0.06424611446552947,0,🟢 OK
48,49,182,0.06650338990817062,0,🟢 OK
48,50,181,0.0631482869463118,0,🟢 OK
48,51,180,0.07865556659904649,0,🟢 OK
48,52,179,0.08482511891066191,0,🟢 OK
48,53,178,0.07354376137563101,0,🟢 OK
48,54,177,0.07869966557827068,0,🟢 OK
48,55,176,0.08181453238119729,0,🟢 OK
48,56,175,0.08139125122759217,0,🟢 OK
48,57,174,0.08762961449913387,0,🟢 OK
48,58,173,0.09437443830864578,0,🟢 OK
48,59,172,0.09069315175180243,0,🟢 OK
48,60,171,0.0786422745309665,0,🟢 OK
48,61,170,0.07553351101505068,0,🟢 OK
48,62,169,0.07516708309563525,0,🟢 OK
48,63,168,0.07424414794885531,0,🟢 OK
48,64,167,0.0773876433263816,0,🟢 OK
48,65,166,0.07282824374035335,0,🟢 OK
48,66,165,0.0805550972022821,0,🟢 OK
48,67,164,0.07044897601827349,0,🟢 OK
48,68,163,0.06766606935630576,0,🟢 OK
48,69,162,0.05801023347053419,0,🟢 OK
48,70,161,0.07180958050728986,0,🟢 OK
48,71,160,0.06995760122335942,0,🟢 OK
48,72,159,0.056439835350661216,0,🟢 OK
48,73,158,0.05833561577290086,0,🟢 OK
48,74,157,0.06820373045966993,0,🟢 OK
48,75,156,0.07432227953246157,0,🟢 OK
48,76,155,0.05320804500885851,0,🟢 OK
48,77,154,0.06594067128930664,0,🟢 OK
48,78,153,0.0789627098884006,0,🟢 OK
48,79,152,0.08137047066322839,0,🟢 OK
48,80,151,0.07938428485524168,0,🟢 OK
48,81,150,0.07131849457657213,0,🟢 OK
48,82,149,0.07310606875682535,0,🟢 OK
48,83,148,0.06840218661641384,0,🟢 OK
48,84,147,0.06150252886192725,0,🟢 OK
48,85,146,0.05251687313556347,0,🟢 OK
48,86,145,0.07706534164113127,0,🟢 OK
48,87,144,0.08473163136031958,0,🟢 OK
48,88,143,0.0859513539280487,0,🟢 OK
48,89,142,0.08452026534373963,0,🟢 OK
48,90,141,0.08753672489835579,0,🟢 OK
48,91,140,0.0887545896241641,0,🟢 OK
48,92,139,0.0820836005861767,0,🟢 OK
48,93,138,0.08940244349751453,0,🟢 OK
48,94,137,0.08245514800252274,0,🟢 OK
48,95,136,0.08249313997105545,0,🟢 OK
48,96,135,0.07893824107281605,0,🟢 OK
48,97,134,0.06616086707070046,0,🟢 OK
48,98,133,0.0678379399268717,0,🟢 OK
48,99,132,0.059839258283882535,0,🟢 OK
48,100,131,0.06052537721572082,0,🟢 OK
48,101,130,0.054141322574215,0,🟢 OK
48,102,129,0.06584845535467287,0,🟢 OK
48,103,128,0.07139022010538193,0,🟢 OK
48,104,127,0.0712429806697693,0,🟢 OK
48,105,126,0.083134336018436,0,🟢 OK
48,106,125,0.08198400540321632,0,🟢 OK
48,107,124,0.08404661263961527,0,🟢 OK
48,108,123,0.09367392141187625,0,🟢 OK
48,109,122,0.09453363055467184,0,🟢 OK
48,110,121,0.09867376320758137,0,🟢 OK
48,111,120,0.08009628093197324,0,🟢 OK
48,112,119,0.08300353690325452,0,🟢 OK
48,113,118,0.09152840148368185,0,🟢 OK
48,114,117,0.09497423870883204,0,🟢 OK
48,115,116,0.09030701605919234,0,🟢 OK
48,116,115,0.09263061455877464,0,🟢 OK
48,117,114,0.09229742191954016,0,🟢 OK
48,118,113,0.07789773611384315,0,🟢 OK
48,119,112,0.07960652457577289,0,🟢 OK
48,120,111,0.094793659942564,0,🟢 OK
48,121,110,0.09027101036326013,0,🟢 OK
48,122,109,0.08902429142292728,0,🟢 OK
48,123,108,0.0951826523836225,0,🟢 OK
48,124,107,0.08334006604906324,0,🟢 OK
48,125,106,0.08892974031764816,0,🟢 OK
48,126,105,0.09724005333152652,0,🟢 OK
48,127,104,0.09572651044349334,0,🟢 OK
48,128,103,0.08325325145976642,0,🟢 OK
48,129,102,0.08172158792886358,0,🟢 OK
48,130,101,0.07580504099982988,0,🟢 OK
48,131,100,0.08633173895449864,0,🟢 OK
48,132,99,0.08475158315936288,0,🟢 OK
48,133,98,0.07915871262102198,0,🟢 OK
48,134,97,0.08589357116098817,0,🟢 OK
48,135,96,0.08421695837466836,0,🟢 OK
48,136,95,0.07665592419045625,0,🟢 OK
48,137,94,0.08412702750964923,0,🟢 OK
48,138,93,0.08384202096544069,0,🟢 OK
48,139,92,0.09096912279451763,0,🟢 OK
48,140,91,0.08297145394750044,0,🟢 OK
48,141,90,0.09121025456250625,0,🟢 OK
48,142,89,0.07342819017248592,0,🟢 OK
48,143,88,0.0643368130147296,0,🟢 OK
48,144,87,0.054057671943829266,0,🟢 OK
48,145,86,0.04523273211189044,0,🟢 OK
48,146,85,0.052267422748192904,0,🟢 OK
48,147,84,0.06521488507692891,0,🟢 OK
48,148,83,0.06525403235328558,0,🟢 OK
48,149,82,0.05592476937397006,0,🟢 OK
48,150,81,0.06006863031224269,0,🟢 OK
48,151,80,0.06431493539608052,0,🟢 OK
48,152,79,0.09750459498155944,0,🟢 OK
48,153,78,0.09765699978197823,0,🟢 OK
48,154,77,0.09851124760674634,0,🟢 OK
48,155,76,0.09936751888445938,0,🟢 OK
48,156,75,0.09582657945996959,0,🟢 OK
48,157,74,0.09703140250355652,0,🟢 OK
48,158,73,0.09459321764096845,0,🟢 OK
48,159,72,0.09732860050417319,0,🟢 OK
48,160,71,0.09869855403827793,0,🟢 OK
48,161,70,0.09553067120758946,0,🟢 OK
48,162,69,0.09473697914550111,0,🟢 OK
48,163,68,0.10244564975390391,0,🟢 OK
48,164,67,0.10205414483922032,0,🟢 OK
48,165,66,0.0969045617871816,0,🟢 OK
48,166,65,0.09450877071443375,0,🟢 OK
48,167,64,0.10144837998126366,0,🟢 OK
48,168,63,0.10147925984694145,0,🟢 OK
48,169,62,0.09522171793806944,0,🟢 OK
48,170,61,0.07338926339087548,0,🟢 OK
48,171,60,0.07429036593822846,0,🟢 OK
48,172,59,0.07854215420677613,0,🟢 OK
48,173,58,0.07265948087154739,0,🟢 OK
48,174,57,0.06699405855605789,0,🟢 OK
48,175,56,0.04920430052975433,0,🟢 OK
48,176,55,0.06785667095301329,0,🟢 OK
48,177,54,0.07826112630521864,0,🟢 OK
48,178,53,0.08221277823215856,0,🟢 OK
48,179,52,0.07541799685590345,0,🟢 OK
48,180,51,0.10546846092648798,0,🟢 OK
48,181,50,0.10041220545085683,0,🟢 OK
48,182,49,0.10096576708484689,0,🟢 OK
48,183,48,0.09984761960237082,0,🟢 OK
48,184,47,0.09217164839621339,0,🟢 OK
48,185,46,0.09665428697309736,0,🟢 OK
48,186,45,0.08899509308534603,0,🟢 OK
48,187,44,0.06982928919433118,0,🟢 OK
48,188,43,0.0667856697421238,0,🟢 OK
48,189,42,0.07552237786781979,0,🟢 OK
48,190,41,0.07933730391996202,0,🟢 OK
48,191,40,0.07648383696127309,0,🟢 OK
48,192,39,0.07107873298520506,0,🟢 OK
48,193,38,0.07107873298520506,0,🟢 OK
48,194,37,0.08053364926924483,0,🟢 OK
48,195,36,0.08864804164368445,0,🟢 OK
48,196,35,0.09983719821459575,0,🟢 OK
48,197,34,0.09366363172186132,0,🟢 OK
48,198,33,0.09539149147617298,0,🟢 OK
48,199,32,0.08101374674027007,0,🟢 OK
48,200,31,0.07780690121806122,0,🟢 OK
48,201,30,0.07916498971609143,0,🟢 OK
48,202,29,0.07767988078296528,0,🟢 OK
48,203,28,0.0796393726739747,0,🟢 OK
48,204,27,0.05824360870071649,0,🟢 OK
48,205,26,0.053442435482791706,0,🟢 OK
48,206,25,0.05884776592825969,0,🟢 OK
48,207,24,0.038319025429060405,0,🟢 OK
48,208,23,0.027978399217543137,0,🟢 OK
48,209,22,0.014912538267796094,0,🟢 OK
48,210,21,0.02316534159332878,0,🟢 OK
48,211,20,0.01877843904869353,0,🟢 OK
48,212,19,0.015184477644191008,0,🟢 OK
48,213,18,0.018661553144932286,0,🟢 OK
48,214,17,0.022469707581179277,0,🟢 OK
48,215,16,-0.012947587845491881,1,🟢 OK
48,216,15,-0.000636518728102331,1,🟢 OK
48,217,14,0.00136170951794079,0,🟢 OK
48,218,13,-0.021755585634067875,1,🟢 OK
48,219,12,-0.02923202338769748,1,🟢 OK
48,220,11,-0.023497108409831435,1,🟢 OK
48,221,10,-0.05054406763791641,1,🟢 OK
48,222,9,-0.05900082069978374,1,🟢 OK
48,223,8,-0.05265276054751844,1,🟢 OK
48,224,7,-0.045690589291582206,1,🟢 OK
48,225,6,-0.05326377320781217,1,🟢 OK
48,226,5,-0.03708802068999051,1,🟢 OK
48,227,4,-0.041650591856755015,1,🟢 OK
48,228,3,-0.040113225704845434,1,🔴 ALERT
48,229,2,-0.04511607751618296,1,🔴 ALERT
48,230,1,-0.049325995616442686,1,🔴 ALERT
48,231,0,-0.09052758959758633,1,🔴 ALERT
49,1,214,0.10504882400616389,0,🟢 OK
49,2,213,-0.00813323987969583,0,🟢 OK
49,3,212,0.06029840684703808,0,🟢 OK
49,4,211,0.08356045628419295,0,🟢 OK
49,5,210,0.09998456071872347,0,🟢 OK
49,6,209,0.10954709191721529,0,🟢 OK
49,7,208,0.11127723244669391,0,🟢 OK
49,8,207,0.11447884993825308,0,🟢 OK
49,9,206,0.12018796527616549,0,🟢 OK
49,10,205,0.11426859791098493,0,🟢 OK
49,11,204,0.11951596709083234,0,🟢 OK
49,12,203,0.12333519282571687,0,🟢 OK
49,13,202,0.11619731436212832,0,🟢 OK
49,14,201,0.10292942683211664,0,🟢 OK
49,15,200,0.1127837589809611,0,🟢 OK
49,16,199,0.11095888814871979,0,🟢 OK
49,17,198,0.11006542147253162,0,🟢 OK
49,18,197,0.11008855593704231,0,🟢 OK
49,19,196,0.09977662904178619,0,🟢 OK
49,20,195,0.09733544119142806,0,🟢 OK
49,21,194,0.09542102074548087,0,🟢 OK
49,22,193,0.09468743841112454,0,🟢 OK
49,23,192,0.11827905664839905,0,🟢 OK
49,24,191,0.1168146086520947,0,🟢 OK
49,25,190,0.12065716795682752,0,🟢 OK
49,26,189,0.11567882321099315,0,🟢 OK
49,27,188,0.11456497201624521,0,🟢 OK
49,28,187,0.11390353883255006,0,🟢 OK
49,29,186,0.10568809665130052,0,🟢 OK
49,30,185,0.10629094631004726,0,🟢 OK
49,31,184,0.1064842081754212,0,🟢 OK
49,32,183,0.10186642072343594,0,🟢 OK
49,33,182,0.10156779718706621,0,🟢 OK
49,34,181,0.11206626992372587,0,🟢 OK
49,35,180,0.09672735978732783,0,🟢 OK
49,36,179,0.08648588175389116,0,🟢 OK
49,37,178,0.08177678641194885,0,🟢 OK
49,38,177,0.08509610616690078,0,🟢 OK
49,39,176,0.0866976704559505,0,🟢 OK
49,40,175,0.09065601601619094,0,🟢 OK
49,41,174,0.09704575998547338,0,🟢 OK
49,42,173,0.10989813042385077,0,🟢 OK
49,43,172,0.10983738476323823,0,🟢 OK
49,44,171,0.10993796007997597,0,🟢 OK
49,45,170,0.10901210594841909,0,🟢 OK
49,46,169,0.11114062839835437,0,🟢 OK
49,47,168,0.11266078818854391,0,🟢 OK
49,48,167,0.11195924117965295,0,🟢 OK
49,49,166,0.09861717539547127,0,🟢 OK
49,50,165,0.10475543716246155,0,🟢 OK
49,51,164,0.11044098918005502,0,🟢 OK
49,52,163,0.10430107364097146,0,🟢 OK
49,53,162,0.11084376661876494,0,🟢 OK
49,54,161,0.11089027493971132,0,🟢 OK
49,55,160,0.10672384858512984,0,🟢 OK
49,56,159,0.10842603488724994,0,🟢 OK
49,57,158,0.10263519182680697,0,🟢 OK
49,58,157,0.10329005105549371,0,🟢 OK
49,59,156,0.10403438725377284,0,🟢 OK
49,60,155,0.09697532836631845,0,🟢 OK
49,61,154,0.08945573339431812,0,🟢 OK
49,62,153,0.1008054665724124,0,🟢 OK
49,63,152,0.1152185966863516,0,🟢 OK
49,64,151,0.0968354759671145,0,🟢 OK
49,65,150,0.10201751421102107,0,🟢 OK
49,66,149,0.09545219136334421,0,🟢 OK
49,67,148,0.08248873753914482,0,🟢 OK
49,68,147,0.08741096610650734,0,🟢 OK
49,69,146,0.08606913963398194,0,🟢 OK
49,70,145,0.08634539846030531,0,🟢 OK
49,71,144,0.0794722224381525,0,🟢 OK
49,72,143,0.08957147037520213,0,🟢 OK
49,73,142,0.09026634575189924,0,🟢 OK
49,74,141,0.1122213092056717,0,🟢 OK
49,75,140,0.10701322520124995,0,🟢 OK
49,76,139,0.10069056333817067,0,🟢 OK
49,77,138,0.09547694348903174,0,🟢 OK
49,78,137,0.10518994621629468,0,🟢 OK
49,79,136,0.09951952132999548,0,🟢 OK
49,80,135,0.10737755654644726,0,🟢 OK
49,81,134,0.10361301475809742,0,🟢 OK
49,82,133,0.09895354955755364,0,🟢 OK
49,83,132,0.10672418685054746,0,🟢 OK
49,84,131,0.10599153126182076,0,🟢 OK
49,85,130,0.09422573327672001,0,🟢 OK
49,86,129,0.10143222135416502,0,🟢 OK
49,87,128,0.11024434818264334,0,🟢 OK
49,88,127,0.11639641544460766,0,🟢 OK
49,89,126,0.0989624742547518,0,🟢 OK
49,90,125,0.10737669362642477,0,🟢 OK
49,91,124,0.10871331281731761,0,🟢 OK
49,92,123,0.09576691604709148,0,🟢 OK
49,93,122,0.09945987148537477,0,🟢 OK
49,94,121,0.09063861202836254,0,🟢 OK
49,95,120,0.09983991608042847,0,🟢 OK
49,96,119,0.09144699831866993,0,🟢 OK
49,97,118,0.08970087591706499,0,🟢 OK
49,98,117,0.08427083142527325,0,🟢 OK
49,99,116,0.08169772929117258,0,🟢 OK
49,100,115,0.08682722711534524,0,🟢 OK
49,101,114,0.0898989194655021,0,🟢 OK
49,102,113,0.09173089913326199,0,🟢 OK
49,103,112,0.09199543321483455,0,🟢 OK
49,104,111,0.10168124470455164,0,🟢 OK
49,105,110,0.09670062212746638,0,🟢 OK
49,106,109,0.0948815484107387,0,🟢 OK
49,107,108,0.09653581324041488,0,🟢 OK
49,108,107,0.10087303399597797,0,🟢 OK
49,109,106,0.09961937803588589,0,🟢 OK
49,110,105,0.09200649353764434,0,🟢 OK
49,111,104,0.10016776563661056,0,🟢 OK
49,112,103,0.0992794635689685,0,🟢 OK
49,113,102,0.10808292867369912,0,🟢 OK
49,114,101,0.08579216387366884,0,🟢 OK
49,115,100,0.09933416204658391,0,🟢 OK
49,116,99,0.10009036652059816,0,🟢 OK
49,117,98,0.0983607386960289,0,🟢 OK
49,118,97,0.07355247701093087,0,🟢 OK
49,119,96,0.07814440695481589,0,🟢 OK
49,120,95,0.08529577298702534,0,🟢 OK
49,121,94,0.08112774327926187,0,🟢 OK
49,122,93,0.08285476235151867,0,🟢 OK
49,123,92,0.09980174787037882,0,🟢 OK
49,124,91,0.1019188308490151,0,🟢 OK
49,125,90,0.09908527564376202,0,🟢 OK
49,126,89,0.09417307533750596,0,🟢 OK
49,127,88,0.09602681867202412,0,🟢 OK
49,128,87,0.09371415671087541,0,🟢 OK
49,129,86,0.09539721377701499,0,🟢 OK
49,130,85,0.08870781072254535,0,🟢 OK
49,131,84,0.08244956189610103,0,🟢 OK
49,132,83,0.06925022608851417,0,🟢 OK
49,133,82,0.07601166774055307,0,🟢 OK
49,134,81,0.07144084253860633,0,🟢 OK
49,135,80,0.06336584821206837,0,🟢 OK
49,136,79,0.06909049112707533,0,🟢 OK
49,137,78,0.06719248487930646,0,🟢 OK
49,138,77,0.0689188870430375,0,🟢 OK
49,139,76,0.07494650512705042,0,🟢 OK
49,140,75,0.07101297887046742,0,🟢 OK
49,141,74,0.06801144774201817,0,🟢 OK
49,142,73,0.07653143803405993,0,🟢 OK
49,143,72,0.07926333472676589,0,🟢 OK
49,144,71,0.082444469672388,0,🟢 OK
49,145,70,0.08414727054105187,0,🟢 OK
49,146,69,0.08441737438847641,0,🟢 OK
49,147,68,0.08541343845769106,0,🟢 OK
49,148,67,0.07050267609438648,0,🟢 OK
49,149,66,0.06721334934644041,0,🟢 OK
49,150,65,0.06726807878519381,0,🟢 OK
49,151,64,0.05281215939030637,0,🟢 OK
49,152,63,0.05736164139574834,0,🟢 OK
49,153,62,0.053193608546024895,0,🟢 OK
49,154,61,0.05211280372725441,0,🟢 OK
49,155,60,0.04932063325723601,0,🟢 OK
49,156,59,0.047896196909927025,0,🟢 OK
49,157,58,0.04492980206221059,0,🟢 OK
49,158,57,0.05242656281459107,0,🟢 OK
49,159,56,0.03442598428507515,0,🟢 OK
49,160,55,0.024018019272268765,0,🟢 OK
49,161,54,0.01641836967568605,0,🟢 OK
49,162,53,0.008739076724214034,0,🟢 OK
49,163,52,0.0047863605662109565,0,🟢 OK
49,164,51,0.0027216082435601585,0,🟢 OK
49,165,50,0.0002788398846103046,0,🟢 OK
49,166,49,-0.0026630181279788667,1,🟢 OK
49,167,48,-0.011545093839277598,1,🟢 OK
49,168,47,-0.005923963101905905,1,🟢 OK
49,169,46,0.01019666678421377,0,🟢 OK
49,170,45,0.012990799791072483,0,🟢 OK
49,171,44,0.014095788092529427,0,🟢 OK
49,172,43,0.028120703834595362,0,🟢 OK
49,173,42,0.03457919828584305,0,🟢 OK
49,174,41,0.03496614838211165,0,🟢 OK
49,175,40,0.03016449389502307,0,🟢 OK
49,176,39,0.026635579679291088,0,🟢 OK
49,177,38,0.023457956292695203,0,🟢 OK
49,178,37,0.015364505508325521,0,🟢 OK
49,179,36,-0.0006930553111365034,1,🟢 OK
49,180,35,-0.001072844711376142,1,🟢 OK
49,181,34,-0.0009802340660926001,1,🟢 OK
49,182,33,0.0017585246269524735,0,🟢 OK
49,183,32,-0.0022635014366780837,1,🟢 OK
49,184,31,-0.018117388325895156,1,🟢 OK
49,185,30,-0.011681251429893624,1,🟢 OK
49,186,29,-0.01845730066377227,1,🟢 OK
49,187,28,-0.015537476903659031,1,🟢 OK
49,188,27,-0.011253637151951157,1,🟢 OK
49,189,26,-0.01084730668626721,1,🟢 OK
49,190,25,-0.009213318252727087,1,🟢 OK
49,191,24,-0.008508228578232413,1,🟢 OK
49,192,23,-0.005403115435953287,1,🟢 OK
49,193,22,-0.008922006726874376,1,🟢 OK
49,194,21,-0.013622871638661604,1,🔴 ALERT
49,195,20,-0.016723578075849233,1,🔴 ALERT
49,196,19,-0.015585098850151469,1,🔴 ALERT
49,197,18,-0.009578092565187935,1,🔴 ALERT
49,198,17,-0.0066688613890137916,1,🔴 ALERT
49,199,16,-0.0049163983033662095,1,🔴 ALERT
49,200,15,-0.009637106654412975,1,🔴 ALERT
49,201,14,-0.024656049124758384,1,🔴 ALERT
49,202,13,-0.02553854867574168,1,🔴 ALERT
49,203,12,-0.03314487816653677,1,🔴 ALERT
49,204,11,-0.03371379913673822,1,🔴 ALERT
49,205,10,-0.028633186054051407,1,🔴 ALERT
49,206,9,-0.026274327671682918,1,🔴 ALERT
49,207,8,-0.026274327671682918,1,🔴 ALERT
49,208,7,-0.024305912190495382,1,🔴 ALERT
49,209,6,-0.024577984556923504,1,🔴 ALERT
49,210,5,-0.030287538889715693,1,🔴 ALERT
49,211,4,-0.0230782193243948,1,🔴 ALERT
49,212,3,-0.0222978973065191,1,🔴 ALERT
49,213,2,-0.019024896442860872,1,🔴 ALERT
49,214,1,-0.020792516163152586,1,🔴 ALERT
49,215,0,-0.024854234333059666,1,🔴 ALERT
50,1,197,0.10276450347118127,0,🟢 OK
50,2,196,0.057184776729587494,0,🟢 OK
50,3,195,0.08116588758051829,0,🟢 OK
50,4,194,0.08955434555005881,0,🟢 OK
50,5,193,0.09923640116871318,0,🟢 OK
50,6,192,0.07869919634079442,0,🟢 OK
50,7,191,0.089501765998101,0,🟢 OK
50,8,190,0.09238922730870963,0,🟢 OK
50,9,189,0.1030888648636239,0,🟢 OK
50,10,188,0.10924264737190337,0,🟢 OK
50,11,187,0.11782542603084817,0,🟢 OK
50,12,186,0.10260090081109058,0,🟢 OK
50,13,185,0.09500528053695484,0,🟢 OK
50,14,184,0.10340007964587311,0,🟢 OK
50,15,183,0.11046740703117341,0,🟢 OK
50,16,182,0.10217911655391576,0,🟢 OK
50,17,181,0.11602769828403542,0,🟢 OK
50,18,180,0.11240464514880683,0,🟢 OK
50,19,179,0.11870161637868903,0,🟢 OK
50,20,178,0.11670013527279838,0,🟢 OK
50,21,177,0.11958687009047025,0,🟢 OK
50,22,176,0.11621921892774945,0,🟢 OK
50,23,175,0.12395010883391278,0,🟢 OK
50,24,174,0.1231101563310964,0,🟢 OK
50,25,173,0.12477139821736621,0,🟢 OK
50,26,172,0.11536172745043682,0,🟢 OK
50,27,171,0.1172676066729787,0,🟢 OK
50,28,170,0.1232549585310142,0,🟢 OK
50,29,169,0.11740805844345925,0,🟢 OK
50,30,168,0.11664262696257655,0,🟢 OK
50,31,167,0.11909976866513888,0,🟢 OK
50,32,166,0.11753625313773014,0,🟢 OK
50,33,165,0.12637174397903483,0,🟢 OK
50,34,164,0.12991059565453977,0,🟢 OK
50,35,163,0.12635009231324462,0,🟢 OK
50,36,162,0.11392914275784816,0,🟢 OK
50,37,161,0.0996662030772359,0,🟢 OK
50,38,160,0.09124470088215597,0,🟢 OK
50,39,159,0.08749422321106931,0,🟢 OK
50,40,158,0.08692677871554477,0,🟢 OK
50,41,157,0.08055814634746539,0,🟢 OK
50,42,156,0.08746344473916884,0,🟢 OK
50,43,155,0.08079737571815543,0,🟢 OK
50,44,154,0.07937195804828462,0,🟢 OK
50,45,153,0.09731102092645849,0,🟢 OK
50,46,152,0.1040143501108779,0,🟢 OK
50,47,151,0.11567873765685738,0,🟢 OK
50,48,150,0.11295212429128454,0,🟢 OK
50,49,149,0.11033572493063587,0,🟢 OK
50,50,148,0.11741693044760698,0,🟢 OK
50,51,147,0.12394771656818815,0,🟢 OK
50,52,146,0.12575454982931128,0,🟢 OK
50,53,145,0.12400559911645614,0,🟢 OK
50,54,144,0.12417819798937862,0,🟢 OK
50,55,143,0.1334423504288456,0,🟢 OK
50,56,142,0.1355092127259706,0,🟢 OK
50,57,141,0.12967181476558515,0,🟢 OK
50,58,140,0.12221578067432703,0,🟢 OK
50,59,139,0.10655214958887865,0,🟢 OK
50,60,138,0.11098897315368084,0,🟢 OK
50,61,137,0.11030138848086485,0,🟢 OK
50,62,136,0.12126683963673385,0,🟢 OK
50,63,135,0.12028900837198359,0,🟢 OK
50,64,134,0.12535330471504624,0,🟢 OK
50,65,133,0.12642801860851238,0,🟢 OK
50,66,132,0.12679005367083462,0,🟢 OK
50,67,131,0.12215447650695438,0,🟢 OK
50,68,130,0.12028571599613386,0,🟢 OK
50,69,129,0.11572198887103063,0,🟢 OK
50,70,128,0.11049270192527116,0,🟢 OK
50,71,127,0.11851031750018892,0,🟢 OK
50,72,126,0.11332831270950638,0,🟢 OK
50,73,125,0.1150882720409867,0,🟢 OK
50,74,124,0.10221148788583129,0,🟢 OK
50,75,123,0.1018585636812146,0,🟢 OK
50,76,122,0.11064807725346049,0,🟢 OK
50,77,121,0.1272031431706872,0,🟢 OK
50,78,120,0.1260446921804484,0,🟢 OK
50,79,119,0.12109654993329322,0,🟢 OK
50,80,118,0.1209246870886338,0,🟢 OK
50,81,117,0.12620849235105247,0,🟢 OK
50,82,116,0.1254486619411817,0,🟢 OK
50,83,115,0.12563670108074665,0,🟢 OK
50,84,114,0.12232295962800582,0,🟢 OK
50,85,113,0.1253695814879746,0,🟢 OK
50,86,112,0.13077453167884345,0,🟢 OK
50,87,111,0.11603401840323618,0,🟢 OK
50,88,110,0.1175360578643555,0,🟢 OK
50,89,109,0.11585777660732555,0,🟢 OK
50,90,108,0.11568919620594093,0,🟢 OK
50,91,107,0.11331978117912272,0,🟢 OK
50,92,106,0.10136375703502148,0,🟢 OK
50,93,105,0.10256335400189082,0,🟢 OK
50,94,104,0.11035520591410636,0,🟢 OK
50,95,103,0.11178183850130502,0,🟢 OK
50,96,102,0.11575930825227787,0,🟢 OK
50,97,101,0.128011237341767,0,🟢 OK
50,98,100,0.13053347171211194,0,🟢 OK
50,99,99,0.13440822575233674,0,🟢 OK
50,100,98,0.12196602994658812,0,🟢 OK
50,101,97,0.12122312201714308,0,🟢 OK
50,102,96,0.10690713541907171,0,🟢 OK
50,103,95,0.11004052970123362,0,🟢 OK
50,104,94,0.1104279426089555,0,🟢 OK
50,105,93,0.10554437038530151,0,🟢 OK
50,106,92,0.10796784243865276,0,🟢 OK
50,107,91,0.11510036511536242,0,🟢 OK
50,108,90,0.11738839771800724,0,🟢 OK
50,109,89,0.1275163221201362,0,🟢 OK
50,110,88,0.12627209309333237,0,🟢 OK
50,111,87,0.12195415013506666,0,🟢 OK
50,112,86,0.12042514904472368,0,🟢 OK
50,113,85,0.12451690243239111,0,🟢 OK
50,114,84,0.12375138815357628,0,🟢 OK
50,115,83,0.12288995444383788,0,🟢 OK
50,116,82,0.12097510514901522,0,🟢 OK
50,117,81,0.11360985706939902,0,🟢 OK
50,118,80,0.11627516022915929,0,🟢 OK
50,119,79,0.11007913540595493,0,🟢 OK
50,120,78,0.11187239566496798,0,🟢 OK
50,121,77,0.11074106009736778,0,🟢 OK
50,122,76,0.11346312071905651,0,🟢 OK
50,123,75,0.10880456035850744,0,🟢 OK
50,124,74,0.10039202482682391,0,🟢 OK
50,125,73,0.10042592542017093,0,🟢 OK
50,126,72,0.10039085148051391,0,🟢 OK
50,127,71,0.09465680668336701,0,🟢 OK
50,128,70,0.07506641064064046,0,🟢 OK
50,129,69,0.07392824528699182,0,🟢 OK
50,130,68,0.07278909144237578,0,🟢 OK
50,131,67,0.06396563998734911,0,🟢 OK
50,132,66,0.06501303003660791,0,🟢 OK
50,133,65,0.06753201991388019,0,🟢 OK
50,134,64,0.07678372680609746,0,🟢 OK
50,135,63,0.06955202174009206,0,🟢 OK
50,136,62,0.07409605539055103,0,🟢 OK
50,137,61,0.07280117083504944,0,🟢 OK
50,138,60,0.06793362235935196,0,🟢 OK
50,139,59,0.07177605910054474,0,🟢 OK
50,140,58,0.08818392645996254,0,🟢 OK
50,141,57,0.06722320839126628,0,🟢 OK
50,142,56,0.05635713747872839,0,🟢 OK
50,143,55,0.04608904634611094,0,🟢 OK
50,144,54,0.037283115139627954,0,🟢 OK
50,145,53,0.041767431259294274,0,🟢 OK
50,146,52,0.04461495084387712,0,🟢 OK
50,147,51,0.05290307276947859,0,🟢 OK
50,148,50,0.06461356527681344,0,🟢 OK
50,149,49,0.06303564827642888,0,🟢 OK
50,150,48,0.04128152786637662,0,🟢 OK
50,151,47,0.053787874644701805,0,🟢 OK
50,152,46,0.06568826534724787,0,🟢 OK
50,153,45,0.06612775801762011,0,🟢 OK
50,154,44,0.05279827050437158,0,🟢 OK
50,155,43,0.0475795255545986,0,🟢 OK
50,156,42,0.03981581661317757,0,🟢 OK
50,157,41,0.052055119002336725,0,🟢 OK
50,158,40,0.057239183310556274,0,🟢 OK
50,159,39,0.037731308415778375,0,🟢 OK
50,160,38,0.03336010088015395,0,🟢 OK
50,161,37,0.02356321293547292,0,🟢 OK
50,162,36,0.011599662499138741,0,🟢 OK
50,163,35,0.012363794823775642,0,🟢 OK
50,164,34,0.004591101773458561,0,🟢 OK
50,165,33,0.010559275118008193,0,🟢 OK
50,166,32,0.012586693140825833,0,🟢 OK
50,167,31,0.0008898763886251437,0,🟢 OK
50,168,30,0.008682559028485026,0,🟢 OK
50,169,29,0.005577330485408094,0,🟢 OK
50,170,28,0.0006848523326827838,0,🟢 OK
50,171,27,-0.0037366289665865526,1,🟢 OK
50,172,26,-0.003775132140761528,1,🟢 OK
50,173,25,-0.017275524742260684,1,🟢 OK
50,174,24,-0.02700598332188897,1,🟢 OK
50,175,23,-0.028723231304698116,1,🟢 OK
50,176,22,-0.020557752990657763,1,🟢 OK
50,177,21,-0.03435190612897554,1,🟢 OK
50,178,20,-0.04074564060558661,1,🟢 OK
50,179,19,-0.04684256761546168,1,🟢 OK
50,180,18,-0.04675672417063215,1,🟢 OK
50,181,17,-0.044791010425672684,1,🟢 OK
50,182,16,-0.04733997310496896,1,🔴 ALERT
50,183,15,-0.04988082340763289,1,🔴 ALERT
50,184,14,-0.05733330038125972,1,🔴 ALERT
50,185,13,-0.05354680132379508,1,🔴 ALERT
50,186,12,-0.04986117258695488,1,🔴 ALERT
50,187,11,-0.033177180974059306,1,🔴 ALERT
50,188,10,-0.028284655516931267,1,🔴 ALERT
50,189,9,-0.04045415845304934,1,🔴 ALERT
50,190,8,-0.04334717851040637,1,🔴 ALERT
50,191,7,-0.044949909219065054,1,🔴 ALERT
50,192,6,-0.04278934320380756,1,🔴 ALERT
50,193,5,-0.03585531340432779,1,🔴 ALERT
50,194,4,-0.035298725046390755,1,🔴 ALERT
50,195,3,-0.041257833244998654,1,🔴 ALERT
50,196,2,-0.04497520296216806,1,🔴 ALERT
50,197,1,-0.04617859418008663,1,🔴 ALERT
50,198,0,-0.042187707079894055,1,🔴 ALERT
51,1,212,0.09999799091546374,0,🟢 OK
51,2,211,-0.012556703846618333,0,🟢 OK
51,3,210,0.01797001821669475,0,🟢 OK
51,4,209,0.011066696537963105,0,🟢 OK
51,5,208,0.019665258232310634,0,🟢 OK
51,6,207,0.010709123606334303,0,🟢 OK
51,7,206,0.021414942794554914,0,🟢 OK
51,8,205,0.029448099482932033,0,🟢 OK
51,9,204,0.028127506021847604,0,🟢 OK
51,10,203,0.03679088930127783,0,🟢 OK
51,11,202,0.034964391510856785,0,🟢 OK
51,12,201,0.0461002706822331,0,🟢 OK
51,13,200,0.0473102629081989,0,🟢 OK
51,14,199,0.05387447653971339,0,🟢 OK
51,15,198,0.05727309472823944,0,🟢 OK
51,16,197,0.07122120417005107,0,🟢 OK
51,17,196,0.07527750489297391,0,🟢 OK
51,18,195,0.07575823509030127,0,🟢 OK
51,19,194,0.08049338297495678,0,🟢 OK
51,20,193,0.08385601051404212,0,🟢 OK
51,21,192,0.09222101731293036,0,🟢 OK
51,22,191,0.08163624862637597,0,🟢 OK
51,23,190,0.0833676661924968,0,🟢 OK
51,24,189,0.09268267959233961,0,🟢 OK
51,25,188,0.08136467605163389,0,🟢 OK
51,26,187,0.0728717150237781,0,🟢 OK
51,27,186,0.08270704161740317,0,🟢 OK
51,28,185,0.08554752798153908,0,🟢 OK
51,29,184,0.08400998913014551,0,🟢 OK
51,30,183,0.07378230577840111,0,🟢 OK
51,31,182,0.06625670483709306,0,🟢 OK
51,32,181,0.06610119316460084,0,🟢 OK
51,33,180,0.07417230784399287,0,🟢 OK
51,34,179,0.06378869346215726,0,🟢 OK
51,35,178,0.06532875116806236,0,🟢 OK
51,36,177,0.047187138642830195,0,🟢 OK
51,37,176,0.04966519203936287,0,🟢 OK
51,38,175,0.06110025068821484,0,🟢 OK
51,39,174,0.04782286717654449,0,🟢 OK
51,40,173,0.05953004409151175,0,🟢 OK
51,41,172,0.0632743953079305,0,🟢 OK
51,42,171,0.05497616715922038,0,🟢 OK
51,43,170,0.06364696581662693,0,🟢 OK
51,44,169,0.0533766196935917,0,🟢 OK
51,45,168,0.05391455521677724,0,🟢 OK
51,46,167,0.0529840961862485,0,🟢 OK
51,47,166,0.04929502645221867,0,🟢 OK
51,48,165,0.04695107685061839,0,🟢 OK
51,49,164,0.04677199666829168,0,🟢 OK
51,50,163,0.0669714218983431,0,🟢 OK
51,51,162,0.0679575312006711,0,🟢 OK
51,52,161,0.05792852094396794,0,🟢 OK
51,53,160,0.05692768359804068,0,🟢 OK
51,54,159,0.06193732702488858,0,🟢 OK
51,55,158,0.06474261521243063,0,🟢 OK
51,56,157,0.05429755174841244,0,🟢 OK
51,57,156,0.08221998362695293,0,🟢 OK
51,58,155,0.05948727327734016,0,🟢 OK
51,59,154,0.061771206770747766,0,🟢 OK
51,60,153,0.07275596543234086,0,🟢 OK
51,61,152,0.07277836673729732,0,🟢 OK
51,62,151,0.08417047084705354,0,🟢 OK
51,63,150,0.08011338166526866,0,🟢 OK
51,64,149,0.08897478459783403,0,🟢 OK
51,65,148,0.07153126458835835,0,🟢 OK
51,66,147,0.0810556886187338,0,🟢 OK
51,67,146,0.07236966814135021,0,🟢 OK
51,68,145,0.08769619661965189,0,🟢 OK
51,69,144,0.08830242035136315,0,🟢 OK
51,70,143,0.07621504266164636,0,🟢 OK
51,71,142,0.06300942048605707,0,🟢 OK
51,72,141,0.06485791076863734,0,🟢 OK
51,73,140,0.05396564618658345,0,🟢 OK
51,74,139,0.061797930908735366,0,🟢 OK
51,75,138,0.05141959883519359,0,🟢 OK
51,76,137,0.045168603677276764,0,🟢 OK
51,77,136,0.05073086465783305,0,🟢 OK
51,78,135,0.06436512913443504,0,🟢 OK
51,79,134,0.07654739783757492,0,🟢 OK
51,80,133,0.07194771767916741,0,🟢 OK
51,81,132,0.06851668508852876,0,🟢 OK
51,82,131,0.08306072559092681,0,🟢 OK
51,83,130,0.07949811322605638,0,🟢 OK
51,84,129,0.08747652963101238,0,🟢 OK
51,85,128,0.09313062356224977,0,🟢 OK
51,86,127,0.09645263581513297,0,🟢 OK
51,87,126,0.08668501084178248,0,🟢 OK
51,88,125,0.08481652861892203,0,🟢 OK
51,89,124,0.08732714101634059,0,🟢 OK
51,90,123,0.07394444430222091,0,🟢 OK
51,91,122,0.0829544142524824,0,🟢 OK
51,92,121,0.08544261431416117,0,🟢 OK
51,93,120,0.08605424997859734,0,🟢 OK
51,94,119,0.07729302153067219,0,🟢 OK
51,95,118,0.0835722340489718,0,🟢 OK
51,96,117,0.08220271652683203,0,🟢 OK
51,97,116,0.07889722043452846,0,🟢 OK
51,98,115,0.08687987259767327,0,🟢 OK
51,99,114,0.07967507008324287,0,🟢 OK
51,100,113,0.08947468641217393,0,🟢 OK
51,101,112,0.08260187188330903,0,🟢 OK
51,102,111,0.09389097887595571,0,🟢 OK
51,103,110,0.07973336839089668,0,🟢 OK
51,104,109,0.0782255995611622,0,🟢 OK
51,105,108,0.07649828650760743,0,🟢 OK
51,106,107,0.07170223581611496,0,🟢 OK
51,107,106,0.07203356801936928,0,🟢 OK
51,108,105,0.06647712861487604,0,🟢 OK
51,109,104,0.08622474203929137,0,🟢 OK
51,110,103,0.08287032319504284,0,🟢 OK
51,111,102,0.08440418140329004,0,🟢 OK
51,112,101,0.08208960679897581,0,🟢 OK
51,113,100,0.08063151601041207,0,🟢 OK
51,114,99,0.0790109345312125,0,🟢 OK
51,115,98,0.07509205959634718,0,🟢 OK
51,116,97,0.07054369790973414,0,🟢 OK
51,117,96,0.07728806058800541,0,🟢 OK
51,118,95,0.08408753870048319,0,🟢 OK
51,119,94,0.08008051156696222,0,🟢 OK
51,120,93,0.07378367982007128,0,🟢 OK
51,121,92,0.08634885795398406,0,🟢 OK
51,122,91,0.08650249516151814,0,🟢 OK
51,123,90,0.08382633366063957,0,🟢 OK
51,124,89,0.08834218437227626,0,🟢 OK
51,125,88,0.08609073752787577,0,🟢 OK
51,126,87,0.08901682720075055,0,🟢 OK
51,127,86,0.08375095059198673,0,🟢 OK
51,128,85,0.07926772361411666,0,🟢 OK
51,129,84,0.08324671299435327,0,🟢 OK
51,130,83,0.07656559990477174,0,🟢 OK
51,131,82,0.07716908788564303,0,🟢 OK
51,132,81,0.06024186745451465,0,🟢 OK
51,133,80,0.06738499023227851,0,🟢 OK
51,134,79,0.06897158901504225,0,🟢 OK
51,135,78,0.07809202385653319,0,🟢 OK
51,136,77,0.06725466648559048,0,🟢 OK
51,137,76,0.07429086853013883,0,🟢 OK
51,138,75,0.07524021894992305,0,🟢 OK
51,139,74,0.09133668663555977,0,🟢 OK
51,140,73,0.08395868583871668,0,🟢 OK
51,141,72,0.0882494916763768,0,🟢 OK
51,142,71,0.07347435338784986,0,🟢 OK
51,143,70,0.07766229792472695,0,🟢 OK
51,144,69,0.075359420969277,0,🟢 OK
51,145,68,0.07353233003949661,0,🟢 OK
51,146,67,0.07313945660526672,0,🟢 OK
51,147,66,0.07890921851785848,0,🟢 OK
51,148,65,0.0800891227838813,0,🟢 OK
51,149,64,0.07925352358954929,0,🟢 OK
51,150,63,0.08089463803266422,0,🟢 OK
51,151,62,0.0842489810137721,0,🟢 OK
51,152,61,0.10147814173603692,0,🟢 OK
51,153,60,0.10301137526757098,0,🟢 OK
51,154,59,0.09574868869963005,0,🟢 OK
51,155,58,0.09437816514518754,0,🟢 OK
51,156,57,0.08603025584485308,0,🟢 OK
51,157,56,0.08563109387758594,0,🟢 OK
51,158,55,0.08490216179031607,0,🟢 OK
51,159,54,0.09818158737141813,0,🟢 OK
51,160,53,0.09207334928705518,0,🟢 OK
51,161,52,0.10187653334640967,0,🟢 OK
51,162,51,0.0999893113799063,0,🟢 OK
51,163,50,0.09601630858733118,0,🟢 OK
51,164,49,0.09512794457262452,0,🟢 OK
51,165,48,0.09820254574078402,0,🟢 OK
51,166,47,0.08866016009508876,0,🟢 OK
51,167,46,0.09289816211481361,0,🟢 OK
51,168,45,0.0767410437910675,0,🟢 OK
51,169,44,0.09010675626251691,0,🟢 OK
51,170,43,0.07444867864502258,0,🟢 OK
51,171,42,0.07526222334277366,0,🟢 OK
51,172,41,0.08632051933053758,0,🟢 OK
51,173,40,0.08682864891586589,0,🟢 OK
51,174,39,0.07976599036432142,0,🟢 OK
51,175,38,0.09023458027707243,0,🟢 OK
51,176,37,0.0968810070840938,0,🟢 OK
51,177,36,0.09265177622500798,0,🟢 OK
51,178,35,0.08065580208489609,0,🟢 OK
51,179,34,0.0833437857783208,0,🟢 OK
51,180,33,0.08302746024583557,0,🟢 OK
51,181,32,0.08771382227890728,0,🟢 OK
51,182,31,0.07775695219062828,0,🟢 OK
51,183,30,0.07870719671279564,0,🟢 OK
51,184,29,0.07938264501592618,0,🟢 OK
51,185,28,0.058477389394309465,0,🟢 OK
51,186,27,0.037600070615467496,0,🟢 OK
51,187,26,0.060549414924740086,0,🟢 OK
51,188,25,0.05603482277565214,0,🟢 OK
51,189,24,0.046075661579427885,0,🟢 OK
51,190,23,0.03520823148159391,0,🟢 OK
51,191,22,0.03927193457573658,0,🟢 OK
51,192,21,0.03987181653794547,0,🟢 OK
51,193,20,0.03372050357220463,0,🟢 OK
51,194,19,0.013218339705701854,0,🟢 OK
51,195,18,0.004313229356033843,0,🟢 OK
51,196,17,0.015494600779891399,0,🟢 OK
51,197,16,0.017213874570589427,0,🟢 OK
51,198,15,0.015000430220605154,0,🟢 OK
51,199,14,0.0037691552626019087,0,🟢 OK
51,200,13,6.481930692836535e-05,0,🟢 OK
51,201,12,-0.006591797320947501,1,🟢 OK
51,202,11,0.0025549815266772136,0,🟢 OK
51,203,10,0.0021470579229222464,0,🟢 OK
51,204,9,-0.012162854946397239,1,🟢 OK
51,205,8,-0.01200708282393037,1,🟢 OK
51,206,7,-0.023917491083174536,1,🟢 OK
51,207,6,-0.03852569843912457,1,🟢 OK
51,208,5,-0.036860487920564844,1,🟢 OK
51,209,4,-0.03886982791415572,1,🟢 OK
51,210,3,-0.041433549149189286,1,🟢 OK
51,211,2,-0.07308716049262953,1,🟢 OK
51,212,1,-0.10165448204501482,1,🟢 OK
51,213,0,-0.10879260494169607,1,🟢 OK
52,1,212,0.11985913697150274,0,🟢 OK
52,2,211,0.02805060021451372,0,🟢 OK
52,3,210,0.06342501487011604,0,🟢 OK
52,4,209,0.07876662926642863,0,🟢 OK
52,5,208,0.062465206162742315,0,🟢 OK
52,6,207,0.06263157986997725,0,🟢 OK
52,7,206,0.08481703297156046,0,🟢 OK
52,8,205,0.08354017664990737,0,🟢 OK
52,9,204,0.10061398642379554,0,🟢 OK
52,10,203,0.08885071004280864,0,🟢 OK
52,11,202,0.08045784187855215,0,🟢 OK
52,12,201,0.0810845479172621,0,🟢 OK
52,13,200,0.08256623362786064,0,🟢 OK
52,14,199,0.07972316186057543,0,🟢 OK
52,15,198,0.10165036476183059,0,🟢 OK
52,16,197,0.09539886213276727,0,🟢 OK
52,17,196,0.10261110419621133,0,🟢 OK
52,18,195,0.09653014786010294,0,🟢 OK
52,19,194,0.09547438450965295,0,🟢 OK
52,20,193,0.11262896977491577,0,🟢 OK
52,21,192,0.11613899529355959,0,🟢 OK
52,22,191,0.1193800209735213,0,🟢 OK
52,23,190,0.11468082104025318,0,🟢 OK
52,24,189,0.12196593682540041,0,🟢 OK
52,25,188,0.12959725767281433,0,🟢 OK
52,26,187,0.12958627496077568,0,🟢 OK
52,27,186,0.132971506179343,0,🟢 OK
52,28,185,0.13209928095924456,0,🟢 OK
52,29,184,0.13121600406795675,0,🟢 OK
52,30,183,0.1314472822827411,0,🟢 OK
52,31,182,0.12359316007950077,0,🟢 OK
52,32,181,0.12184157403842716,0,🟢 OK
52,33,180,0.12224297101435377,0,🟢 OK
52,34,179,0.12644011231969937,0,🟢 OK
52,35,178,0.11647621677335745,0,🟢 OK
52,36,177,0.11587823649667456,0,🟢 OK
52,37,176,0.10307185617859588,0,🟢 OK
52,38,175,0.11121550288702664,0,🟢 OK
52,39,174,0.11485256101331942,0,🟢 OK
52,40,173,0.11422157448620412,0,🟢 OK
52,41,172,0.11132137872518694,0,🟢 OK
52,42,171,0.12177931833508338,0,🟢 OK
52,43,170,0.12238248525345513,0,🟢 OK
52,44,169,0.11700403296123657,0,🟢 OK
52,45,168,0.1263854245568694,0,🟢 OK
52,46,167,0.12979889715320397,0,🟢 OK
52,47,166,0.13002121718981402,0,🟢 OK
52,48,165,0.13059695931245796,0,🟢 OK
52,49,164,0.13543909024037215,0,🟢 OK
52,50,163,0.13064449865553923,0,🟢 OK
52,51,162,0.12940200969187865,0,🟢 OK
52,52,161,0.1307119126855817,0,🟢 OK
52,53,160,0.11868175811055248,0,🟢 OK
52,54,159,0.11797102243620156,0,🟢 OK
52,55,158,0.12530414794989397,0,🟢 OK
52,56,157,0.12576256546728087,0,🟢 OK
52,57,156,0.12882664185578663,0,🟢 OK
52,58,155,0.12209119922628753,0,🟢 OK
52,59,154,0.12554592612714044,0,🟢 OK
52,60,153,0.12298455886590748,0,🟢 OK
52,61,152,0.11995543604122766,0,🟢 OK
52,62,151,0.12452074334993474,0,🟢 OK
52,63,150,0.12279551313336501,0,🟢 OK
52,64,149,0.11897018060666692,0,🟢 OK
52,65,148,0.12998650199702888,0,🟢 OK
52,66,147,0.12977395092659522,0,🟢 OK
52,67,146,0.12505586264059165,0,🟢 OK
52,68,145,0.11778354951464332,0,🟢 OK
52,69,144,0.11182553356306818,0,🟢 OK
52,70,143,0.10688600525478803,0,🟢 OK
52,71,142,0.10432366504310342,0,🟢 OK
52,72,141,0.11190216141274917,0,🟢 OK
52,73,140,0.12149611508192831,0,🟢 OK
52,74,139,0.12392718477862158,0,🟢 OK
52,75,138,0.11501801584772442,0,🟢 OK
52,76,137,0.11900020604941403,0,🟢 OK
52,77,136,0.11820522570610109,0,🟢 OK
52,78,135,0.11765403311867467,0,🟢 OK
52,79,134,0.11693903811178247,0,🟢 OK
52,80,133,0.12487773112906175,0,🟢 OK
52,81,132,0.12657805496394914,0,🟢 OK
52,82,131,0.1155503675011123,0,🟢 OK
52,83,130,0.12466320015174848,0,🟢 OK
52,84,129,0.12229040947522424,0,🟢 OK
52,85,128,0.11725915364110745,0,🟢 OK
52,86,127,0.12026405375003885,0,🟢 OK
52,87,126,0.11816943322528878,0,🟢 OK
52,88,125,0.11737744905215275,0,🟢 OK
52,89,124,0.11577714239289966,0,🟢 OK
52,90,123,0.10846312587295276,0,🟢 OK
52,91,122,0.11815709752762088,0,🟢 OK
52,92,121,0.10058614924684905,0,🟢 OK
52,93,120,0.11294023169096112,0,🟢 OK
52,94,119,0.11113603311633263,0,🟢 OK
52,95,118,0.10721641677917093,0,🟢 OK
52,96,117,0.08252775933772888,0,🟢 OK
52,97,116,0.09522090165890085,0,🟢 OK
52,98,115,0.0983336729861683,0,🟢 OK
52,99,114,0.09960754507416769,0,🟢 OK
52,100,113,0.10551574617979831,0,🟢 OK
52,101,112,0.09926470089444361,0,🟢 OK
52,102,111,0.1013899786081846,0,🟢 OK
52,103,110,0.09382815559074903,0,🟢 OK
52,104,109,0.09297788471900748,0,🟢 OK
52,105,108,0.08216130695416068,0,🟢 OK
52,106,107,0.10658222882435991,0,🟢 OK
52,107,106,0.0967973270250932,0,🟢 OK
52,108,105,0.1017068935199465,0,🟢 OK
52,109,104,0.08450362556809482,0,🟢 OK
52,110,103,0.09814072361054998,0,🟢 OK
52,111,102,0.10826831461564662,0,🟢 OK
52,112,101,0.10544379631613388,0,🟢 OK
52,113,100,0.10990012604610222,0,🟢 OK
52,114,99,0.10123867880578807,0,🟢 OK
52,115,98,0.10045588764260655,0,🟢 OK
52,116,97,0.10758484555003434,0,🟢 OK
52,117,96,0.10293595841909892,0,🟢 OK
52,118,95,0.09683535953864758,0,🟢 OK
52,119,94,0.10425822896927983,0,🟢 OK
52,120,93,0.10309687550930019,0,🟢 OK
52,121,92,0.10312231637676844,0,🟢 OK
52,122,91,0.10658474864952855,0,🟢 OK
52,123,90,0.10679765031422389,0,🟢 OK
52,124,89,0.1116124477529597,0,🟢 OK
52,125,88,0.10896419312675765,0,🟢 OK
52,126,87,0.10311804882884879,0,🟢 OK
52,127,86,0.10859276523615002,0,🟢 OK
52,128,85,0.10362159121116421,0,🟢 OK
52,129,84,0.09894995608847967,0,🟢 OK
52,130,83,0.1025803311626513,0,🟢 OK
52,131,82,0.103539009490688,0,🟢 OK
52,132,81,0.09134907194141556,0,🟢 OK
52,133,80,0.09420692439083478,0,🟢 OK
52,134,79,0.08673994889835313,0,🟢 OK
52,135,78,0.0872732456115381,0,🟢 OK
52,136,77,0.08741581193665071,0,🟢 OK
52,137,76,0.08585505069895505,0,🟢 OK
52,138,75,0.08446421790737574,0,🟢 OK
52,139,74,0.08768979201398452,0,🟢 OK
52,140,73,0.07994852264891178,0,🟢 OK
52,141,72,0.07782812389622856,0,🟢 OK
52,142,71,0.08563906945910371,0,🟢 OK
52,143,70,0.08001483687000993,0,🟢 OK
52,144,69,0.06846548972570837,0,🟢 OK
52,145,68,0.07839820088203686,0,🟢 OK
52,146,67,0.07343627934175734,0,🟢 OK
52,147,66,0.08913624169942069,0,🟢 OK
52,148,65,0.07747996114609806,0,🟢 OK
52,149,64,0.07300491643403834,0,🟢 OK
52,150,63,0.0782114419699157,0,🟢 OK
52,151,62,0.08241032673756615,0,🟢 OK
52,152,61,0.08047023800966752,0,🟢 OK
52,153,60,0.07552654364460154,0,🟢 OK
52,154,59,0.053930461857760015,0,🟢 OK
52,155,58,0.04587532255209209,0,🟢 OK
52,156,57,0.05136982296853848,0,🟢 OK
52,157,56,0.04484784204206693,0,🟢 OK
52,158,55,0.04577238910566617,0,🟢 OK
52,159,54,0.03327215293981467,0,🟢 OK
52,160,53,0.03206325553333805,0,🟢 OK
52,161,52,0.03189750446182199,0,🟢 OK
52,162,51,0.024661065554668515,0,🟢 OK
52,163,50,0.019862078209889777,0,🟢 OK
52,164,49,0.022760232002545455,0,🟢 OK
52,165,48,0.026313929419109316,0,🟢 OK
52,166,47,0.033697144158953474,0,🟢 OK
52,167,46,0.03167270892294172,0,🟢 OK
52,168,45,0.016846254523451898,0,🟢 OK
52,169,44,0.023173327299360835,0,🟢 OK
52,170,43,0.023040830689193048,0,🟢 OK
52,171,42,0.02701193385688,0,🟢 OK
52,172,41,0.02594299894900448,0,🟢 OK
52,173,40,0.030206358201265715,0,🟢 OK
52,174,39,0.02585877005010967,0,🟢 OK
52,175,38,0.018100873203298284,0,🟢 OK
52,176,37,0.01023685066016039,0,🟢 OK
52,177,36,-0.0009692624922498227,1,🟢 OK
52,178,35,0.0035898316674780606,0,🟢 OK
52,179,34,-0.003947153976822548,1,🟢 OK
52,180,33,-0.01608806055442813,1,🟢 OK
52,181,32,-0.01375132840531168,1,🟢 OK
52,182,31,-0.012338128378272306,1,🟢 OK
52,183,30,-0.016377999403144106,1,🟢 OK
52,184,29,-0.027017393014367563,1,🟢 OK
52,185,28,-0.024416397124040312,1,🟢 OK
52,186,27,-0.030816634878094384,1,🟢 OK
52,187,26,-0.03381142323081965,1,🟢 OK
52,188,25,-0.03849938739190706,1,🟢 OK
52,189,24,-0.03593526827069837,1,🟢 OK
52,190,23,-0.03591521357959215,1,🟢 OK
52,191,22,-0.02858070323710582,1,🔴 ALERT
52,192,21,-0.03527059261054111,1,🔴 ALERT
52,193,20,-0.04402322719088214,1,🔴 ALERT
52,194,19,-0.04292891040216551,1,🔴 ALERT
52,195,18,-0.048423978931483314,1,🔴 ALERT
52,196,17,-0.04892595095657237,1,🔴 ALERT
52,197,16,-0.04156093142141459,1,🔴 ALERT
52,198,15,-0.03990919874856058,1,🔴 ALERT
52,199,14,-0.040161473254642255,1,🔴 ALERT
52,200,13,-0.03823726973918207,1,🔴 ALERT
52,201,12,-0.04570303253068875,1,🔴 ALERT
52,202,11,-0.04485915501522564,1,🔴 ALERT
52,203,10,-0.03856167008402012,1,🔴 ALERT
52,204,9,-0.04299330876861118,1,🔴 ALERT
52,205,8,-0.030539830297713677,1,🔴 ALERT
52,206,7,-0.03435405940197844,1,🔴 ALERT
52,207,6,-0.037278667020599454,1,🔴 ALERT
52,208,5,-0.04025066334603744,1,🔴 ALERT
52,209,4,-0.036896859413641625,1,🔴 ALERT
52,210,3,-0.03729875485348366,1,🔴 ALERT
52,211,2,-0.032399904313213934,1,🔴 ALERT
52,212,1,-0.038207058514969416,1,🔴 ALERT
52,213,0,-0.041297534075380504,1,🔴 ALERT
53,1,194,0.11825401347087267,0,🟢 OK
53,2,193,0.03537060132786901,0,🟢 OK
53,3,192,0.0798930745431351,0,🟢 OK
53,4,191,0.09482978258922786,0,🟢 OK
53,5,190,0.10828109982632483,0,🟢 OK
53,6,189,0.09403621217355207,0,🟢 OK
53,7,188,0.09787974964615298,0,🟢 OK
53,8,187,0.09274901431717802,0,🟢 OK
53,9,186,0.10058663421418768,0,🟢 OK
53,10,185,0.10086774072038224,0,🟢 OK
53,11,184,0.10140308259801101,0,🟢 OK
53,12,183,0.10775668845334735,0,🟢 OK
53,13,182,0.11043361427359039,0,🟢 OK
53,14,181,0.1084163803402019,0,🟢 OK
53,15,180,0.10527671842239322,0,🟢 OK
53,16,179,0.10011578651581987,0,🟢 OK
53,17,178,0.0942049935693629,0,🟢 OK
53,18,177,0.09931241793957946,0,🟢 OK
53,19,176,0.09731425554792728,0,🟢 OK
53,20,175,0.09798972525996091,0,🟢 OK
53,21,174,0.10415051019750543,0,🟢 OK
53,22,173,0.11773236990429731,0,🟢 OK
53,23,172,0.11767517529169635,0,🟢 OK
53,24,171,0.11815993728611923,0,🟢 OK
53,25,170,0.12080000121009865,0,🟢 OK
53,26,169,0.12228292331050816,0,🟢 OK
53,27,168,0.12760427114677164,0,🟢 OK
53,28,167,0.12317377650090344,0,🟢 OK
53,29,166,0.12491254105267391,0,🟢 OK
53,30,165,0.12066819789568978,0,🟢 OK
53,31,164,0.10036308547216383,0,🟢 OK
53,32,163,0.10470034474154172,0,🟢 OK
53,33,162,0.10670215396419314,0,🟢 OK
53,34,161,0.0945152547910208,0,🟢 OK
53,35,160,0.09517418589879917,0,🟢 OK
53,36,159,0.10058036010945048,0,🟢 OK
53,37,158,0.09151008314134101,0,🟢 OK
53,38,157,0.09338937430465172,0,🟢 OK
53,39,156,0.10156781748522709,0,🟢 OK
53,40,155,0.10320119538080857,0,🟢 OK
53,41,154,0.12308291558002182,0,🟢 OK
53,42,153,0.110416803892114,0,🟢 OK
53,43,152,0.11162710467010734,0,🟢 OK
53,44,151,0.11972358063950672,0,🟢 OK
53,45,150,0.10371195660854687,0,🟢 OK
53,46,149,0.10129311565514487,0,🟢 OK
53,47,148,0.10413491971227212,0,🟢 OK
53,48,147,0.0883664979799802,0,🟢 OK
53,49,146,0.09404156108491324,0,🟢 OK
53,50,145,0.07727493052200052,0,🟢 OK
53,51,144,0.072972893469327,0,🟢 OK
53,52,143,0.09469831594931605,0,🟢 OK
53,53,142,0.08318256767527621,0,🟢 OK
53,54,141,0.08018775877138357,0,🟢 OK
53,55,140,0.08754731745874189,0,🟢 OK
53,56,139,0.08513848329069273,0,🟢 OK
53,57,138,0.08870635278901867,0,🟢 OK
53,58,137,0.1000823440074966,0,🟢 OK
53,59,136,0.09151923621173036,0,🟢 OK
53,60,135,0.10725212294084652,0,🟢 OK
53,61,134,0.1027622632611912,0,🟢 OK
53,62,133,0.10402195802482533,0,🟢 OK
53,63,132,0.10733939736885284,0,🟢 OK
53,64,131,0.1049828493186108,0,🟢 OK
53,65,130,0.11061108284181176,0,🟢 OK
53,66,129,0.1199763066675833,0,🟢 OK
53,67,128,0.11552636724582543,0,🟢 OK
53,68,127,0.10920275469326324,0,🟢 OK
53,69,126,0.10916971964892846,0,🟢 OK
53,70,125,0.11988303337728623,0,🟢 OK
53,71,124,0.12892936701686647,0,🟢 OK
53,72,123,0.13404031628689322,0,🟢 OK
53,73,122,0.12283801274601558,0,🟢 OK
53,74,121,0.11967821930633937,0,🟢 OK
53,75,120,0.12408949522048168,0,🟢 OK
53,76,119,0.12345113719968176,0,🟢 OK
53,77,118,0.12174150844652776,0,🟢 OK
53,78,117,0.11917315757205921,0,🟢 OK
53,79,116,0.11562425992982567,0,🟢 OK
53,80,115,0.11515138875024639,0,🟢 OK
53,81,114,0.11851694383885447,0,🟢 OK
53,82,113,0.1093223917642891,0,🟢 OK
53,83,112,0.10705967120807386,0,🟢 OK
53,84,111,0.1212979664792529,0,🟢 OK
53,85,110,0.12498783331290692,0,🟢 OK
53,86,109,0.12383053779715514,0,🟢 OK
53,87,108,0.11519794844858694,0,🟢 OK
53,88,107,0.11149163723911093,0,🟢 OK
53,89,106,0.11267209724676136,0,🟢 OK
53,90,105,0.10991121530224546,0,🟢 OK
53,91,104,0.10570130542219158,0,🟢 OK
53,92,103,0.10065413568912734,0,🟢 OK
53,93,102,0.0966407084078933,0,🟢 OK
53,94,101,0.09728737038071095,0,🟢 OK
53,95,100,0.10305841072041583,0,🟢 OK
53,96,99,0.11004415544733132,0,🟢 OK
53,97,98,0.11380452390418117,0,🟢 OK
53,98,97,0.12110825638259054,0,🟢 OK
53,99,96,0.12509730319529067,0,🟢 OK
53,100,95,0.1159315480867637,0,🟢 OK
53,101,94,0.12203784613774382,0,🟢 OK
53,102,93,0.12044066640241552,0,🟢 OK
53,103,92,0.11963774977529434,0,🟢 OK
53,104,91,0.12904658265179297,0,🟢 OK
53,105,90,0.1211314177331122,0,🟢 OK
53,106,89,0.12203029265997856,0,🟢 OK
53,107,88,0.11440529599289984,0,🟢 OK
53,108,87,0.10949687162245825,0,🟢 OK
53,109,86,0.1120225484473274,0,🟢 OK
53,110,85,0.12064588060148984,0,🟢 OK
53,111,84,0.12162684595386175,0,🟢 OK
53,112,83,0.11416616681367525,0,🟢 OK
53,113,82,0.11718474370995724,0,🟢 OK
53,114,81,0.11365096308926242,0,🟢 OK
53,115,80,0.11357852350188957,0,🟢 OK
53,116,79,0.10840673113009874,0,🟢 OK
53,117,78,0.10704335805528986,0,🟢 OK
53,118,77,0.11566573581388762,0,🟢 OK
53,119,76,0.10202291254282625,0,🟢 OK
53,120,75,0.10686108569153252,0,🟢 OK
53,121,74,0.09920077554229734,0,🟢 OK
53,122,73,0.11198838863916039,0,🟢 OK
53,123,72,0.11136434370846493,0,🟢 OK
53,124,71,0.10695505007905748,0,🟢 OK
53,125,70,0.10636127196483697,0,🟢 OK
53,126,69,0.11219393875616074,0,🟢 OK
53,127,68,0.11750543698564409,0,🟢 OK
53,128,67,0.11218402517700848,0,🟢 OK
53,129,66,0.11181136951777026,0,🟢 OK
53,130,65,0.10952473699772308,0,🟢 OK
53,131,64,0.10870715212524906,0,🟢 OK
53,132,63,0.08229886890218413,0,🟢 OK
53,133,62,0.10149592097678989,0,🟢 OK
53,134,61,0.09327685130939839,0,🟢 OK
53,135,60,0.09401100084959674,0,🟢 OK
53,136,59,0.09119480304255712,0,🟢 OK
53,137,58,0.09124798830806546,0,🟢 OK
53,138,57,0.09277440348409838,0,🟢 OK
53,139,56,0.0945537833209168,0,🟢 OK
53,140,55,0.09034527689945565,0,🟢 OK
53,141,54,0.08911288981977611,0,🟢 OK
53,142,53,0.08240985354648728,0,🟢 OK
53,143,52,0.06421745738706697,0,🟢 OK
53,144,51,0.07628053231750326,0,🟢 OK
53,145,50,0.083836021588852,0,🟢 OK
53,146,49,0.08251262219325495,0,🟢 OK
53,147,48,0.08015197007144198,0,🟢 OK
53,148,47,0.058001607248991005,0,🟢 OK
53,149,46,0.05033184621738401,0,🟢 OK
53,150,45,0.04221988872889404,0,🟢 OK
53,151,44,0.04113341617295391,0,🟢 OK
53,152,43,0.04803505217202969,0,🟢 OK
53,153,42,0.05086066756622776,0,🟢 OK
53,154,41,0.05541216566234458,0,🟢 OK
53,155,40,0.04853003312407733,0,🟢 OK
53,156,39,0.0493211864834725,0,🟢 OK
53,157,38,0.054051171516180885,0,🟢 OK
53,158,37,0.05280428079031885,0,🟢 OK
53,159,36,0.0600328129107916,0,🟢 OK
53,160,35,0.05309008206942073,0,🟢 OK
53,161,34,0.05262012685892303,0,🟢 OK
53,162,33,0.0422125628921427,0,🟢 OK
53,163,32,0.031253125781020574,0,🟢 OK
53,164,31,0.022905526276704502,0,🟢 OK
53,165,30,0.03182972016825575,0,🟢 OK
53,166,29,0.02898913462092828,0,🟢 OK
53,167,28,0.027005018868074326,0,🟢 OK
53,168,27,0.014427083912702032,0,🟢 OK
53,169,26,0.01087688870676573,0,🟢 OK
53,170,25,-0.00326026821846237,1,🟢 OK
53,171,24,-0.012031614038342187,1,🟢 OK
53,172,23,-0.0066444132742612405,1,🟢 OK
53,173,22,-0.018420735841777836,1,🟢 OK
53,174,21,-0.017654598132566868,1,🟢 OK
53,175,20,-0.02085276080820997,1,🟢 OK
53,176,19,-0.02227712931925352,1,🟢 OK
53,177,18,-0.007609227455636858,1,🟢 OK
53,178,17,0.0037688040656758126,0,🟢 OK
53,179,16,0.0011498605978238485,0,🟢 OK
53,180,15,0.0010491970766320913,0,🟢 OK
53,181,14,-0.01842635979192775,1,🟢 OK
53,182,13,-0.017336830703985395,1,🔴 ALERT
53,183,12,-0.03154894657002638,1,🔴 ALERT
53,184,11,-0.03270098426625667,1,🔴 ALERT
53,185,10,-0.02386654793841747,1,🔴 ALERT
53,186,9,-0.0325706095599142,1,🔴 ALERT
53,187,8,-0.034272214794322076,1,🔴 ALERT
53,188,7,-0.03588591556284104,1,🔴 ALERT
53,189,6,-0.04502485766874198,1,🔴 ALERT
53,190,5,-0.03786863609191049,1,🔴 ALERT
53,191,4,-0.05014880530984178,1,🔴 ALERT
53,192,3,-0.036678997240684796,1,🔴 ALERT
53,193,2,-0.06253197668622268,1,🔴 ALERT
53,194,1,-0.06570809264840771,1,🔴 ALERT
53,195,0,-0.05311361601637821,1,🔴 ALERT
54,1,256,0.08072860689540745,0,🟢 OK
54,2,255,0.016102216978600425,0,🟢 OK
54,3,254,0.05383155861939759,0,🟢 OK
54,4,253,0.05993564461704265,0,🟢 OK
54,5,252,0.04567518345929239,0,🟢 OK
54,6,251,0.041732717705312394,0,🟢 OK
54,7,250,0.035799159207489994,0,🟢 OK
54,8,249,0.054724720397729576,0,🟢 OK
54,9,248,0.05574258594179482,0,🟢 OK
54,10,247,0.07131164567037479,0,🟢 OK
54,11,246,0.07362469306990538,0,🟢 OK
54,12,245,0.07125457935604929,0,🟢 OK
54,13,244,0.07565504429943981,0,🟢 OK
54,14,243,0.06952543450208776,0,🟢 OK
54,15,242,0.08196115661386966,0,🟢 OK
54,16,241,0.07940191377079614,0,🟢 OK
54,17,240,0.07309885189623833,0,🟢 OK
54,18,239,0.07728686362897064,0,🟢 OK
54,19,238,0.05560727722725378,0,🟢 OK
54,20,237,0.07061060489521598,0,🟢 OK
54,21,236,0.06494927306087095,0,🟢 OK
54,22,235,0.06346534377954516,0,🟢 OK
54,23,234,0.057778298017582386,0,🟢 OK
54,24,233,0.06080900372932607,0,🟢 OK
54,25,232,0.059159399061463946,0,🟢 OK
54,26,231,0.069211468158003,0,🟢 OK
54,27,230,0.06782223656593744,0,🟢 OK
54,28,229,0.06718301978091168,0,🟢 OK
54,29,228,0.07088696948081935,0,🟢 OK
54,30,227,0.06783294837589049,0,🟢 OK
54,31,226,0.0711079139999587,0,🟢 OK
54,32,225,0.07839061424005667,0,🟢 OK
54,33,224,0.0698884857268876,0,🟢 OK
54,34,223,0.08107162936715773,0,🟢 OK
54,35,222,0.059252559732545285,0,🟢 OK
54,36,221,0.06971412881842687,0,🟢 OK
54,37,220,0.06436686171266481,0,🟢 OK
54,38,219,0.06780348003144021,0,🟢 OK
54,39,218,0.05423647907502427,0,🟢 OK
54,40,217,0.0508986192975624,0,🟢 OK
54,41,216,0.038372371296467256,0,🟢 OK
54,42,215,0.03672784417021674,0,🟢 OK
54,43,214,0.051058300866025086,0,🟢 OK
54,44,213,0.05493346491824641,0,🟢 OK
54,45,212,0.04730817832572731,0,🟢 OK
54,46,211,0.04924823576715265,0,🟢 OK
54,47,210,0.04496059407400327,0,🟢 OK
54,48,209,0.07036316790891628,0,🟢 OK
54,49,208,0.07556270831009071,0,🟢 OK
54,50,207,0.0684293510473295,0,🟢 OK
54,51,206,0.07215489296708805,0,🟢 OK
54,52,205,0.06800719221379764,0,🟢 OK
54,53,204,0.0717278960939019,0,🟢 OK
54,54,203,0.06874549967333171,0,🟢 OK
54,55,202,0.08331949340799172,0,🟢 OK
54,56,201,0.08540766623799007,0,🟢 OK
54,57,200,0.08451790428847533,0,🟢 OK
54,58,199,0.08317225863990668,0,🟢 OK
54,59,198,0.08243984707888058,0,🟢 OK
54,60,197,0.07311284076374414,0,🟢 OK
54,61,196,0.06857741748651164,0,🟢 OK
54,62,195,0.06043156570738756,0,🟢 OK
54,63,194,0.051612784469708795,0,🟢 OK
54,64,193,0.05575505214705029,0,🟢 OK
54,65,192,0.03632269378728292,0,🟢 OK
54,66,191,0.0368354858685106,0,🟢 OK
54,67,190,0.04446139373195379,0,🟢 OK
54,68,189,0.04730779026626197,0,🟢 OK
54,69,188,0.05112878045691066,0,🟢 OK
54,70,187,0.05508153648309122,0,🟢 OK
54,71,186,0.0772709502585876,0,🟢 OK
54,72,185,0.0791398743190761,0,🟢 OK
54,73,184,0.08231472612700519,0,🟢 OK
54,74,183,0.06765893452982469,0,🟢 OK
54,75,182,0.07078656682169088,0,🟢 OK
54,76,181,0.06922200260590461,0,🟢 OK
54,77,180,0.0614539723553692,0,🟢 OK
54,78,179,0.06412208962634869,0,🟢 OK
54,79,178,0.07164105057235864,0,🟢 OK
54,80,177,0.07658437641024829,0,🟢 OK
54,81,176,0.0658047546281818,0,🟢 OK
54,82,175,0.0676693704562703,0,🟢 OK
54,83,174,0.04527118742654729,0,🟢 OK
54,84,173,0.07376184816327341,0,🟢 OK
54,85,172,0.08290304498551404,0,🟢 OK
54,86,171,0.07176422266397109,0,🟢 OK
54,87,170,0.07065912504018318,0,🟢 OK
54,88,169,0.07374543121082022,0,🟢 OK
54,89,168,0.07809539849049013,0,🟢 OK
54,90,167,0.06213981270566554,0,🟢 OK
54,91,166,0.06434040302377075,0,🟢 OK
54,92,165,0.06111157545860474,0,🟢 OK
54,93,164,0.07483812775365706,0,🟢 OK
54,94,163,0.07352926955529715,0,🟢 OK
54,95,162,0.07771776362600424,0,🟢 OK
54,96,161,0.0792066427962495,0,🟢 OK
54,97,160,0.07612971037764427,0,🟢 OK
54,98,159,0.07315946610040414,0,🟢 OK
54,99,158,0.08188668775520119,0,🟢 OK
54,100,157,0.09786153540861003,0,🟢 OK
54,101,156,0.09762210850757963,0,🟢 OK
54,102,155,0.10627149563642607,0,🟢 OK
54,103,154,0.10316708878832048,0,🟢 OK
54,104,153,0.10369265126642219,0,🟢 OK
54,105,152,0.09568194133439728,0,🟢 OK
54,106,151,0.09716781487111709,0,🟢 OK
54,107,150,0.09917604168737931,0,🟢 OK
54,108,149,0.09909788349290588,0,🟢 OK
54,109,148,0.09935202989400571,0,🟢 OK
54,110,147,0.08723865900395361,0,🟢 OK
54,111,146,0.0967828238495051,0,🟢 OK
54,112,145,0.08928338021035415,0,🟢 OK
54,113,144,0.089176368952473,0,🟢 OK
54,114,143,0.09254327040643195,0,🟢 OK
54,115,142,0.08642352652756452,0,🟢 OK
54,116,141,0.08367035501295789,0,🟢 OK
54,117,140,0.08523633806246383,0,🟢 OK
54,118,139,0.08911972935636125,0,🟢 OK
54,119,138,0.08238502128541886,0,🟢 OK
54,120,137,0.08716573645165782,0,🟢 OK
54,121,136,0.08534528034670946,0,🟢 OK
54,122,135,0.08406563277876389,0,🟢 OK
54,123,134,0.08882443252335842,0,🟢 OK
54,124,133,0.10172828820711483,0,🟢 OK
54,125,132,0.09763861049600658,0,🟢 OK
54,126,131,0.09045172304176702,0,🟢 OK
54,127,130,0.10033286288894705,0,🟢 OK
54,128,129,0.09220386975599781,0,🟢 OK
54,129,128,0.09693910915291665,0,🟢 OK
54,130,127,0.09906776079796298,0,🟢 OK
54,131,126,0.09469654330500649,0,🟢 OK
54,132,125,0.09100030411830112,0,🟢 OK
54,133,124,0.09712339515115798,0,🟢 OK
54,134,123,0.0997130599116991,0,🟢 OK
54,135,122,0.08152104724990972,0,🟢 OK
54,136,121,0.0830474404831506,0,🟢 OK
54,137,120,0.08038177049112133,0,🟢 OK
54,138,119,0.0935726643188795,0,🟢 OK
54,139,118,0.08671990466090373,0,🟢 OK
54,140,117,0.10015368353989695,0,🟢 OK
54,141,116,0.09323226170663207,0,🟢 OK
54,142,115,0.09170664173217019,0,🟢 OK
54,143,114,0.0935583123979799,0,🟢 OK
54,144,113,0.10343331904578446,0,🟢 OK
54,145,112,0.11135851347438935,0,🟢 OK
54,146,111,0.11433223103717505,0,🟢 OK
54,147,110,0.11553622111724376,0,🟢 OK
54,148,109,0.11377911277924874,0,🟢 OK
54,149,108,0.10682440592102627,0,🟢 OK
54,150,107,0.08946557177099063,0,🟢 OK
54,151,106,0.08423398832297257,0,🟢 OK
54,152,105,0.08568308220053161,0,🟢 OK
54,153,104,0.08823509929473611,0,🟢 OK
54,154,103,0.07682502295573862,0,🟢 OK
54,155,102,0.07424802905730654,0,🟢 OK
54,156,101,0.0694588026634031,0,🟢 OK
54,157,100,0.07116765632012462,0,🟢 OK
54,158,99,0.06523478403444205,0,🟢 OK
54,159,98,0.07488872609214642,0,🟢 OK
54,160,97,0.08348428542466246,0,🟢 OK
54,161,96,0.09175443939097783,0,🟢 OK
54,162,95,0.09148374771463647,0,🟢 OK
54,163,94,0.07902434859590507,0,🟢 OK
54,164,93,0.06962762032356146,0,🟢 OK
54,165,92,0.08009359963486284,0,🟢 OK
54,166,91,0.0710943215637459,0,🟢 OK
54,167,90,0.08306959756074578,0,🟢 OK
54,168,89,0.07606450322363306,0,🟢 OK
54,169,88,0.06247252732327335,0,🟢 OK
54,170,87,0.059969417712082584,0,🟢 OK
54,171,86,0.07574557226081596,0,🟢 OK
54,172,85,0.08203115203117378,0,🟢 OK
54,173,84,0.07378632712347166,0,🟢 OK
54,174,83,0.07782656182114284,0,🟢 OK
54,175,82,0.07051270188653597,0,🟢 OK
54,176,81,0.06820374400557644,0,🟢 OK
54,177,80,0.07371709629653556,0,🟢 OK
54,178,79,0.08908995686185783,0,🟢 OK
54,179,78,0.08933630753773664,0,🟢 OK
54,180,77,0.0825120345408713,0,🟢 OK
54,181,76,0.06777270629034826,0,🟢 OK
54,182,75,0.0733604787359588,0,🟢 OK
54,183,74,0.06668514583179203,0,🟢 OK
54,184,73,0.06721116195426091,0,🟢 OK
54,185,72,0.05914224626435094,0,🟢 OK
54,186,71,0.06887026565087279,0,🟢 OK
54,187,70,0.06347607869175226,0,🟢 OK
54,188,69,0.0690550836958101,0,🟢 OK
54,189,68,0.06950030257906331,0,🟢 OK
54,190,67,0.09327833828311455,0,🟢 OK
54,191,66,0.09738950750444647,0,🟢 OK
54,192,65,0.0964317156039915,0,🟢 OK
54,193,64,0.0906324862991365,0,🟢 OK
54,194,63,0.08232764711946372,0,🟢 OK
54,195,62,0.08685742222013643,0,🟢 OK
54,196,61,0.09327282159882294,0,🟢 OK
54,197,60,0.09784386715677773,0,🟢 OK
54,198,59,0.09898289001239774,0,🟢 OK
54,199,58,0.09118773659131646,0,🟢 OK
54,200,57,0.08972566680702837,0,🟢 OK
54,201,56,0.0922232341569511,0,🟢 OK
54,202,55,0.08668704677420053,0,🟢 OK
54,203,54,0.08005891057661974,0,🟢 OK
54,204,53,0.06799990348212193,0,🟢 OK
54,205,52,0.07480048231339298,0,🟢 OK
54,206,51,0.06545059122749552,0,🟢 OK
54,207,50,0.08077013732224397,0,🟢 OK
54,208,49,0.0818338994781509,0,🟢 OK
54,209,48,0.08721940261995859,0,🟢 OK
54,210,47,0.07127266432813245,0,🟢 OK
54,211,46,0.07449917367430203,0,🟢 OK
54,212,45,0.07297722531455636,0,🟢 OK
54,213,44,0.06992071268296535,0,🟢 OK
54,214,43,0.07202354849894782,0,🟢 OK
54,215,42,0.06353543736346717,0,🟢 OK
54,216,41,0.06508419499738555,0,🟢 OK
54,217,40,0.053866744478200335,0,🟢 OK
54,218,39,0.05800450129662049,0,🟢 OK
54,219,38,0.06761026347723059,0,🟢 OK
54,220,37,0.05427775248081118,0,🟢 OK
54,221,36,0.039236652995203625,0,🟢 OK
54,222,35,0.026195971101395432,0,🟢 OK
54,223,34,0.026479423733092255,0,🟢 OK
54,224,33,0.028593852206698134,0,🟢 OK
54,225,32,0.030627120261383645,0,🟢 OK
54,226,31,0.019714209256572635,0,🟢 OK
54,227,30,0.04279560577737057,0,🟢 OK
54,228,29,0.04801688711094798,0,🟢 OK
54,229,28,0.048572855451435804,0,🟢 OK
54,230,27,0.03120515559879128,0,🟢 OK
54,231,26,0.03136558966274483,0,🟢 OK
54,232,25,0.03776040181794421,0,🟢 OK
54,233,24,0.03764403061738891,0,🟢 OK
54,234,23,0.012460137185243692,0,🟢 OK
54,235,22,0.004332185344773198,0,🟢 OK
54,236,21,-0.004512450928837786,1,🟢 OK
54,237,20,-0.003329667095099187,1,🟢 OK
54,238,19,-0.015676726838823818,1,🟢 OK
54,239,18,-0.006551220792311074,1,🟢 OK
54,240,17,-0.005229170935621252,1,🟢 OK
54,241,16,0.0025717814014896145,0,🟢 OK
54,242,15,-0.006885983995861156,1,🟢 OK
54,243,14,-0.013216151533814613,1,🟢 OK
54,244,13,0.004257132339705039,0,🟢 OK
54,245,12,-0.009007291494437575,1,🟢 OK
54,246,11,-0.025654014845459816,1,🟢 OK
54,247,10,-0.021375595092557487,1,🟢 OK
54,248,9,-0.034953384758326655,1,🟢 OK
54,249,8,-0.029138683132852172,1,🟢 OK
54,250,7,-0.023359478731329375,1,🟢 OK
54,251,6,-0.02264909489578626,1,🟢 OK
54,252,5,-0.021478913534106914,1,🔴 ALERT
54,253,4,-0.026540784672408613,1,🔴 ALERT
54,254,3,-0.032495062063733426,1,🔴 ALERT
54,255,2,-0.035540205279093406,1,🔴 ALERT
54,256,1,-0.029897528925981187,1,🔴 ALERT
54,257,0,-0.03540748583122233,1,🔴 ALERT
55,1,192,0.10138044159745291,0,🟢 OK
55,2,191,0.0767201936296184,0,🟢 OK
55,3,190,0.053045470098090575,0,🟢 OK
55,4,189,0.05564478666305639,0,🟢 OK
55,5,188,0.07423320258727334,0,🟢 OK
55,6,187,0.08336035278089066,0,🟢 OK
55,7,186,0.08644130027829877,0,🟢 OK
55,8,185,0.08782806240740282,0,🟢 OK
55,9,184,0.09665832456909779,0,🟢 OK
55,10,183,0.10138772314641215,0,🟢 OK
55,11,182,0.10101688357662009,0,🟢 OK
55,12,181,0.11716560234374906,0,🟢 OK
55,13,180,0.11982123095402147,0,🟢 OK
55,14,179,0.11206061619903801,0,🟢 OK
55,15,178,0.11635559605167262,0,🟢 OK
55,16,177,0.11176833261097013,0,🟢 OK
55,17,176,0.1270451645003205,0,🟢 OK
55,18,175,0.12506991361712655,0,🟢 OK
55,19,174,0.12875453882995358,0,🟢 OK
55,20,173,0.12855459055853363,0,🟢 OK
55,21,172,0.12772135967506548,0,🟢 OK
55,22,171,0.1237438580246557,0,🟢 OK
55,23,170,0.12938469925667467,0,🟢 OK
55,24,169,0.12741351767102033,0,🟢 OK
55,25,168,0.12739206488004617,0,🟢 OK
55,26,167,0.13042930456733515,0,🟢 OK
55,27,166,0.12895357332069918,0,🟢 OK
55,28,165,0.12740206044607244,0,🟢 OK
55,29,164,0.1282800411701387,0,🟢 OK
55,30,163,0.12583298388752673,0,🟢 OK
55,31,162,0.11326030910249707,0,🟢 OK
55,32,161,0.11316192423677507,0,🟢 OK
55,33,160,0.11694935776969517,0,🟢 OK
55,34,159,0.1151486306240404,0,🟢 OK
55,35,158,0.10726434683689684,0,🟢 OK
55,36,157,0.1225698033256662,0,🟢 OK
55,37,156,0.12403015583265686,0,🟢 OK
55,38,155,0.12598265734416686,0,🟢 OK
55,39,154,0.12279960373204613,0,🟢 OK
55,40,153,0.11714838198876054,0,🟢 OK
55,41,152,0.1176816874311723,0,🟢 OK
55,42,151,0.12545186209479076,0,🟢 OK
55,43,150,0.12229824634596065,0,🟢 OK
55,44,149,0.12418188919717327,0,🟢 OK
55,45,148,0.11289604521799618,0,🟢 OK
55,46,147,0.12260818847288352,0,🟢 OK
55,47,146,0.12465837324706153,0,🟢 OK
55,48,145,0.11786197116944269,0,🟢 OK
55,49,144,0.11775394833300701,0,🟢 OK
55,50,143,0.11651438961620753,0,🟢 OK
55,51,142,0.10854618275941735,0,🟢 OK
55,52,141,0.10302639008958525,0,🟢 OK
55,53,140,0.11465892649748005,0,🟢 OK
55,54,139,0.10501991955228968,0,🟢 OK
55,55,138,0.10863865379757048,0,🟢 OK
55,56,137,0.10719216084877348,0,🟢 OK
55,57,136,0.10485500881746385,0,🟢 OK
55,58,135,0.12766486739430966,0,🟢 OK
55,59,134,0.12138017669514001,0,🟢 OK
55,60,133,0.11351035218680278,0,🟢 OK
55,61,132,0.11467257146977194,0,🟢 OK
55,62,131,0.1156103744711584,0,🟢 OK
55,63,130,0.11510116927483277,0,🟢 OK
55,64,129,0.1202670444574106,0,🟢 OK
55,65,128,0.12548359902321055,0,🟢 OK
55,66,127,0.12272903928653117,0,🟢 OK
55,67,126,0.1168455658211825,0,🟢 OK
55,68,125,0.1144230227346672,0,🟢 OK
55,69,124,0.11542294103931683,0,🟢 OK
55,70,123,0.11551152907834045,0,🟢 OK
55,71,122,0.10178351080455939,0,🟢 OK
55,72,121,0.1048672993162843,0,🟢 OK
55,73,120,0.12514188464487108,0,🟢 OK
55,74,119,0.11987544371981568,0,🟢 OK
55,75,118,0.11933446399975439,0,🟢 OK
55,76,117,0.12577713108109356,0,🟢 OK
55,77,116,0.12473381306083986,0,🟢 OK
55,78,115,0.12133900472834941,0,🟢 OK
55,79,114,0.11676482153625262,0,🟢 OK
55,80,113,0.11976966197123778,0,🟢 OK
55,81,112,0.11768172473778488,0,🟢 OK
55,82,111,0.11037631632623945,0,🟢 OK
55,83,110,0.10685816289923705,0,🟢 OK
55,84,109,0.11409704000071302,0,🟢 OK
55,85,108,0.13018259475567706,0,🟢 OK
55,86,107,0.12630185116608372,0,🟢 OK
55,87,106,0.10724526129064638,0,🟢 OK
55,88,105,0.10486200465870743,0,🟢 OK
55,89,104,0.11731430637341772,0,🟢 OK
55,90,103,0.1037612718772008,0,🟢 OK
55,91,102,0.10935069291631938,0,🟢 OK
55,92,101,0.10533740130748548,0,🟢 OK
55,93,100,0.10280637800288411,0,🟢 OK
55,94,99,0.11115070171170233,0,🟢 OK
55,95,98,0.11526424620540271,0,🟢 OK
55,96,97,0.11172511180085176,0,🟢 OK
55,97,96,0.12260952973790157,0,🟢 OK
55,98,95,0.12624512263224164,0,🟢 OK
55,99,94,0.12431969870105003,0,🟢 OK
55,100,93,0.12918903971946089,0,🟢 OK
55,101,92,0.12375410255407465,0,🟢 OK
55,102,91,0.12207301921664754,0,🟢 OK
55,103,90,0.1186002155837535,0,🟢 OK
55,104,89,0.12339369356295754,0,🟢 OK
55,105,88,0.11982140325627105,0,🟢 OK
55,106,87,0.1201342676555413,0,🟢 OK
55,107,86,0.11129394189085551,0,🟢 OK
55,108,85,0.108828251873274,0,🟢 OK
55,109,84,0.10857051492954728,0,🟢 OK
55,110,83,0.11085957587374556,0,🟢 OK
55,111,82,0.11707871178428919,0,🟢 OK
55,112,81,0.11861004520642865,0,🟢 OK
55,113,80,0.10930165035619965,0,🟢 OK
55,114,79,0.11894602636687562,0,🟢 OK
55,115,78,0.11675982380722189,0,🟢 OK
55,116,77,0.11508448161010254,0,🟢 OK
55,117,76,0.12137051793020337,0,🟢 OK
55,118,75,0.12341846313541216,0,🟢 OK
55,119,74,0.11562376119244078,0,🟢 OK
55,120,73,0.12078779998034939,0,🟢 OK
55,121,72,0.11409879874843415,0,🟢 OK
55,122,71,0.11581916563489542,0,🟢 OK
55,123,70,0.10811232973998897,0,🟢 OK
55,124,69,0.10497257871015908,0,🟢 OK
55,125,68,0.1086164162100825,0,🟢 OK
55,126,67,0.11207605278509813,0,🟢 OK
55,127,66,0.11096378539159762,0,🟢 OK
55,128,65,0.10947498408587036,0,🟢 OK
55,129,64,0.10478069929497158,0,🟢 OK
55,130,63,0.09798788782112217,0,🟢 OK
55,131,62,0.09549389371859668,0,🟢 OK
55,132,61,0.08597824800045217,0,🟢 OK
55,133,60,0.09712446331058727,0,🟢 OK
55,134,59,0.08455157299121585,0,🟢 OK
55,135,58,0.08120951280107547,0,🟢 OK
55,136,57,0.07320749088359557,0,🟢 OK
55,137,56,0.07272443023216602,0,🟢 OK
55,138,55,0.07549763632044337,0,🟢 OK
55,139,54,0.07971432736784095,0,🟢 OK
55,140,53,0.08266942772190927,0,🟢 OK
55,141,52,0.08966914384763242,0,🟢 OK
55,142,51,0.08636065500472295,0,🟢 OK
55,143,50,0.0899235619985479,0,🟢 OK
55,144,49,0.09939576447771387,0,🟢 OK
55,145,48,0.09609399492222015,0,🟢 OK
55,146,47,0.0941412398072588,0,🟢 OK
55,147,46,0.07755193689922507,0,🟢 OK
55,148,45,0.0642889310902498,0,🟢 OK
55,149,44,0.07609469011242115,0,🟢 OK
55,150,43,0.06943929409391797,0,🟢 OK
55,151,42,0.06702915944514631,0,🟢 OK
55,152,41,0.062218191074013496,0,🟢 OK
55,153,40,0.05506456528734999,0,🟢 OK
55,154,39,0.037157219761361104,0,🟢 OK
55,155,38,0.03752877505526764,0,🟢 OK
55,156,37,0.030887280921083393,0,🟢 OK
55,157,36,0.03703571126955513,0,🟢 OK
55,158,35,0.029626640663359183,0,🟢 OK
55,159,34,0.03057231304839536,0,🟢 OK
55,160,33,0.03928187002944328,0,🟢 OK
55,161,32,0.045879199841246054,0,🟢 OK
55,162,31,0.038893969467031275,0,🟢 OK
55,163,30,0.05657642511156874,0,🟢 OK
55,164,29,0.049985946281789095,0,🟢 OK
55,165,28,0.04622016369699883,0,🟢 OK
55,166,27,0.03745444196957348,0,🟢 OK
55,167,26,0.035748700958850244,0,🟢 OK
55,168,25,0.017099035283217656,0,🟢 OK
55,169,24,0.013233256102510138,0,🟢 OK
55,170,23,0.007708917365950918,0,🟢 OK
55,171,22,-0.001003824044461754,1,🟢 OK
55,172,21,-0.00840203768086678,1,🟢 OK
55,173,20,0.004097227144494342,0,🟢 OK
55,174,19,-0.0027680771129424686,1,🟢 OK
55,175,18,0.0025486437239972126,0,🟢 OK
55,176,17,-0.015282422090982961,1,🟢 OK
55,177,16,-0.01724407716507792,1,🟢 OK
55,178,15,-0.015356782389152945,1,🟢 OK
55,179,14,-0.032595864453459744,1,🟢 OK
55,180,13,-0.039884987087644874,1,🟢 OK
55,181,12,-0.04006134528769856,1,🟢 OK
55,182,11,-0.03662498372716816,1,🟢 OK
55,183,10,-0.04169562658407855,1,🟢 OK
55,184,9,-0.036992996972156855,1,🟢 OK
55,185,8,-0.03714499676470451,1,🟢 OK
55,186,7,-0.038944335458572565,1,🔴 ALERT
55,187,6,-0.04091476555323459,1,🔴 ALERT
55,188,5,-0.048129725782953936,1,🔴 ALERT
55,189,4,-0.0649706085332501,1,🔴 ALERT
55,190,3,-0.06938920270357762,1,🔴 ALERT
55,191,2,-0.07419930229519878,1,🔴 ALERT
55,192,1,-0.08752058305230292,1,🔴 ALERT
55,193,0,-0.09019320144621779,1,🔴 ALERT
56,1,274,0.1262729521826062,0,🟢 OK
56,2,273,0.029752567180203082,0,🟢 OK
56,3,272,0.040943215475368666,0,🟢 OK
56,4,271,0.06299838062254792,0,🟢 OK
56,5,270,0.069795880165343,0,🟢 OK
56,6,269,0.09187019247262651,0,🟢 OK
56,7,268,0.09656785304237664,0,🟢 OK
56,8,267,0.1017248746586577,0,🟢 OK
56,9,266,0.11385962218310886,0,🟢 OK
56,10,265,0.114346350456975,0,🟢 OK
56,11,264,0.10546743252733393,0,🟢 OK
56,12,263,0.10354169655283152,0,🟢 OK
56,13,262,0.11069365222828054,0,🟢 OK
56,14,261,0.10537711511016773,0,🟢 OK
56,15,260,0.10791133603297282,0,🟢 OK
56,16,259,0.11323096614624445,0,🟢 OK
56,17,258,0.11570026889633994,0,🟢 OK
56,18,257,0.12213331830321,0,🟢 OK
56,19,256,0.12321870173782584,0,🟢 OK
56,20,255,0.12297091268691374,0,🟢 OK
56,21,254,0.11953187127376241,0,🟢 OK
56,22,253,0.12170722492813629,0,🟢 OK
56,23,252,0.11081520049873378,0,🟢 OK
56,24,251,0.10150477459714718,0,🟢 OK
56,25,250,0.10322726939609778,0,🟢 OK
56,26,249,0.10639225136385194,0,🟢 OK
56,27,248,0.08224262556644546,0,🟢 OK
56,28,247,0.0998991059085853,0,🟢 OK
56,29,246,0.10357483075573959,0,🟢 OK
56,30,245,0.10536249762858052,0,🟢 OK
56,31,244,0.09836014841707025,0,🟢 OK
56,32,243,0.11275443763360293,0,🟢 OK
56,33,242,0.10558626989274489,0,🟢 OK
56,34,241,0.10760754523253768,0,🟢 OK
56,35,240,0.10346931559669836,0,🟢 OK
56,36,239,0.1114762052787509,0,🟢 OK
56,37,238,0.1105883943169485,0,🟢 OK
56,38,237,0.10644185873309048,0,🟢 OK
56,39,236,0.10615011979167394,0,🟢 OK
56,40,235,0.10089146049770953,0,🟢 OK
56,41,234,0.10357659036946165,0,🟢 OK
56,42,233,0.10970562396817046,0,🟢 OK
56,43,232,0.11891175782406022,0,🟢 OK
56,44,231,0.12396298535412348,0,🟢 OK
56,45,230,0.11425065889439728,0,🟢 OK
56,46,229,0.11474124791995594,0,🟢 OK
56,47,228,0.12099181528194636,0,🟢 OK
56,48,227,0.1136725964128385,0,🟢 OK
56,49,226,0.1204890522750261,0,🟢 OK
56,50,225,0.11804455938389241,0,🟢 OK
56,51,224,0.11654058968052278,0,🟢 OK
56,52,223,0.11986381986831612,0,🟢 OK
56,53,222,0.11377191236494949,0,🟢 OK
56,54,221,0.11139635102575735,0,🟢 OK
56,55,220,0.11702177007156722,0,🟢 OK
56,56,219,0.10936189552628595,0,🟢 OK
56,57,218,0.10161805384994815,0,🟢 OK
56,58,217,0.09918747288849883,0,🟢 OK
56,59,216,0.10765527426801974,0,🟢 OK
56,60,215,0.11200911891493048,0,🟢 OK
56,61,214,0.10797317102074272,0,🟢 OK
56,62,213,0.10872410700742818,0,🟢 OK
56,63,212,0.09813612512777253,0,🟢 OK
56,64,211,0.09980044427272722,0,🟢 OK
56,65,210,0.10424197282890629,0,🟢 OK
56,66,209,0.10604320734611644,0,🟢 OK
56,67,208,0.11260607334786932,0,🟢 OK
56,68,207,0.1125257270368819,0,🟢 OK
56,69,206,0.11385439834319311,0,🟢 OK
56,70,205,0.10614779856484008,0,🟢 OK
56,71,204,0.1045087854754228,0,🟢 OK
56,72,203,0.10793953425885594,0,🟢 OK
56,73,202,0.098987454536683,0,🟢 OK
56,74,201,0.09979096642212176,0,🟢 OK
56,75,200,0.10413158479478635,0,🟢 OK
56,76,199,0.10876157208350279,0,🟢 OK
56,77,198,0.10715114153024818,0,🟢 OK
56,78,197,0.11215143738028466,0,🟢 OK
56,79,196,0.11051732891045501,0,🟢 OK
56,80,195,0.1077952808982916,0,🟢 OK
56,81,194,0.10046989412635565,0,🟢 OK
56,82,193,0.1012235125383697,0,🟢 OK
56,83,192,0.09334420986692604,0,🟢 OK
56,84,191,0.09613135117894855,0,🟢 OK
56,85,190,0.09573813661976749,0,🟢 OK
56,86,189,0.08427295364687992,0,🟢 OK
56,87,188,0.09715723905290885,0,🟢 OK
56,88,187,0.09189610061567,0,🟢 OK
56,89,186,0.10137200143338793,0,🟢 OK
56,90,185,0.10567044123757485,0,🟢 OK
56,91,184,0.11171091887784534,0,🟢 OK
56,92,183,0.12296449118349329,0,🟢 OK
56,93,182,0.12524832859191398,0,🟢 OK
56,94,181,0.12052638714245933,0,🟢 OK
56,95,180,0.11893053260274339,0,🟢 OK
56,96,179,0.09687088376755199,0,🟢 OK
56,97,178,0.09843450625939604,0,🟢 OK
56,98,177,0.11168128963970397,0,🟢 OK
56,99,176,0.09465328475837936,0,🟢 OK
56,100,175,0.08694480641438668,0,🟢 OK
56,101,174,0.08786405131707836,0,🟢 OK
56,102,173,0.10240819138660617,0,🟢 OK
56,103,172,0.10219117786250914,0,🟢 OK
56,104,171,0.09069727978333286,0,🟢 OK
56,105,170,0.08787131297885065,0,🟢 OK
56,106,169,0.08888672757063382,0,🟢 OK
56,107,168,0.10313839803657665,0,🟢 OK
56,108,167,0.10905696138480614,0,🟢 OK
56,109,166,0.09813194596470942,0,🟢 OK
56,110,165,0.102080298657591,0,🟢 OK
56,111,164,0.10790318372983626,0,🟢 OK
56,112,163,0.10766073192672132,0,🟢 OK
56,113,162,0.10172181688581833,0,🟢 OK
56,114,161,0.100194326903783,0,🟢 OK
56,115,160,0.10665988726923897,0,🟢 OK
56,116,159,0.11163842375529348,0,🟢 OK
56,117,158,0.109317829016368,0,🟢 OK
56,118,157,0.10912477341926108,0,🟢 OK
56,119,156,0.11152722870049703,0,🟢 OK
56,120,155,0.09627190661762253,0,🟢 OK
56,121,154,0.09562484251629294,0,🟢 OK
56,122,153,0.08937028419435494,0,🟢 OK
56,123,152,0.08966280744543775,0,🟢 OK
56,124,151,0.0995967354803472,0,🟢 OK
56,125,150,0.10561848750749087,0,🟢 OK
56,126,149,0.0959880189294578,0,🟢 OK
56,127,148,0.11078511334583763,0,🟢 OK
56,128,147,0.10941316921099226,0,🟢 OK
56,129,146,0.10363901203607662,0,🟢 OK
56,130,145,0.09438085544479874,0,🟢 OK
56,131,144,0.0958811272917629,0,🟢 OK
56,132,143,0.09829155825544322,0,🟢 OK
56,133,142,0.09483097272595442,0,🟢 OK
56,134,141,0.0781426490441432,0,🟢 OK
56,135,140,0.08339718413293618,0,🟢 OK
56,136,139,0.07951170432122623,0,🟢 OK
56,137,138,0.07038369105348974,0,🟢 OK
56,138,137,0.07110778243802351,0,🟢 OK
56,139,136,0.07110003119125452,0,🟢 OK
56,140,135,0.06929992156780146,0,🟢 OK
56,141,134,0.08245370771988064,0,🟢 OK
56,142,133,0.08554055856056697,0,🟢 OK
56,143,132,0.08427053560974906,0,🟢 OK
56,144,131,0.09541294644815446,0,🟢 OK
56,145,130,0.09858101331175179,0,🟢 OK
56,146,129,0.09007868428061755,0,🟢 OK
56,147,128,0.08649349666980793,0,🟢 OK
56,148,127,0.08511132280495554,0,🟢 OK
56,149,126,0.07455495453292738,0,🟢 OK
56,150,125,0.08821149616513596,0,🟢 OK
56,151,124,0.0806770159263821,0,🟢 OK
56,152,123,0.07986732320157769,0,🟢 OK
56,153,122,0.0873181396924183,0,🟢 OK
56,154,121,0.08349646699834407,0,🟢 OK
56,155,120,0.08503395964196758,0,🟢 OK
56,156,119,0.09242057533898285,0,🟢 OK
56,157,118,0.08951057608520785,0,🟢 OK
56,158,117,0.09103408128703411,0,🟢 OK
56,159,116,0.09917386874322742,0,🟢 OK
56,160,115,0.09253263322341676,0,🟢 OK
56,161,114,0.06961482352800002,0,🟢 OK
56,162,113,0.07463933909675668,0,🟢 OK
56,163,112,0.05999451316919674,0,🟢 OK
56,164,111,0.06748725324433552,0,🟢 OK
56,165,110,0.0744220106291475,0,🟢 OK
56,166,109,0.07121246895012989,0,🟢 OK
56,167,108,0.036057574034029094,0,🟢 OK
56,168,107,0.050076372573685635,0,🟢 OK
56,169,106,0.04545308304855117,0,🟢 OK
56,170,105,0.0709648359374006,0,🟢 OK
56,171,104,0.06817416633225792,0,🟢 OK
56,172,103,0.07056108736898392,0,🟢 OK
56,173,102,0.06723628624136158,0,🟢 OK
56,174,101,0.07382035939255377,0,🟢 OK
56,175,100,0.06896739534858942,0,🟢 OK
56,176,99,0.07050304667316015,0,🟢 OK
56,177,98,0.06610948346763496,0,🟢 OK
56,178,97,0.07367006519754865,0,🟢 OK
56,179,96,0.06821261994724126,0,🟢 OK
56,180,95,0.06712748776725336,0,🟢 OK
56,181,94,0.06633341264136355,0,🟢 OK
56,182,93,0.06648459272284274,0,🟢 OK
56,183,92,0.07093373086366206,0,🟢 OK
56,184,91,0.061498164003683464,0,🟢 OK
56,185,90,0.06843322422641579,0,🟢 OK
56,186,89,0.06809535761151231,0,🟢 OK
56,187,88,0.059437697238209075,0,🟢 OK
56,188,87,0.05782163041563726,0,🟢 OK
56,189,86,0.06134173018110506,0,🟢 OK
56,190,85,0.045717771017485365,0,🟢 OK
56,191,84,0.05201013978310415,0,🟢 OK
56,192,83,0.04458480502022072,0,🟢 OK
56,193,82,0.03964361638443309,0,🟢 OK
56,194,81,0.04284553082072834,0,🟢 OK
56,195,80,0.03386509050494546,0,🟢 OK
56,196,79,0.031296676265206325,0,🟢 OK
56,197,78,0.0259785663270663,0,🟢 OK
56,198,77,0.027979007017486013,0,🟢 OK
56,199,76,0.03876854285525361,0,🟢 OK
56,200,75,0.04421654829918631,0,🟢 OK
56,201,74,0.05367937939126405,0,🟢 OK
56,202,73,0.051246635481295266,0,🟢 OK
56,203,72,0.053211697188933704,0,🟢 OK
56,204,71,0.03469831417505603,0,🟢 OK
56,205,70,0.04180341785692382,0,🟢 OK
56,206,69,0.04711689528407864,0,🟢 OK
56,207,68,0.0369871185354701,0,🟢 OK
56,208,67,0.03741913833328059,0,🟢 OK
56,209,66,0.029081324782035067,0,🟢 OK
56,210,65,0.028953727075509583,0,🟢 OK
56,211,64,0.035592205214482475,0,🟢 OK
56,212,63,0.02508366258926059,0,🟢 OK
56,213,62,0.024886266181234906,0,🟢 OK
56,214,61,0.021619984023342753,0,🟢 OK
56,215,60,0.02690851881975098,0,🟢 OK
56,216,59,0.025951048572802393,0,🟢 OK
56,217,58,0.02107707043544449,0,🟢 OK
56,218,57,0.019465189492012314,0,🟢 OK
56,219,56,0.012200716420113777,0,🟢 OK
56,220,55,0.0069204475464470505,0,🟢 OK
56,221,54,0.0013292886255232839,0,🟢 OK
56,222,53,-0.0082884164113175,1,🟢 OK
56,223,52,0.0019681287627626443,0,🟢 OK
56,224,51,-0.00022723544811209528,1,🟢 OK
56,225,50,-0.006848572092869487,1,🟢 OK
56,226,49,-0.004213160930076065,1,🟢 OK
56,227,48,-0.02369078702061944,1,🟢 OK
56,228,47,-0.024902905108869722,1,🟢 OK
56,229,46,-0.03708313994279844,1,🟢 OK
56,230,45,-0.03209965040718654,1,🟢 OK
56,231,44,-0.02516980444306094,1,🟢 OK
56,232,43,-0.024057176698951688,1,🟢 OK
56,233,42,-0.029554779615073357,1,🟢 OK
56,234,41,-0.014844480831639029,1,🟢 OK
56,235,40,-0.008903118984160519,1,🟢 OK
56,236,39,-0.01504399031960868,1,🔴 ALERT
56,237,38,-0.024484383442570867,1,🔴 ALERT
56,238,37,-0.02025401134351068,1,🔴 ALERT
56,239,36,-0.02135834263766878,1,🔴 ALERT
56,240,35,-0.01672530537960426,1,🔴 ALERT
56,241,34,-0.020555384576016578,1,🔴 ALERT
56,242,33,-0.010966390963629502,1,🔴 ALERT
56,243,32,-0.015897241603683665,1,🔴 ALERT
56,244,31,-0.02099549916240262,1,🔴 ALERT
56,245,30,-0.03614874157856984,1,🔴 ALERT
56,246,29,-0.02743995637469132,1,🔴 ALERT
56,247,28,-0.024262850183744966,1,🔴 ALERT
56,248,27,-0.0425111382450003,1,🔴 ALERT
56,249,26,-0.04026354756035089,1,🔴 ALERT
56,250,25,-0.05334964216038052,1,🔴 ALERT
56,251,24,-0.042741171365286545,1,🔴 ALERT
56,252,23,-0.044171709886279054,1,🔴 ALERT
56,253,22,-0.05111181986899016,1,🔴 ALERT
56,254,21,-0.039503084288591395,1,🔴 ALERT
56,255,20,-0.034557677881389415,1,🔴 ALERT
56,256,19,-0.030257795101841234,1,🔴 ALERT
56,257,18,-0.0384595232980921,1,🔴 ALERT
56,258,17,-0.04630235085361589,1,🔴 ALERT
56,259,16,-0.041962810502579106,1,🔴 ALERT
56,260,15,-0.07059665444804009,1,🔴 ALERT
56,261,14,-0.05584447836243711,1,🔴 ALERT
56,262,13,-0.05798824007187631,1,🔴 ALERT
56,263,12,-0.05039218061522854,1,🔴 ALERT
56,264,11,-0.04681627978292047,1,🔴 ALERT
56,265,10,-0.04233521305535848,1,🔴 ALERT
56,266,9,-0.02978733689350954,1,🔴 ALERT
56,267,8,-0.026513741678293345,1,🔴 ALERT
56,268,7,-0.019023441013424902,1,🔴 ALERT
56,269,6,-0.014476990651022481,1,🔴 ALERT
56,270,5,-0.029075064729716993,1,🔴 ALERT
56,271,4,-0.026171923790987317,1,🔴 ALERT
56,272,3,-0.029422090707778126,1,🔴 ALERT
56,273,2,-0.02993638324476544,1,🔴 ALERT
56,274,1,-0.03622662583701863,1,🔴 ALERT
56,275,0,-0.020150427729956344,1,🔴 ALERT
57,1,136,0.11733694592114613,0,🟢 OK
57,2,135,0.04818509665895021,0,🟢 OK
57,3,134,0.08964368255987865,0,🟢 OK
57,4,133,0.10363948337944057,0,🟢 OK
57,5,132,0.11308651529780295,0,🟢 OK
57,6,131,0.10280051516385258,0,🟢 OK
57,7,130,0.10849576949792794,0,🟢 OK
57,8,129,0.10969761775577719,0,🟢 OK
57,9,128,0.11182378178016017,0,🟢 OK
57,10,127,0.10778223267747844,0,🟢 OK
57,11,126,0.1053664313150609,0,🟢 OK
57,12,125,0.10331836307927839,0,🟢 OK
57,13,124,0.11168113518961464,0,🟢 OK
57,14,123,0.11631929746626024,0,🟢 OK
57,15,122,0.1150339219459835,0,🟢 OK
57,16,121,0.11804085499185324,0,🟢 OK
57,17,120,0.11701566910669892,0,🟢 OK
57,18,119,0.11498357196717479,0,🟢 OK
57,19,118,0.11504599071284055,0,🟢 OK
57,20,117,0.11225798835073186,0,🟢 OK
57,21,116,0.11661173060916602,0,🟢 OK
57,22,115,0.1269836175138247,0,🟢 OK
57,23,114,0.1279005607813135,0,🟢 OK
57,24,113,0.12560556496362973,0,🟢 OK
57,25,112,0.11676002842322197,0,🟢 OK
57,26,111,0.1032619532448108,0,🟢 OK
57,27,110,0.10793552131483641,0,🟢 OK
57,28,109,0.09271712356970291,0,🟢 OK
57,29,108,0.08314886209014927,0,🟢 OK
57,30,107,0.09076945798323927,0,🟢 OK
57,31,106,0.09519642752705337,0,🟢 OK
57,32,105,0.08738357227572657,0,🟢 OK
57,33,104,0.0863618228560541,0,🟢 OK
57,34,103,0.08921797046040325,0,🟢 OK
57,35,102,0.08284063022308663,0,🟢 OK
57,36,101,0.10559208157165723,0,🟢 OK
57,37,100,0.1086413397637887,0,🟢 OK
57,38,99,0.10063680930766966,0,🟢 OK
57,39,98,0.10835793615987804,0,🟢 OK
57,40,97,0.1179171585117762,0,🟢 OK
57,41,96,0.11590674585718685,0,🟢 OK
57,42,95,0.107496014357301,0,🟢 OK
57,43,94,0.11159463693993604,0,🟢 OK
57,44,93,0.10604839685492806,0,🟢 OK
57,45,92,0.11131679491748842,0,🟢 OK
57,46,91,0.09923745078601715,0,🟢 OK
57,47,90,0.10955519767376748,0,🟢 OK
57,48,89,0.11826516469138176,0,🟢 OK
57,49,88,0.11250543249830186,0,🟢 OK
57,50,87,0.12074150389019123,0,🟢 OK
57,51,86,0.11017607098420185,0,🟢 OK
57,52,85,0.10766206088166819,0,🟢 OK
57,53,84,0.11565975451437072,0,🟢 OK
57,54,83,0.12053172465956702,0,🟢 OK
57,55,82,0.11659669843030729,0,🟢 OK
57,56,81,0.11506386439581323,0,🟢 OK
57,57,80,0.12147144329554121,0,🟢 OK
57,58,79,0.12080363943017264,0,🟢 OK
57,59,78,0.12311941645452834,0,🟢 OK
57,60,77,0.11441205216882261,0,🟢 OK
57,61,76,0.10583947924634052,0,🟢 OK
57,62,75,0.10129722975644778,0,🟢 OK
57,63,74,0.10240405630468857,0,🟢 OK
57,64,73,0.10361008302019237,0,🟢 OK
57,65,72,0.10119782136335231,0,🟢 OK
57,66,71,0.10532033455356787,0,🟢 OK
57,67,70,0.1052273277939007,0,🟢 OK
57,68,69,0.10764766642589207,0,🟢 OK
57,69,68,0.09970742064651911,0,🟢 OK
57,70,67,0.1041871840660415,0,🟢 OK
57,71,66,0.11394676292150957,0,🟢 OK
57,72,65,0.11510954418576824,0,🟢 OK
57,73,64,0.10106891390054423,0,🟢 OK
57,74,63,0.10851832931486372,0,🟢 OK
57,75,62,0.11695177824447045,0,🟢 OK
57,76,61,0.11716253727568965,0,🟢 OK
57,77,60,0.10430915018621567,0,🟢 OK
57,78,59,0.10655388491527779,0,🟢 OK
57,79,58,0.11100868763648136,0,🟢 OK
57,80,57,0.10869042858856526,0,🟢 OK
57,81,56,0.10491859389039399,0,🟢 OK
57,82,55,0.10227910774879118,0,🟢 OK
57,83,54,0.09984474577380048,0,🟢 OK
57,84,53,0.10861254261748726,0,🟢 OK
57,85,52,0.10950103705438352,0,🟢 OK
57,86,51,0.11756158284549378,0,🟢 OK
57,87,50,0.11863960821125441,0,🟢 OK
57,88,49,0.11978089980427503,0,🟢 OK
57,89,48,0.12152820971236478,0,🟢 OK
57,90,47,0.11944960852018044,0,🟢 OK
57,91,46,0.11979258594002457,0,🟢 OK
57,92,45,0.11865490433476361,0,🟢 OK
57,93,44,0.11779564994917868,0,🟢 OK
57,94,43,0.11991352119771104,0,🟢 OK
57,95,42,0.12385110189851195,0,🟢 OK
57,96,41,0.10583537693105688,0,🟢 OK
57,97,40,0.10423489328948743,0,🟢 OK
57,98,39,0.09824418422685222,0,🟢 OK
57,99,38,0.1015825862714601,0,🟢 OK
57,100,37,0.07923126907308736,0,🟢 OK
57,101,36,0.07202197098607005,0,🟢 OK
57,102,35,0.05241972767729336,0,🟢 OK
57,103,34,0.05450941811052401,0,🟢 OK
57,104,33,0.05326694005960381,0,🟢 OK
57,105,32,0.04941888278961032,0,🟢 OK
57,106,31,0.058234097528399587,0,🟢 OK
57,107,30,0.054948084813361164,0,🟢 OK
57,108,29,0.06118499096890445,0,🟢 OK
57,109,28,0.0497217530315569,0,🟢 OK
57,110,27,0.0484212162611104,0,🟢 OK
57,111,26,0.031369290143050066,0,🟢 OK
57,112,25,0.02681300557575539,0,🟢 OK
57,113,24,0.0382804741140757,0,🟢 OK
57,114,23,0.033075770412061944,0,🟢 OK
57,115,22,0.03106671592934901,0,🟢 OK
57,116,21,0.02458896876902822,0,🟢 OK
57,117,20,0.017447833800430912,0,🟢 OK
57,118,19,0.005141572278526851,0,🟢 OK
57,119,18,-0.0027036843906377284,1,🟢 OK
57,120,17,-0.006827797923368184,1,🟢 OK
57,121,16,-0.009877913623181911,1,🟢 OK
57,122,15,-0.03202435491505973,1,🟢 OK
57,123,14,-0.04228110160529441,1,🟢 OK
57,124,13,-0.032659433904655866,1,🟢 OK
57,125,12,-0.051288339588773324,1,🟢 OK
57,126,11,-0.03818598479147606,1,🟢 OK
57,127,10,-0.03507754541148089,1,🟢 OK
57,128,9,-0.04181715409530529,1,🟢 OK
57,129,8,-0.03967839920526284,1,🟢 OK
57,130,7,-0.03891600581059007,1,🟢 OK
57,131,6,-0.026151007974347884,1,🔴 ALERT
57,132,5,-0.03800121039993587,1,🔴 ALERT
57,133,4,-0.03498393723142512,1,🔴 ALERT
57,134,3,-0.04363576287780235,1,🔴 ALERT
57,135,2,-0.045332041952276914,1,🔴 ALERT
57,136,1,-0.05043458968085279,1,🔴 ALERT
57,137,0,-0.06513203932164802,1,🔴 ALERT
58,1,146,0.10154840108856805,0,🟢 OK
58,2,145,0.0112088475470144,0,🟢 OK
58,3,144,0.07177383721705438,0,🟢 OK
58,4,143,0.07995015811873829,0,🟢 OK
58,5,142,0.09649123217748035,0,🟢 OK
58,6,141,0.08977218291241268,0,🟢 OK
58,7,140,0.09180195211257935,0,🟢 OK
58,8,139,0.09852047141213438,0,🟢 OK
58,9,138,0.11116211552925809,0,🟢 OK
58,10,137,0.09563420995289812,0,🟢 OK
58,11,136,0.0964687891676475,0,🟢 OK
58,12,135,0.11339064157081169,0,🟢 OK
58,13,134,0.10413992203940414,0,🟢 OK
58,14,133,0.08274741749486647,0,🟢 OK
58,15,132,0.08100395523241866,0,🟢 OK
58,16,131,0.10157537066021871,0,🟢 OK
58,17,130,0.09981237230702855,0,🟢 OK
58,18,129,0.09717606495192332,0,🟢 OK
58,19,128,0.09366180906682758,0,🟢 OK
58,20,127,0.10229421624113832,0,🟢 OK
58,21,126,0.10398307003411594,0,🟢 OK
58,22,125,0.10704022604999863,0,🟢 OK
58,23,124,0.107635789039636,0,🟢 OK
58,24,123,0.10968900553432603,0,🟢 OK
58,25,122,0.11967897153322826,0,🟢 OK
58,26,121,0.11515339184506646,0,🟢 OK
58,27,120,0.10782032327847757,0,🟢 OK
58,28,119,0.1084165685200581,0,🟢 OK
58,29,118,0.10958167223409604,0,🟢 OK
58,30,117,0.11238942346320713,0,🟢 OK
58,31,116,0.11457136872937879,0,🟢 OK
58,32,115,0.11939321513289736,0,🟢 OK
58,33,114,0.1220911144522776,0,🟢 OK
58,34,113,0.11639572737585618,0,🟢 OK
58,35,112,0.1251519537864304,0,🟢 OK
58,36,111,0.11615778604086274,0,🟢 OK
58,37,110,0.10913060182568413,0,🟢 OK
58,38,109,0.11020617437098418,0,🟢 OK
58,39,108,0.10093448311533332,0,🟢 OK
58,40,107,0.09625045981137154,0,🟢 OK
58,41,106,0.09275670700619709,0,🟢 OK
58,42,105,0.09983382391266649,0,🟢 OK
58,43,104,0.09577772370394644,0,🟢 OK
58,44,103,0.0934408069509225,0,🟢 OK
58,45,102,0.09990660591480366,0,🟢 OK
58,46,101,0.09526348084614278,0,🟢 OK
58,47,100,0.09839405160110343,0,🟢 OK
58,48,99,0.10832697120359747,0,🟢 OK
58,49,98,0.10929275002121197,0,🟢 OK
58,50,97,0.11122531507760935,0,🟢 OK
58,51,96,0.1071989489228497,0,🟢 OK
58,52,95,0.11074522754525495,0,🟢 OK
58,53,94,0.11506972497041579,0,🟢 OK
58,54,93,0.11334915631283976,0,🟢 OK
58,55,92,0.10715494688116872,0,🟢 OK
58,56,91,0.11164654413003039,0,🟢 OK
58,57,90,0.10964609129940794,0,🟢 OK
58,58,89,0.10801736995382011,0,🟢 OK
58,59,88,0.10262293127461514,0,🟢 OK
58,60,87,0.1137263180104276,0,🟢 OK
58,61,86,0.11216117331419861,0,🟢 OK
58,62,85,0.11145403322391462,0,🟢 OK
58,63,84,0.11742742986201943,0,🟢 OK
58,64,83,0.11982596218311314,0,🟢 OK
58,65,82,0.1131959629152966,0,🟢 OK
58,66,81,0.12146219837239275,0,🟢 OK
58,67,80,0.12154515535255517,0,🟢 OK
58,68,79,0.12037005027880054,0,🟢 OK
58,69,78,0.1210992318557726,0,🟢 OK
58,70,77,0.11874790562651638,0,🟢 OK
58,71,76,0.12321351256808483,0,🟢 OK
58,72,75,0.12257188769290078,0,🟢 OK
58,73,74,0.12530078339430983,0,🟢 OK
58,74,73,0.12244066439379936,0,🟢 OK
58,75,72,0.114620816037873,0,🟢 OK
58,76,71,0.13516313954737263,0,🟢 OK
58,77,70,0.13459413378891655,0,🟢 OK
58,78,69,0.13246578906068135,0,🟢 OK
58,79,68,0.12460334577209325,0,🟢 OK
58,80,67,0.13327286493276996,0,🟢 OK
58,81,66,0.1334112899762817,0,🟢 OK
58,82,65,0.13758099988052047,0,🟢 OK
58,83,64,0.13263347655424518,0,🟢 OK
58,84,63,0.12795637818384253,0,🟢 OK
58,85,62,0.13103170811099268,0,🟢 OK
58,86,61,0.14015263894731933,0,🟢 OK
58,87,60,0.13366644006664452,0,🟢 OK
58,88,59,0.13207721478868129,0,🟢 OK
58,89,58,0.1296599335531513,0,🟢 OK
58,90,57,0.12648745342442513,0,🟢 OK
58,91,56,0.12466203929625391,0,🟢 OK
58,92,55,0.12677269103408584,0,🟢 OK
58,93,54,0.12619534249496694,0,🟢 OK
58,94,53,0.1252450439357829,0,🟢 OK
58,95,52,0.12845220513480454,0,🟢 OK
58,96,51,0.11843904600192834,0,🟢 OK
58,97,50,0.12183041602412409,0,🟢 OK
58,98,49,0.11429422334052203,0,🟢 OK
58,99,48,0.11581622163720762,0,🟢 OK
58,100,47,0.11209496060308705,0,🟢 OK
58,101,46,0.11471396758985031,0,🟢 OK
58,102,45,0.1175890849725833,0,🟢 OK
58,103,44,0.10954693053540404,0,🟢 OK
58,104,43,0.10567222203122162,0,🟢 OK
58,105,42,0.10995738530543225,0,🟢 OK
58,106,41,0.11236117012991431,0,🟢 OK
58,107,40,0.09505859028033387,0,🟢 OK
58,108,39,0.09482435626863511,0,🟢 OK
58,109,38,0.08600742019258223,0,🟢 OK
58,110,37,0.0821373657322042,0,🟢 OK
58,111,36,0.08630730427178435,0,🟢 OK
58,112,35,0.07504406334497521,0,🟢 OK
58,113,34,0.07706771905339266,0,🟢 OK
58,114,33,0.07690203284060504,0,🟢 OK
58,115,32,0.0724742643647523,0,🟢 OK
58,116,31,0.07749382450002201,0,🟢 OK
58,117,30,0.06352483512966384,0,🟢 OK
58,118,29,0.044701857853021776,0,🟢 OK
58,119,28,0.04132288924763833,0,🟢 OK
58,120,27,0.03665786112415703,0,🟢 OK
58,121,26,0.04517680004774316,0,🟢 OK
58,122,25,0.03146361881159104,0,🟢 OK
58,123,24,0.031365239530828315,0,🟢 OK
58,124,23,0.03194978602495718,0,🟢 OK
58,125,22,0.0351052405669563,0,🟢 OK
58,126,21,0.026018571764625797,0,🟢 OK
58,127,20,0.024938785676437092,0,🟢 OK
58,128,19,0.030550227421349885,0,🟢 OK
58,129,18,0.027548015957744865,0,🟢 OK
58,130,17,0.02699321980959224,0,🟢 OK
58,131,16,0.02545417623128915,0,🟢 OK
58,132,15,0.0062040492735365715,0,🟢 OK
58,133,14,-0.0011850855899995238,1,🟢 OK
58,134,13,0.0023072635861547397,0,🟢 OK
58,135,12,-0.012717874363652126,1,🟢 OK
58,136,11,-0.02925281700391691,1,🟢 OK
58,137,10,-0.007725228581779597,1,🟢 OK
58,138,9,-0.009142613751712991,1,🟢 OK
58,139,8,-0.024557036109035257,1,🟢 OK
58,140,7,-0.018919824600611923,1,🟢 OK
58,141,6,-0.020914910900098338,1,🟢 OK
58,142,5,-0.014743920775843966,1,🟢 OK
58,143,4,-0.020411154176619428,1,🟢 OK
58,144,3,-0.011229437665128073,1,🟢 OK
58,145,2,-0.02009106020047502,1,🟢 OK
58,146,1,-0.021148763082625033,1,🔴 ALERT
58,147,0,-0.0357773371639577,1,🔴 ALERT
59,1,230,0.06091049030581275,0,🟢 OK
59,2,229,-0.004627564742607393,0,🟢 OK
59,3,228,0.006397902511683373,0,🟢 OK
59,4,227,0.0018220544258772398,0,🟢 OK
59,5,226,0.021931114631360715,0,🟢 OK
59,6,225,0.027505290324480847,0,🟢 OK
59,7,224,0.024854164704387005,0,🟢 OK
59,8,223,0.029309358087907522,0,🟢 OK
59,9,222,0.030641421300225624,0,🟢 OK
59,10,221,0.03425798915588396,0,🟢 OK
59,11,220,0.04653154969404172,0,🟢 OK
59,12,219,0.048727393540977326,0,🟢 OK
59,13,218,0.04770218522824282,0,🟢 OK
59,14,217,0.04020125645892125,0,🟢 OK
59,15,216,0.035184373876565866,0,🟢 OK
59,16,215,0.03898126345027031,0,🟢 OK
59,17,214,0.04108933282844757,0,🟢 OK
59,18,213,0.0410227449403725,0,🟢 OK
59,19,212,0.050658047682655694,0,🟢 OK
59,20,211,0.04792423889360997,0,🟢 OK
59,21,210,0.029516405602322326,0,🟢 OK
59,22,209,0.025809521834463278,0,🟢 OK
59,23,208,0.02073927013223198,0,🟢 OK
59,24,207,0.032263406782795545,0,🟢 OK
59,25,206,0.03506849751813862,0,🟢 OK
59,26,205,0.031036306477114473,0,🟢 OK
59,27,204,0.028072931061985995,0,🟢 OK
59,28,203,0.03950652703595414,0,🟢 OK
59,29,202,0.0512110493884097,0,🟢 OK
59,30,201,0.05507951481584178,0,🟢 OK
59,31,200,0.051956345270348925,0,🟢 OK
59,32,199,0.055626176137526406,0,🟢 OK
59,33,198,0.05757503277061177,0,🟢 OK
59,34,197,0.042108608160768723,0,🟢 OK
59,35,196,0.04736351785417353,0,🟢 OK
59,36,195,0.0534166904497379,0,🟢 OK
59,37,194,0.04333801410771465,0,🟢 OK
59,38,193,0.04863311674569876,0,🟢 OK
59,39,192,0.03210862936468406,0,🟢 OK
59,40,191,0.024026794571959054,0,🟢 OK
59,41,190,0.03755755350604406,0,🟢 OK
59,42,189,0.033796085836921175,0,🟢 OK
59,43,188,0.0401196382793087,0,🟢 OK
59,44,187,0.05233300166025284,0,🟢 OK
59,45,186,0.046471845043217774,0,🟢 OK
59,46,185,0.050567967240599976,0,🟢 OK
59,47,184,0.04383281015695245,0,🟢 OK
59,48,183,0.05111075961374284,0,🟢 OK
59,49,182,0.051615769263504085,0,🟢 OK
59,50,181,0.05799414180915463,0,🟢 OK
59,51,180,0.06744759025688768,0,🟢 OK
59,52,179,0.05884291968094224,0,🟢 OK
59,53,178,0.06146165877682791,0,🟢 OK
59,54,177,0.05804868995609885,0,🟢 OK
59,55,176,0.06065352961889159,0,🟢 OK
59,56,175,0.0690677770381194,0,🟢 OK
59,57,174,0.059661311550198104,0,🟢 OK
59,58,173,0.04586124470207553,0,🟢 OK
59,59,172,0.0419804736908686,0,🟢 OK
59,60,171,0.04545626700358396,0,🟢 OK
59,61,170,0.03761769836831519,0,🟢 OK
59,62,169,0.03054300358198614,0,🟢 OK
59,63,168,0.04145571316457486,0,🟢 OK
59,64,167,0.03168937134359401,0,🟢 OK
59,65,166,0.046936806443283796,0,🟢 OK
59,66,165,0.05345111609833697,0,🟢 OK
59,67,164,0.05200835482560312,0,🟢 OK
59,68,163,0.059197743812114456,0,🟢 OK
59,69,162,0.06385555956953731,0,🟢 OK
59,70,161,0.05546592359950714,0,🟢 OK
59,71,160,0.050101339995963556,0,🟢 OK
59,72,159,0.062086533481575445,0,🟢 OK
59,73,158,0.08102956896188279,0,🟢 OK
59,74,157,0.09135603883214977,0,🟢 OK
59,75,156,0.08658762104403817,0,🟢 OK
59,76,155,0.08750391953938141,0,🟢 OK
59,77,154,0.09220940327836474,0,🟢 OK
59,78,153,0.08119902730181655,0,🟢 OK
59,79,152,0.04604795501893644,0,🟢 OK
59,80,151,0.055329527273880685,0,🟢 OK
59,81,150,0.05066729172093809,0,🟢 OK
59,82,149,0.05665306309602314,0,🟢 OK
59,83,148,0.04917254310393687,0,🟢 OK
59,84,147,0.04535217400686786,0,🟢 OK
59,85,146,0.060571847278026725,0,🟢 OK
59,86,145,0.05355358541709593,0,🟢 OK
59,87,144,0.04652753396073339,0,🟢 OK
59,88,143,0.03915545493757294,0,🟢 OK
59,89,142,0.04875244336695206,0,🟢 OK
59,90,141,0.04741303697302168,0,🟢 OK
59,91,140,0.06138084626327678,0,🟢 OK
59,92,139,0.062205085437691154,0,🟢 OK
59,93,138,0.08432806429215067,0,🟢 OK
59,94,137,0.08858688257245784,0,🟢 OK
59,95,136,0.0920641353093492,0,🟢 OK
59,96,135,0.09569039479714647,0,🟢 OK
59,97,134,0.10231138784470395,0,🟢 OK
59,98,133,0.09653491618129628,0,🟢 OK
59,99,132,0.09179673263157334,0,🟢 OK
59,100,131,0.09475556238021465,0,🟢 OK
59,101,130,0.09658886728470256,0,🟢 OK
59,102,129,0.09888630222323763,0,🟢 OK
59,103,128,0.0956000493103818,0,🟢 OK
59,104,127,0.09673890840960347,0,🟢 OK
59,105,126,0.09974180610882055,0,🟢 OK
59,106,125,0.09040738818768757,0,🟢 OK
59,107,124,0.09184749619404847,0,🟢 OK
59,108,123,0.10460965121881394,0,🟢 OK
59,109,122,0.09676576726839137,0,🟢 OK
59,110,121,0.09240144704566161,0,🟢 OK
59,111,120,0.10143508464419781,0,🟢 OK
59,112,119,0.0886758112557407,0,🟢 OK
59,113,118,0.08443773559629897,0,🟢 OK
59,114,117,0.08082112876654174,0,🟢 OK
59,115,116,0.09321771781029026,0,🟢 OK
59,116,115,0.06774092031514561,0,🟢 OK
59,117,114,0.06239955249805257,0,🟢 OK
59,118,113,0.06396409977063672,0,🟢 OK
59,119,112,0.06789704889473369,0,🟢 OK
59,120,111,0.05800323084847547,0,🟢 OK
59,121,110,0.05335243953852975,0,🟢 OK
59,122,109,0.05814228724101428,0,🟢 OK
59,123,108,0.08375458824324683,0,🟢 OK
59,124,107,0.08483710678072526,0,🟢 OK
59,125,106,0.0894973714193627,0,🟢 OK
59,126,105,0.09773033159427352,0,🟢 OK
59,127,104,0.09956448026981934,0,🟢 OK
59,128,103,0.09237321351306355,0,🟢 OK
59,129,102,0.09572174859550814,0,🟢 OK
59,130,101,0.1136619299090354,0,🟢 OK
59,131,100,0.11971572538286407,0,🟢 OK
59,132,99,0.12141273105894601,0,🟢 OK
59,133,98,0.11167872697594117,0,🟢 OK
59,134,97,0.1065077366395083,0,🟢 OK
59,135,96,0.11125975551120393,0,🟢 OK
59,136,95,0.11236342374018199,0,🟢 OK
59,137,94,0.11033106890485767,0,🟢 OK
59,138,93,0.10843030500979173,0,🟢 OK
59,139,92,0.11410943829833331,0,🟢 OK
59,140,91,0.11552563935925103,0,🟢 OK
59,141,90,0.1109925620731117,0,🟢 OK
59,142,89,0.11304688773346755,0,🟢 OK
59,143,88,0.11728412073317024,0,🟢 OK
59,144,87,0.11650793124260028,0,🟢 OK
59,145,86,0.12034078156398059,0,🟢 OK
59,146,85,0.11366672582208126,0,🟢 OK
59,147,84,0.10866082075870642,0,🟢 OK
59,148,83,0.10784529675309157,0,🟢 OK
59,149,82,0.10153084602702284,0,🟢 OK
59,150,81,0.1069829938982434,0,🟢 OK
59,151,80,0.12049586673723045,0,🟢 OK
59,152,79,0.11275692204358756,0,🟢 OK
59,153,78,0.11096694815655195,0,🟢 OK
59,154,77,0.11816011693732614,0,🟢 OK
59,155,76,0.10260322292242918,0,🟢 OK
59,156,75,0.10389213989217944,0,🟢 OK
59,157,74,0.11310812825946853,0,🟢 OK
59,158,73,0.12210941131137548,0,🟢 OK
59,159,72,0.1132864593802631,0,🟢 OK
59,160,71,0.1161524293925213,0,🟢 OK
59,161,70,0.116578998189521,0,🟢 OK
59,162,69,0.11428249398193518,0,🟢 OK
59,163,68,0.11074971628823621,0,🟢 OK
59,164,67,0.11712605145306898,0,🟢 OK
59,165,66,0.11227182873006636,0,🟢 OK
59,166,65,0.1108287608845478,0,🟢 OK
59,167,64,0.11275688753707058,0,🟢 OK
59,168,63,0.11016466189330854,0,🟢 OK
59,169,62,0.13005243699158003,0,🟢 OK
59,170,61,0.13358369130659303,0,🟢 OK
59,171,60,0.12715245296832617,0,🟢 OK
59,172,59,0.12819799212003435,0,🟢 OK
59,173,58,0.12115858786543854,0,🟢 OK
59,174,57,0.12262240689755488,0,🟢 OK
59,175,56,0.11385497619199292,0,🟢 OK
59,176,55,0.11357619595815266,0,🟢 OK
59,177,54,0.114713010900033,0,🟢 OK
59,178,53,0.10094233153119353,0,🟢 OK
59,179,52,0.09719496794946902,0,🟢 OK
59,180,51,0.0986012911443957,0,🟢 OK
59,181,50,0.1076668400893308,0,🟢 OK
59,182,49,0.11397327464927665,0,🟢 OK
59,183,48,0.10910194630798992,0,🟢 OK
59,184,47,0.09787892623605654,0,🟢 OK
59,185,46,0.10020808021866395,0,🟢 OK
59,186,45,0.11359916238088658,0,🟢 OK
59,187,44,0.10941204262389909,0,🟢 OK
59,188,43,0.10495127696651912,0,🟢 OK
59,189,42,0.10895064205243205,0,🟢 OK
59,190,41,0.10508869596463405,0,🟢 OK
59,191,40,0.10124984690428385,0,🟢 OK
59,192,39,0.09769621982996252,0,🟢 OK
59,193,38,0.08393163536335418,0,🟢 OK
59,194,37,0.058346629053818155,0,🟢 OK
59,195,36,0.035576870281108175,0,🟢 OK
59,196,35,0.02711912156908386,0,🟢 OK
59,197,34,0.03443050824639915,0,🟢 OK
59,198,33,0.040650805359098874,0,🟢 OK
59,199,32,0.04300728007891719,0,🟢 OK
59,200,31,0.027465021816468815,0,🟢 OK
59,201,30,0.02156914840303875,0,🟢 OK
59,202,29,0.018672776672184865,0,🟢 OK
59,203,28,0.02145657174903609,0,🟢 OK
59,204,27,-0.004764085204975399,1,🟢 OK
59,205,26,-0.0026228988066999692,1,🟢 OK
59,206,25,-0.007335117543701308,1,🟢 OK
59,207,24,-0.004595325880392576,1,🟢 OK
59,208,23,-0.008195595176533677,1,🟢 OK
59,209,22,-0.0003984826758092197,1,🟢 OK
59,210,21,0.01312377570230061,0,🟢 OK
59,211,20,-0.005910819273221235,1,🟢 OK
59,212,19,-0.0029155915814428335,1,🟢 OK
59,213,18,-0.009376834045838778,1,🟢 OK
59,214,17,-0.004949015642910393,1,🟢 OK
59,215,16,-0.015060388768864397,1,🟢 OK
59,216,15,-0.01618761709875316,1,🟢 OK
59,217,14,-0.016345535874852768,1,🟢 OK
59,218,13,-0.019487882485056618,1,🟢 OK
59,219,12,-0.01800537233140509,1,🟢 OK
59,220,11,-0.016672087158610127,1,🟢 OK
59,221,10,-0.007863253330079756,1,🟢 OK
59,222,9,-0.007389212274015122,1,🟢 OK
59,223,8,-0.015924407303371524,1,🔴 ALERT
59,224,7,-0.023457223886125367,1,🔴 ALERT
59,225,6,-0.016386575332850817,1,🔴 ALERT
59,226,5,-0.014528460158607204,1,🔴 ALERT
59,227,4,-0.011727120318639983,1,🔴 ALERT
59,228,3,-0.018231626540292867,1,🔴 ALERT
59,229,2,-0.018579630795672708,1,🔴 ALERT
59,230,1,-0.020521835134703403,1,🔴 ALERT
59,231,0,-0.01931284678102796,1,🔴 ALERT
60,1,171,0.10102639437679162,0,🟢 OK
60,2,170,0.032777985496045436,0,🟢 OK
60,3,169,0.047971993432630866,0,🟢 OK
60,4,168,0.10008537992075428,0,🟢 OK
60,5,167,0.10056204497933935,0,🟢 OK
60,6,166,0.09979406787441142,0,🟢 OK
60,7,165,0.10815457248689248,0,🟢 OK
60,8,164,0.10921236758657316,0,🟢 OK
60,9,163,0.10280294301221193,0,🟢 OK
60,10,162,0.10766981911578,0,🟢 OK
60,11,161,0.12093943373149535,0,🟢 OK
60,12,160,0.11476839717145615,0,🟢 OK
60,13,159,0.11731955697658691,0,🟢 OK
60,14,158,0.11668567248680162,0,🟢 OK
60,15,157,0.10779938251357568,0,🟢 OK
60,16,156,0.11387836680988378,0,🟢 OK
60,17,155,0.11102618477479193,0,🟢 OK
60,18,154,0.11231159826963832,0,🟢 OK
60,19,153,0.12531057453117816,0,🟢 OK
60,20,152,0.12805669902543293,0,🟢 OK
60,21,151,0.1275234823783607,0,🟢 OK
60,22,150,0.11977975866420992,0,🟢 OK
60,23,149,0.12223519441336167,0,🟢 OK
60,24,148,0.11858854563251303,0,🟢 OK
60,25,147,0.11096482689271003,0,🟢 OK
60,26,146,0.10696671917903922,0,🟢 OK
60,27,145,0.11317053959442813,0,🟢 OK
60,28,144,0.10998063502967015,0,🟢 OK
60,29,143,0.10813565472091802,0,🟢 OK
60,30,142,0.11096879190421371,0,🟢 OK
60,31,141,0.11667726365545578,0,🟢 OK
60,32,140,0.11140297335140181,0,🟢 OK
60,33,139,0.11113244362695579,0,🟢 OK
60,34,138,0.11464747985009521,0,🟢 OK
60,35,137,0.1076781955129883,0,🟢 OK
60,36,136,0.12039248950841586,0,🟢 OK
60,37,135,0.10986210968605059,0,🟢 OK
60,38,134,0.12237364344874463,0,🟢 OK
60,39,133,0.1185222580338332,0,🟢 OK
60,40,132,0.11639729517887404,0,🟢 OK
60,41,131,0.1252186024593815,0,🟢 OK
60,42,130,0.11999215434688376,0,🟢 OK
60,43,129,0.12449040509923726,0,🟢 OK
60,44,128,0.12508434673904745,0,🟢 OK
60,45,127,0.12682022018627614,0,🟢 OK
60,46,126,0.12526705412631822,0,🟢 OK
60,47,125,0.12401086850500381,0,🟢 OK
60,48,124,0.12049989197021194,0,🟢 OK
60,49,123,0.11406299831539307,0,🟢 OK
60,50,122,0.10845922381277506,0,🟢 OK
60,51,121,0.1096203101703167,0,🟢 OK
60,52,120,0.10280173366108453,0,🟢 OK
60,53,119,0.11613649501707324,0,🟢 OK
60,54,118,0.11156827923994106,0,🟢 OK
60,55,117,0.1169201431649548,0,🟢 OK
60,56,116,0.1174308395578384,0,🟢 OK
60,57,115,0.11620264368977268,0,🟢 OK
60,58,114,0.10883131678390506,0,🟢 OK
60,59,113,0.10797221714610555,0,🟢 OK
60,60,112,0.09352510704355527,0,🟢 OK
60,61,111,0.0974141744138241,0,🟢 OK
60,62,110,0.10473359366295737,0,🟢 OK
60,63,109,0.1072355215361594,0,🟢 OK
60,64,108,0.10513534433488009,0,🟢 OK
60,65,107,0.10012426418452458,0,🟢 OK
60,66,106,0.11609518643822236,0,🟢 OK
60,67,105,0.11339116131050858,0,🟢 OK
60,68,104,0.11382308307758215,0,🟢 OK
60,69,103,0.11140399650626681,0,🟢 OK
60,70,102,0.11667658134684511,0,🟢 OK
60,71,101,0.11971189969038493,0,🟢 OK
60,72,100,0.1098303363418241,0,🟢 OK
60,73,99,0.10862035997546649,0,🟢 OK
60,74,98,0.10933817558539005,0,🟢 OK
60,75,97,0.10052143032014355,0,🟢 OK
60,76,96,0.11262717055796834,0,🟢 OK
60,77,95,0.1235731861956646,0,🟢 OK
60,78,94,0.12514493389924664,0,🟢 OK
60,79,93,0.12821361138659992,0,🟢 OK
60,80,92,0.11300963047150259,0,🟢 OK
60,81,91,0.10723094875300887,0,🟢 OK
60,82,90,0.10976489292390357,0,🟢 OK
60,83,89,0.12041120254286752,0,🟢 OK
60,84,88,0.12154831442208935,0,🟢 OK
60,85,87,0.12084125921549244,0,🟢 OK
60,86,86,0.12019918085600806,0,🟢 OK
60,87,85,0.11603496557559728,0,🟢 OK
60,88,84,0.11050712142411306,0,🟢 OK
60,89,83,0.1117971392912468,0,🟢 OK
60,90,82,0.11351628047913453,0,🟢 OK
60,91,81,0.11357566362205834,0,🟢 OK
60,92,80,0.1090520048601013,0,🟢 OK
60,93,79,0.11570672302422158,0,🟢 OK
60,94,78,0.09893201371293958,0,🟢 OK
60,95,77,0.11007897748647588,0,🟢 OK
60,96,76,0.11183748726364667,0,🟢 OK
60,97,75,0.10848999036598578,0,🟢 OK
60,98,74,0.09911494807469479,0,🟢 OK
60,99,73,0.10831479802697092,0,🟢 OK
60,100,72,0.11850141149901905,0,🟢 OK
60,101,71,0.10938248312169768,0,🟢 OK
60,102,70,0.11132684979621915,0,🟢 OK
60,103,69,0.11386363448485426,0,🟢 OK
60,104,68,0.12515441074289468,0,🟢 OK
60,105,67,0.12526964935741663,0,🟢 OK
60,106,66,0.11760409573197389,0,🟢 OK
60,107,65,0.12354523736856149,0,🟢 OK
60,108,64,0.1206617689971567,0,🟢 OK
60,109,63,0.12350067287657579,0,🟢 OK
60,110,62,0.12371999555622759,0,🟢 OK
60,111,61,0.1136936597753963,0,🟢 OK
60,112,60,0.10248765252387149,0,🟢 OK
60,113,59,0.10980169445075816,0,🟢 OK
60,114,58,0.11475437737663069,0,🟢 OK
60,115,57,0.11650632695467583,0,🟢 OK
60,116,56,0.10970548828697452,0,🟢 OK
60,117,55,0.0998834834573406,0,🟢 OK
60,118,54,0.09870065246489051,0,🟢 OK
60,119,53,0.0974012636180529,0,🟢 OK
60,120,52,0.08692995702738987,0,🟢 OK
60,121,51,0.08528651996645065,0,🟢 OK
60,122,50,0.094113326223431,0,🟢 OK
60,123,49,0.08027882244959489,0,🟢 OK
60,124,48,0.07832891374695788,0,🟢 OK
60,125,47,0.08096291980583747,0,🟢 OK
60,126,46,0.0811194866305685,0,🟢 OK
60,127,45,0.0773508958387325,0,🟢 OK
60,128,44,0.08414380045776232,0,🟢 OK
60,129,43,0.07442183833456428,0,🟢 OK
60,130,42,0.06371998584274313,0,🟢 OK
60,131,41,0.056347331032771175,0,🟢 OK
60,132,40,0.049378584159417815,0,🟢 OK
60,133,39,0.03633692848525577,0,🟢 OK
60,134,38,0.03193886625870973,0,🟢 OK
60,135,37,0.016127564148371687,0,🟢 OK
60,136,36,0.02746394511175476,0,🟢 OK
60,137,35,0.03306564927761785,0,🟢 OK
60,138,34,0.03153394043412827,0,🟢 OK
60,139,33,0.0337788702154333,0,🟢 OK
60,140,32,0.030898897073599885,0,🟢 OK
60,141,31,0.034777574748630025,0,🟢 OK
60,142,30,0.016173625966722616,0,🟢 OK
60,143,29,0.02339416370717412,0,🟢 OK
60,144,28,0.04348944772919772,0,🟢 OK
60,145,27,0.04306418479500196,0,🟢 OK
60,146,26,0.023137250261629272,0,🟢 OK
60,147,25,0.014565204684144739,0,🟢 OK
60,148,24,0.013349330348065902,0,🟢 OK
60,149,23,0.015390782328491226,0,🟢 OK
60,150,22,0.004071845847793298,0,🟢 OK
60,151,21,0.006120381033307587,0,🟢 OK
60,152,20,-6.92191679664278e-05,1,🟢 OK
60,153,19,0.002703304362962622,0,🟢 OK
60,154,18,-0.006656316585622046,1,🟢 OK
60,155,17,-0.013218989572002848,1,🟢 OK
60,156,16,-0.016930517818165458,1,🟢 OK
60,157,15,-0.028350975052907734,1,🟢 OK
60,158,14,-0.048729822604400175,1,🟢 OK
60,159,13,-0.05832460026314423,1,🟢 OK
60,160,12,-0.06582195007961644,1,🟢 OK
60,161,11,-0.060397416267612636,1,🟢 OK
60,162,10,-0.0559626207977173,1,🟢 OK
60,163,9,-0.050524874205160275,1,🟢 OK
60,164,8,-0.049659362365045756,1,🟢 OK
60,165,7,-0.055710860395609574,1,🔴 ALERT
60,166,6,-0.045364133012447905,1,🔴 ALERT
60,167,5,-0.057227764447531304,1,🔴 ALERT
60,168,4,-0.061327820591082105,1,🔴 ALERT
60,169,3,-0.06869746940752453,1,🔴 ALERT
60,170,2,-0.06525680115109389,1,🔴 ALERT
60,171,1,-0.05431448593260002,1,🔴 ALERT
60,172,0,-0.04949318238292344,1,🔴 ALERT
61,1,184,0.04662504782659882,0,🟢 OK
61,2,183,-0.0630146011321725,0,🟢 OK
61,3,182,-0.026651195183362453,0,🟢 OK
61,4,181,-0.000779790346311926,0,🟢 OK
61,5,180,0.023063970775024756,0,🟢 OK
61,6,179,0.025395197866308117,0,🟢 OK
61,7,178,0.028447902352442822,0,🟢 OK
61,8,177,0.03556270641578757,0,🟢 OK
61,9,176,0.03991787652473444,0,🟢 OK
61,10,175,0.02226162182370961,0,🟢 OK
61,11,174,0.0200297828317359,0,🟢 OK
61,12,173,0.03792643192759437,0,🟢 OK
61,13,172,0.05059846615307512,0,🟢 OK
61,14,171,0.04648674963142613,0,🟢 OK
61,15,170,0.03934508305422035,0,🟢 OK
61,16,169,0.04413537126454242,0,🟢 OK
61,17,168,0.04310011029695959,0,🟢 OK
61,18,167,0.024332786846424426,0,🟢 OK
61,19,166,0.015333362345515578,0,🟢 OK
61,20,165,0.039234672793635905,0,🟢 OK
61,21,164,0.035558466939799915,0,🟢 OK
61,22,163,0.028051781928546238,0,🟢 OK
61,23,162,0.019517725431476785,0,🟢 OK
61,24,161,0.014429070865238092,0,🟢 OK
61,25,160,0.016018318229606754,0,🟢 OK
61,26,159,0.012555004876880105,0,🟢 OK
61,27,158,0.022108250408531926,0,🟢 OK
61,28,157,0.036653079757220874,0,🟢 OK
61,29,156,0.02833912092603147,0,🟢 OK
61,30,155,0.020132545846103966,0,🟢 OK
61,31,154,0.025301807343994343,0,🟢 OK
61,32,153,0.027038463558183734,0,🟢 OK
61,33,152,0.023302593883629985,0,🟢 OK
61,34,151,0.020075782223244187,0,🟢 OK
61,35,150,0.036275416453396436,0,🟢 OK
61,36,149,0.03499962631323089,0,🟢 OK
61,37,148,0.02495269189505961,0,🟢 OK
61,38,147,0.027309833488213586,0,🟢 OK
61,39,146,0.019987511767352528,0,🟢 OK
61,40,145,0.029958338587636024,0,🟢 OK
61,41,144,0.029595118865754666,0,🟢 OK
61,42,143,0.026836477206349796,0,🟢 OK
61,43,142,0.016676769570186267,0,🟢 OK
61,44,141,0.02283914241696433,0,🟢 OK
61,45,140,0.03350415468074952,0,🟢 OK
61,46,139,0.04409501699793544,0,🟢 OK
61,47,138,0.04227448821781693,0,🟢 OK
61,48,137,0.04022271051612125,0,🟢 OK
61,49,136,0.03745334244958398,0,🟢 OK
61,50,135,0.037839112096209326,0,🟢 OK
61,51,134,0.0317338028983275,0,🟢 OK
61,52,133,0.049399465468503545,0,🟢 OK
61,53,132,0.056607958711815454,0,🟢 OK
61,54,131,0.06673043018112818,0,🟢 OK
61,55,130,0.062301692305400114,0,🟢 OK
61,56,129,0.06400128420851098,0,🟢 OK
61,57,128,0.06216231760411334,0,🟢 OK
61,58,127,0.06957301026713775,0,🟢 OK
61,59,126,0.05018676213117712,0,🟢 OK
61,60,125,0.0503234908896662,0,🟢 OK
61,61,124,0.057438638695378796,0,🟢 OK
61,62,123,0.05710073484335293,0,🟢 OK
61,63,122,0.032198784377818535,0,🟢 OK
61,64,121,0.04794286667823022,0,🟢 OK
61,65,120,0.04616104573622937,0,🟢 OK
61,66,119,0.04250167241958641,0,🟢 OK
61,67,118,0.03978719156374744,0,🟢 OK
61,68,117,0.034022759832182226,0,🟢 OK
61,69,116,0.03522833196458103,0,🟢 OK
61,70,115,0.04098098121829019,0,🟢 OK
61,71,114,0.05998296454477575,0,🟢 OK
61,72,113,0.05021752307314514,0,🟢 OK
61,73,112,0.05995429822448889,0,🟢 OK
61,74,111,0.06877878826107348,0,🟢 OK
61,75,110,0.07826110501083078,0,🟢 OK
61,76,109,0.08694161330534228,0,🟢 OK
61,77,108,0.08032440642111527,0,🟢 OK
61,78,107,0.09224546242225778,0,🟢 OK
61,79,106,0.08338879244771608,0,🟢 OK
61,80,105,0.07992794864813035,0,🟢 OK
61,81,104,0.07203651207890777,0,🟢 OK
61,82,103,0.07480256772851496,0,🟢 OK
61,83,102,0.056928030746653646,0,🟢 OK
61,84,101,0.05901404812994765,0,🟢 OK
61,85,100,0.06596126956719173,0,🟢 OK
61,86,99,0.06572062266080608,0,🟢 OK
61,87,98,0.06857675985912426,0,🟢 OK
61,88,97,0.06885067296245961,0,🟢 OK
61,89,96,0.08051619725512726,0,🟢 OK
61,90,95,0.09431884323094769,0,🟢 OK
61,91,94,0.08696408712565223,0,🟢 OK
61,92,93,0.08697953296816774,0,🟢 OK
61,93,92,0.09310822363821875,0,🟢 OK
61,94,91,0.09227087716479715,0,🟢 OK
61,95,90,0.09602956396972423,0,🟢 OK
61,96,89,0.09340580275145,0,🟢 OK
61,97,88,0.10148740031912551,0,🟢 OK
61,98,87,0.09165978202597552,0,🟢 OK
61,99,86,0.09461778209956406,0,🟢 OK
61,100,85,0.0891904830971676,0,🟢 OK
61,101,84,0.08748216038751094,0,🟢 OK
61,102,83,0.08114738117176262,0,🟢 OK
61,103,82,0.09087190725761335,0,🟢 OK
61,104,81,0.09277127625356346,0,🟢 OK
61,105,80,0.08354791629614217,0,🟢 OK
61,106,79,0.08761999697313022,0,🟢 OK
61,107,78,0.07249592006984418,0,🟢 OK
61,108,77,0.07743068812449916,0,🟢 OK
61,109,76,0.08946879537768798,0,🟢 OK
61,110,75,0.08851405557174008,0,🟢 OK
61,111,74,0.09879157994429122,0,🟢 OK
61,112,73,0.09668665874097171,0,🟢 OK
61,113,72,0.10051908679677218,0,🟢 OK
61,114,71,0.09937165001844289,0,🟢 OK
61,115,70,0.1035787167014735,0,🟢 OK
61,116,69,0.0966710776281739,0,🟢 OK
61,117,68,0.1097648621375199,0,🟢 OK
61,118,67,0.10221366005271598,0,🟢 OK
61,119,66,0.10967984128113417,0,🟢 OK
61,120,65,0.10080600373218607,0,🟢 OK
61,121,64,0.09818433756915673,0,🟢 OK
61,122,63,0.08987964602486465,0,🟢 OK
61,123,62,0.08239519224108999,0,🟢 OK
61,124,61,0.09197429569517063,0,🟢 OK
61,125,60,0.10530741541507571,0,🟢 OK
61,126,59,0.10108708277065492,0,🟢 OK
61,127,58,0.1108479932977498,0,🟢 OK
61,128,57,0.10212169415874456,0,🟢 OK
61,129,56,0.10894849877409923,0,🟢 OK
61,130,55,0.10586200391104372,0,🟢 OK
61,131,54,0.10683501756012148,0,🟢 OK
61,132,53,0.1155782693034676,0,🟢 OK
61,133,52,0.11483638944080704,0,🟢 OK
61,134,51,0.11331364417236522,0,🟢 OK
61,135,50,0.12381236793413974,0,🟢 OK
61,136,49,0.12245305786188093,0,🟢 OK
61,137,48,0.11659603990384049,0,🟢 OK
61,138,47,0.11764666837976284,0,🟢 OK
61,139,46,0.1117497111447987,0,🟢 OK
61,140,45,0.11681360549640535,0,🟢 OK
61,141,44,0.11800277336224024,0,🟢 OK
61,142,43,0.11378095681332023,0,🟢 OK
61,143,42,0.11396179357364405,0,🟢 OK
61,144,41,0.10839457165534111,0,🟢 OK
61,145,40,0.09358472857421729,0,🟢 OK
61,146,39,0.09328281693849316,0,🟢 OK
61,147,38,0.09876313714109075,0,🟢 OK
61,148,37,0.10185799511451421,0,🟢 OK
61,149,36,0.10685306821121426,0,🟢 OK
61,150,35,0.09758236923674202,0,🟢 OK
61,151,34,0.09875801525507705,0,🟢 OK
61,152,33,0.09218258955826825,0,🟢 OK
61,153,32,0.07885413663705937,0,🟢 OK
61,154,31,0.06924290180702619,0,🟢 OK
61,155,30,0.07117782941134004,0,🟢 OK
61,156,29,0.04708867464423844,0,🟢 OK
61,157,28,0.035491262955299585,0,🟢 OK
61,158,27,0.037227633280207395,0,🟢 OK
61,159,26,0.03127334725413644,0,🟢 OK
61,160,25,0.035284161129766844,0,🟢 OK
61,161,24,0.03150232888306753,0,🟢 OK
61,162,23,0.029206554329579748,0,🟢 OK
61,163,22,0.03290361755283433,0,🟢 OK
61,164,21,0.0163394758013653,0,🟢 OK
61,165,20,0.009711686126926966,0,🟢 OK
61,166,19,0.00590284747254155,0,🟢 OK
61,167,18,0.009414416756639399,0,🟢 OK
61,168,17,0.011769084672569652,0,🟢 OK
61,169,16,0.014247961253328278,0,🟢 OK
61,170,15,0.0065852558662564675,0,🟢 OK
61,171,14,-8.207861244247106e-05,1,🟢 OK
61,172,13,-0.009599056472446743,1,🟢 OK
61,173,12,-0.012280988728070263,1,🟢 OK
61,174,11,-0.016726290313749947,1,🟢 OK
61,175,10,-0.028054443131871887,1,🟢 OK
61,176,9,-0.04870597750626082,1,🟢 OK
61,177,8,-0.05427761583163049,1,🟢 OK
61,178,7,-0.048974366580990525,1,🟢 OK
61,179,6,-0.06319382317178968,1,🟢 OK
61,180,5,-0.05353674472285119,1,🟢 OK
61,181,4,-0.04531523248252445,1,🟢 OK
61,182,3,-0.041468881180895645,1,🟢 OK
61,183,2,-0.0318580040071168,1,🔴 ALERT
61,184,1,-0.04145783528643732,1,🔴 ALERT
61,185,0,-0.036498913338451455,1,🔴 ALERT
62,1,179,0.12213769648420614,0,🟢 OK
62,2,178,0.013244848598739478,0,🟢 OK
62,3,177,0.0704742053223315,0,🟢 OK
62,4,176,0.09727024302105608,0,🟢 OK
62,5,175,0.10337610490783755,0,🟢 OK
62,6,174,0.10851744597273705,0,🟢 OK
62,7,173,0.11272765824225262,0,🟢 OK
62,8,172,0.10895373374113337,0,🟢 OK
62,9,171,0.11351966334242963,0,🟢 OK
62,10,170,0.10862369286527473,0,🟢 OK
62,11,169,0.09504425967464475,0,🟢 OK
62,12,168,0.0999740204378069,0,🟢 OK
62,13,167,0.09636616978077395,0,🟢 OK
62,14,166,0.0989263191920266,0,🟢 OK
62,15,165,0.09616762899197528,0,🟢 OK
62,16,164,0.10251068555999182,0,🟢 OK
62,17,163,0.10813344009568193,0,🟢 OK
62,18,162,0.1063603069286958,0,🟢 OK
62,19,161,0.10988619024565549,0,🟢 OK
62,20,160,0.10419492346237519,0,🟢 OK
62,21,159,0.09781265644139753,0,🟢 OK
62,22,158,0.10240975874986952,0,🟢 OK
62,23,157,0.11286202925540079,0,🟢 OK
62,24,156,0.10972275949630905,0,🟢 OK
62,25,155,0.10794482047378673,0,🟢 OK
62,26,154,0.10984674686997858,0,🟢 OK
62,27,153,0.10984991955420154,0,🟢 OK
62,28,152,0.10978308906269763,0,🟢 OK
62,29,151,0.09975667526622367,0,🟢 OK
62,30,150,0.09843890653800169,0,🟢 OK
62,31,149,0.09451258368748122,0,🟢 OK
62,32,148,0.09518544329965228,0,🟢 OK
62,33,147,0.09976885970706839,0,🟢 OK
62,34,146,0.09793062169823369,0,🟢 OK
62,35,145,0.09608295516540916,0,🟢 OK
62,36,144,0.0988835682452614,0,🟢 OK
62,37,143,0.09412525121557186,0,🟢 OK
62,38,142,0.08745178539205839,0,🟢 OK
62,39,141,0.09393006893113559,0,🟢 OK
62,40,140,0.10694438816529744,0,🟢 OK
62,41,139,0.11359997203132105,0,🟢 OK
62,42,138,0.1201457034180069,0,🟢 OK
62,43,137,0.11713218928945884,0,🟢 OK
62,44,136,0.11342309600578215,0,🟢 OK
62,45,135,0.11333650870538031,0,🟢 OK
62,46,134,0.10706186897480796,0,🟢 OK
62,47,133,0.10781446827318225,0,🟢 OK
62,48,132,0.10119149606042377,0,🟢 OK
62,49,131,0.09785618529122736,0,🟢 OK
62,50,130,0.10554965229703356,0,🟢 OK
62,51,129,0.10465270271976312,0,🟢 OK
62,52,128,0.10062354443481297,0,🟢 OK
62,53,127,0.10545965645156691,0,🟢 OK
62,54,126,0.10457902383724471,0,🟢 OK
62,55,125,0.09049961130813838,0,🟢 OK
62,56,124,0.09198002201931305,0,🟢 OK
62,57,123,0.09167715283170019,0,🟢 OK
62,58,122,0.08382220780607752,0,🟢 OK
62,59,121,0.09442542237331708,0,🟢 OK
62,60,120,0.08737185941192738,0,🟢 OK
62,61,119,0.08331956010113001,0,🟢 OK
62,62,118,0.07935727639899132,0,🟢 OK
62,63,117,0.07013141233096254,0,🟢 OK
62,64,116,0.06909600586486758,0,🟢 OK
62,65,115,0.0848230542269422,0,🟢 OK
62,66,114,0.08752619231321873,0,🟢 OK
62,67,113,0.08350991454789541,0,🟢 OK
62,68,112,0.09799576491982248,0,🟢 OK
62,69,111,0.09140524335800648,0,🟢 OK
62,70,110,0.08354426199837234,0,🟢 OK
62,71,109,0.08684663600924791,0,🟢 OK
62,72,108,0.07011631857213751,0,🟢 OK
62,73,107,0.08445402211286629,0,🟢 OK
62,74,106,0.08451458837590509,0,🟢 OK
62,75,105,0.08512264215936965,0,🟢 OK
62,76,104,0.07085285900479443,0,🟢 OK
62,77,103,0.07532687508709585,0,🟢 OK
62,78,102,0.06714934193041722,0,🟢 OK
62,79,101,0.07557596068935996,0,🟢 OK
62,80,100,0.05718401638293902,0,🟢 OK
62,81,99,0.0650001193232762,0,🟢 OK
62,82,98,0.0842973456715359,0,🟢 OK
62,83,97,0.08086652747719425,0,🟢 OK
62,84,96,0.08629090187252159,0,🟢 OK
62,85,95,0.06961935343442494,0,🟢 OK
62,86,94,0.08698523736337088,0,🟢 OK
62,87,93,0.07696432045013685,0,🟢 OK
62,88,92,0.08005219777842426,0,🟢 OK
62,89,91,0.07937772931378179,0,🟢 OK
62,90,90,0.078266611428084,0,🟢 OK
62,91,89,0.0767071291499738,0,🟢 OK
62,92,88,0.06722951132963262,0,🟢 OK
62,93,87,0.06232285317266412,0,🟢 OK
62,94,86,0.05206644491627416,0,🟢 OK
62,95,85,0.052984762084943515,0,🟢 OK
62,96,84,0.05570937273327492,0,🟢 OK
62,97,83,0.04389172581133244,0,🟢 OK
62,98,82,0.06028527936250527,0,🟢 OK
62,99,81,0.03246315450490517,0,🟢 OK
62,100,80,0.03487957576653489,0,🟢 OK
62,101,79,0.04263447976401519,0,🟢 OK
62,102,78,0.05685751624777324,0,🟢 OK
62,103,77,0.061992569228000116,0,🟢 OK
62,104,76,0.07790056618136143,0,🟢 OK
62,105,75,0.08169681399969048,0,🟢 OK
62,106,74,0.08074902347212598,0,🟢 OK
62,107,73,0.07985667304762306,0,🟢 OK
62,108,72,0.07213058405251543,0,🟢 OK
62,109,71,0.08244723403283333,0,🟢 OK
62,110,70,0.08739192824481484,0,🟢 OK
62,111,69,0.07380849867842354,0,🟢 OK
62,112,68,0.05910032331348247,0,🟢 OK
62,113,67,0.05698748718051627,0,🟢 OK
62,114,66,0.047799094355372496,0,🟢 OK
62,115,65,0.05302407050105551,0,🟢 OK
62,116,64,0.050720776578344784,0,🟢 OK
62,117,63,0.04809592291086273,0,🟢 OK
62,118,62,0.05032698092686394,0,🟢 OK
62,119,61,0.061030539647689896,0,🟢 OK
62,120,60,0.04738126960713773,0,🟢 OK
62,121,59,0.06957434434754528,0,🟢 OK
62,122,58,0.06300275502532143,0,🟢 OK
62,123,57,0.05813786574860608,0,🟢 OK
62,124,56,0.06157676130556594,0,🟢 OK
62,125,55,0.03869373313067498,0,🟢 OK
62,126,54,0.02158935577606369,0,🟢 OK
62,127,53,0.008129076993421525,0,🟢 OK
62,128,52,0.019553557358020945,0,🟢 OK
62,129,51,0.011623069548482023,0,🟢 OK
62,130,50,0.0055941484197150615,0,🟢 OK
62,131,49,0.020522285870369417,0,🟢 OK
62,132,48,0.016204986092605844,0,🟢 OK
62,133,47,0.014032849391395985,0,🟢 OK
62,134,46,0.008307590862741576,0,🟢 OK
62,135,45,0.006437141986075701,0,🟢 OK
62,136,44,0.010712762393430941,0,🟢 OK
62,137,43,0.016035257895975874,0,🟢 OK
62,138,42,0.026587821050052585,0,🟢 OK
62,139,41,0.0029768776302444566,0,🟢 OK
62,140,40,0.0008018058327741162,0,🟢 OK
62,141,39,-0.006035566047669638,1,🟢 OK
62,142,38,-0.007005825949474631,1,🟢 OK
62,143,37,0.0009324153187700857,0,🟢 OK
62,144,36,0.0011238200769387863,0,🟢 OK
62,145,35,0.008951591800352487,0,🟢 OK
62,146,34,-0.015862438315899174,1,🟢 OK
62,147,33,-0.02280815552127402,1,🟢 OK
62,148,32,-0.01738779864301876,1,🟢 OK
62,149,31,-0.012244509102256274,1,🟢 OK
62,150,30,-0.009330460163783694,1,🟢 OK
62,151,29,-0.007810335582041694,1,🟢 OK
62,152,28,-0.006036620207475973,1,🟢 OK
62,153,27,-0.0158941501913884,1,🟢 OK
62,154,26,-0.015190508631184652,1,🟢 OK
62,155,25,-0.00730168189323388,1,🔴 ALERT
62,156,24,-0.009404344811743126,1,🔴 ALERT
62,157,23,-0.021845267031316062,1,🔴 ALERT
62,158,22,-0.018856325437799915,1,🔴 ALERT
62,159,21,-0.021222950794380302,1,🔴 ALERT
62,160,20,-0.021342940919728548,1,🔴 ALERT
62,161,19,-0.02375838094931393,1,🔴 ALERT
62,162,18,-0.024768815818411505,1,🔴 ALERT
62,163,17,-0.02240715910899793,1,🔴 ALERT
62,164,16,-0.023037559016937603,1,🔴 ALERT
62,165,15,-0.023784337924619314,1,🔴 ALERT
62,166,14,-0.014776498715735609,1,🔴 ALERT
62,167,13,-0.014638866354463653,1,🔴 ALERT
62,168,12,-0.008587746434753019,1,🔴 ALERT
62,169,11,-0.016356706446682523,1,🔴 ALERT
62,170,10,-0.028856865939568266,1,🔴 ALERT
62,171,9,-0.027198364728579172,1,🔴 ALERT
62,172,8,-0.010780222315121213,1,🔴 ALERT
62,173,7,-0.013717128758678476,1,🔴 ALERT
62,174,6,-0.02012952080404251,1,🔴 ALERT
62,175,5,-0.02715045093245705,1,🔴 ALERT
62,176,4,-0.021891428632411558,1,🔴 ALERT
62,177,3,-0.02095572210830432,1,🔴 ALERT
62,178,2,-0.013476426712695555,1,🔴 ALERT
62,179,1,-0.016213441808581308,1,🔴 ALERT
62,180,0,-0.013568824430143733,1,🔴 ALERT
63,1,173,0.10473279580213651,0,🟢 OK
63,2,172,0.05120682529713805,0,🟢 OK
63,3,171,0.07803301359198322,0,🟢 OK
63,4,170,0.0813143477405453,0,🟢 OK
63,5,169,0.09030368773920971,0,🟢 OK
63,6,168,0.11350127106654256,0,🟢 OK
63,7,167,0.12295546209910074,0,🟢 OK
63,8,166,0.11994829451669131,0,🟢 OK
63,9,165,0.12895915988907858,0,🟢 OK
63,10,164,0.1239338302607847,0,🟢 OK
63,11,163,0.11962284767378434,0,🟢 OK
63,12,162,0.125798660849266,0,🟢 OK
63,13,161,0.12855793279228994,0,🟢 OK
63,14,160,0.12798045876240705,0,🟢 OK
63,15,159,0.13010590253054422,0,🟢 OK
63,16,158,0.12944883961022702,0,🟢 OK
63,17,157,0.1252745005985098,0,🟢 OK
63,18,156,0.12088562851175882,0,🟢 OK
63,19,155,0.12005836998363434,0,🟢 OK
63,20,154,0.12203266694459247,0,🟢 OK
63,21,153,0.12483597937189328,0,🟢 OK
63,22,152,0.1229681098696756,0,🟢 OK
63,23,151,0.12314746556541456,0,🟢 OK
63,24,150,0.12227237389528162,0,🟢 OK
63,25,149,0.12068042888121522,0,🟢 OK
63,26,148,0.13348536728920274,0,🟢 OK
63,27,147,0.1323757739003137,0,🟢 OK
63,28,146,0.13073446331583866,0,🟢 OK
63,29,145,0.12730014129808648,0,🟢 OK
63,30,144,0.12764216693390718,0,🟢 OK
63,31,143,0.1223895169950206,0,🟢 OK
63,32,142,0.12512864182072897,0,🟢 OK
63,33,141,0.13132986231242216,0,🟢 OK
63,34,140,0.1303815315259596,0,🟢 OK
63,35,139,0.13104272980269077,0,🟢 OK
63,36,138,0.1048383673172234,0,🟢 OK
63,37,137,0.10390863434639563,0,🟢 OK
63,38,136,0.09418690336223529,0,🟢 OK
63,39,135,0.0959117112149222,0,🟢 OK
63,40,134,0.09270842754411046,0,🟢 OK
63,41,133,0.1095985165326227,0,🟢 OK
63,42,132,0.11503029089183653,0,🟢 OK
63,43,131,0.11170519805771989,0,🟢 OK
63,44,130,0.11947238306786545,0,🟢 OK
63,45,129,0.10661196619605579,0,🟢 OK
63,46,128,0.10406829507889442,0,🟢 OK
63,47,127,0.10483825914558598,0,🟢 OK
63,48,126,0.11547521999107174,0,🟢 OK
63,49,125,0.10136295568169723,0,🟢 OK
63,50,124,0.0976153858838208,0,🟢 OK
63,51,123,0.09557971404606286,0,🟢 OK
63,52,122,0.11104559683794807,0,🟢 OK
63,53,121,0.10637933713141834,0,🟢 OK
63,54,120,0.11567913185642792,0,🟢 OK
63,55,119,0.10350153456479777,0,🟢 OK
63,56,118,0.10768251714550992,0,🟢 OK
63,57,117,0.11469898408557705,0,🟢 OK
63,58,116,0.10948163977303454,0,🟢 OK
63,59,115,0.11840304794723078,0,🟢 OK
63,60,114,0.12574842674127573,0,🟢 OK
63,61,113,0.1253456980897732,0,🟢 OK
63,62,112,0.13287116261552012,0,🟢 OK
63,63,111,0.12967241485820624,0,🟢 OK
63,64,110,0.12459171276141284,0,🟢 OK
63,65,109,0.12138206704610266,0,🟢 OK
63,66,108,0.12466761422249306,0,🟢 OK
63,67,107,0.1311602083786485,0,🟢 OK
63,68,106,0.12899473067845513,0,🟢 OK
63,69,105,0.1248027457393367,0,🟢 OK
63,70,104,0.12106342857991514,0,🟢 OK
63,71,103,0.11849960323686165,0,🟢 OK
63,72,102,0.11420242772882083,0,🟢 OK
63,73,101,0.12095886361783326,0,🟢 OK
63,74,100,0.12270732393468403,0,🟢 OK
63,75,99,0.11961579241891018,0,🟢 OK
63,76,98,0.11571271469578748,0,🟢 OK
63,77,97,0.11406334917662952,0,🟢 OK
63,78,96,0.11601661626086829,0,🟢 OK
63,79,95,0.11927176106589382,0,🟢 OK
63,80,94,0.11850603501785156,0,🟢 OK
63,81,93,0.11959966340046502,0,🟢 OK
63,82,92,0.1180361996450976,0,🟢 OK
63,83,91,0.1238989764364653,0,🟢 OK
63,84,90,0.12601584626336026,0,🟢 OK
63,85,89,0.12323549438540432,0,🟢 OK
63,86,88,0.12768104152803772,0,🟢 OK
63,87,87,0.11866054115774571,0,🟢 OK
63,88,86,0.10974739921495713,0,🟢 OK
63,89,85,0.11081034185221461,0,🟢 OK
63,90,84,0.11877015882783337,0,🟢 OK
63,91,83,0.11681559913389694,0,🟢 OK
63,92,82,0.12016392583567609,0,🟢 OK
63,93,81,0.11502752984090031,0,🟢 OK
63,94,80,0.11258087731131428,0,🟢 OK
63,95,79,0.11383609964234498,0,🟢 OK
63,96,78,0.12217631775104137,0,🟢 OK
63,97,77,0.11521503058635085,0,🟢 OK
63,98,76,0.0991372698738579,0,🟢 OK
63,99,75,0.10157256270305914,0,🟢 OK
63,100,74,0.09010266510722742,0,🟢 OK
63,101,73,0.10273301536319462,0,🟢 OK
63,102,72,0.10254698522400141,0,🟢 OK
63,103,71,0.0931895246926211,0,🟢 OK
63,104,70,0.08997523319446987,0,🟢 OK
63,105,69,0.08215679438555185,0,🟢 OK
63,106,68,0.10059853845404004,0,🟢 OK
63,107,67,0.1059543811110335,0,🟢 OK
63,108,66,0.10299052506130302,0,🟢 OK
63,109,65,0.10926558303090217,0,🟢 OK
63,110,64,0.1065491273885511,0,🟢 OK
63,111,63,0.10091673402490159,0,🟢 OK
63,112,62,0.10191718357322033,0,🟢 OK
63,113,61,0.1059533957942973,0,🟢 OK
63,114,60,0.10141921557027017,0,🟢 OK
63,115,59,0.09512159009615767,0,🟢 OK
63,116,58,0.09225937833402253,0,🟢 OK
63,117,57,0.09413676802399046,0,🟢 OK
63,118,56,0.06624454656344225,0,🟢 OK
63,119,55,0.06258043402926206,0,🟢 OK
63,120,54,0.045346695142866045,0,🟢 OK
63,121,53,0.04882590281964916,0,🟢 OK
63,122,52,0.058785207701599784,0,🟢 OK
63,123,51,0.05209223473146113,0,🟢 OK
63,124,50,0.04395067662313129,0,🟢 OK
63,125,49,0.041591646699137286,0,🟢 OK
63,126,48,0.03196669234247196,0,🟢 OK
63,127,47,0.03493471509342455,0,🟢 OK
63,128,46,0.04515995725487437,0,🟢 OK
63,129,45,0.05006520507914525,0,🟢 OK
63,130,44,0.06550991350582286,0,🟢 OK
63,131,43,0.0651471188603665,0,🟢 OK
63,132,42,0.058418433502897216,0,🟢 OK
63,133,41,0.07143260791810402,0,🟢 OK
63,134,40,0.06278699447440012,0,🟢 OK
63,135,39,0.06019204883125562,0,🟢 OK
63,136,38,0.06901027576153862,0,🟢 OK
63,137,37,0.06577148152329948,0,🟢 OK
63,138,36,0.05242906702218714,0,🟢 OK
63,139,35,0.053316600925603586,0,🟢 OK
63,140,34,0.05737256094460719,0,🟢 OK
63,141,33,0.0534678846525774,0,🟢 OK
63,142,32,0.042701409315408945,0,🟢 OK
63,143,31,0.04131137084291886,0,🟢 OK
63,144,30,0.032574983629649445,0,🟢 OK
63,145,29,0.03304452050751622,0,🟢 OK
63,146,28,0.027631822042956944,0,🟢 OK
63,147,27,0.02442420160093578,0,🟢 OK
63,148,26,0.01933964351707751,0,🟢 OK
63,149,25,0.002464694443105264,0,🟢 OK
63,150,24,-0.0076993391944304435,1,🟢 OK
63,151,23,-0.0185827911760863,1,🟢 OK
63,152,22,-0.006497657231890108,1,🟢 OK
63,153,21,-0.021685595208021158,1,🟢 OK
63,154,20,-0.028781255080024715,1,🟢 OK
63,155,19,-0.03757919650470787,1,🟢 OK
63,156,18,-0.019813888472248964,1,🟢 OK
63,157,17,-0.01814418386076333,1,🟢 OK
63,158,16,-0.03475034528771315,1,🟢 OK
63,159,15,-0.04898647380624599,1,🟢 OK
63,160,14,-0.03772406726923072,1,🟢 OK
63,161,13,-0.06271675356960194,1,🔴 ALERT
63,162,12,-0.06283191810998312,1,🔴 ALERT
63,163,11,-0.06125829529948812,1,🔴 ALERT
63,164,10,-0.02946459276318958,1,🔴 ALERT
63,165,9,-0.030825925073046156,1,🔴 ALERT
63,166,8,-0.04487390258825863,1,🔴 ALERT
63,167,7,-0.042897817891546675,1,🔴 ALERT
63,168,6,-0.04770723577216596,1,🔴 ALERT
63,169,5,-0.049869480867538174,1,🔴 ALERT
63,170,4,-0.05685731944123418,1,🔴 ALERT
63,171,3,-0.06522629090197074,1,🔴 ALERT
63,172,2,-0.061513873724863166,1,🔴 ALERT
63,173,1,-0.06710302442523153,1,🔴 ALERT
63,174,0,-0.06925909550974574,1,🔴 ALERT
64,1,282,0.11377408964016128,0,🟢 OK
64,2,281,0.05933625408161114,0,🟢 OK
64,3,280,0.095953330283158,0,🟢 OK
64,4,279,0.105922308460622,0,🟢 OK
64,5,278,0.10129199668599875,0,🟢 OK
64,6,277,0.10711515846341502,0,🟢 OK
64,7,276,0.11735860763126849,0,🟢 OK
64,8,275,0.10123679878902425,0,🟢 OK
64,9,274,0.11163027108871015,0,🟢 OK
64,10,273,0.1134789896571552,0,🟢 OK
64,11,272,0.11875435574035303,0,🟢 OK
64,12,271,0.1184889309680014,0,🟢 OK
64,13,270,0.11215386072738054,0,🟢 OK
64,14,269,0.11082942198137274,0,🟢 OK
64,15,268,0.09384238449826193,0,🟢 OK
64,16,267,0.09111937137765813,0,🟢 OK
64,17,266,0.08587446737349713,0,🟢 OK
64,18,265,0.10425413588363225,0,🟢 OK
64,19,264,0.10553979626522964,0,🟢 OK
64,20,263,0.10757485963510277,0,🟢 OK
64,21,262,0.10482946867785159,0,🟢 OK
64,22,261,0.1015746754536091,0,🟢 OK
64,23,260,0.10906143863507856,0,🟢 OK
64,24,259,0.10127631465871317,0,🟢 OK
64,25,258,0.10880779425307952,0,🟢 OK
64,26,257,0.09893037406078387,0,🟢 OK
64,27,256,0.11379176433266147,0,🟢 OK
64,28,255,0.11441335821828119,0,🟢 OK
64,29,254,0.12098003397803758,0,🟢 OK
64,30,253,0.11571449556728136,0,🟢 OK
64,31,252,0.11272960926681863,0,🟢 OK
64,32,251,0.12079382957061496,0,🟢 OK
64,33,250,0.122722946170789,0,🟢 OK
64,34,249,0.12216564300698346,0,🟢 OK
64,35,248,0.12265900381117606,0,🟢 OK
64,36,247,0.12890719372073578,0,🟢 OK
64,37,246,0.1295738693775041,0,🟢 OK
64,38,245,0.12390364917886182,0,🟢 OK
64,39,244,0.12199833626198925,0,🟢 OK
64,40,243,0.1224273745949846,0,🟢 OK
64,41,242,0.12488511677919173,0,🟢 OK
64,42,241,0.12905346587245908,0,🟢 OK
64,43,240,0.12488684129507038,0,🟢 OK
64,44,239,0.1205646339809609,0,🟢 OK
64,45,238,0.1225617316958742,0,🟢 OK
64,46,237,0.12068348575296739,0,🟢 OK
64,47,236,0.12385961086769609,0,🟢 OK
64,48,235,0.12517504612958263,0,🟢 OK
64,49,234,0.12666890866758268,0,🟢 OK
64,50,233,0.1239727040416389,0,🟢 OK
64,51,232,0.12256388784725486,0,🟢 OK
64,52,231,0.12394309869428333,0,🟢 OK
64,53,230,0.12500809435049048,0,🟢 OK
64,54,229,0.12990433551374492,0,🟢 OK
64,55,228,0.1214975612368373,0,🟢 OK
64,56,227,0.12214246311233201,0,🟢 OK
64,57,226,0.11936138115609646,0,🟢 OK
64,58,225,0.1225439015926949,0,🟢 OK
64,59,224,0.12233876831051166,0,🟢 OK
64,60,223,0.12110784210630843,0,🟢 OK
64,61,222,0.11835430023342086,0,🟢 OK
64,62,221,0.11965968044796732,0,🟢 OK
64,63,220,0.12340455697127856,0,🟢 OK
64,64,219,0.12089865531237315,0,🟢 OK
64,65,218,0.12245831360555026,0,🟢 OK
64,66,217,0.12662112729321223,0,🟢 OK
64,67,216,0.1363371570785336,0,🟢 OK
64,68,215,0.13327844091413177,0,🟢 OK
64,69,214,0.13078094538066393,0,🟢 OK
64,70,213,0.13057626073585282,0,🟢 OK
64,71,212,0.13051186700320955,0,🟢 OK
64,72,211,0.13643885445869586,0,🟢 OK
64,73,210,0.13769987813745982,0,🟢 OK
64,74,209,0.13597612781349439,0,🟢 OK
64,75,208,0.13824699724101486,0,🟢 OK
64,76,207,0.13465454290953466,0,🟢 OK
64,77,206,0.1221565641953381,0,🟢 OK
64,78,205,0.12392867911470146,0,🟢 OK
64,79,204,0.12482954130162888,0,🟢 OK
64,80,203,0.1316771493494947,0,🟢 OK
64,81,202,0.12705272977753906,0,🟢 OK
64,82,201,0.12694540967667578,0,🟢 OK
64,83,200,0.13371062520824406,0,🟢 OK
64,84,199,0.12545740298075653,0,🟢 OK
64,85,198,0.12584407557071264,0,🟢 OK
64,86,197,0.1263838663839662,0,🟢 OK
64,87,196,0.12268912532938092,0,🟢 OK
64,88,195,0.12774453517646206,0,🟢 OK
64,89,194,0.12335957629195238,0,🟢 OK
64,90,193,0.11616196462089529,0,🟢 OK
64,91,192,0.1274681446572234,0,🟢 OK
64,92,191,0.12652685561012827,0,🟢 OK
64,93,190,0.1266496745946939,0,🟢 OK
64,94,189,0.12520388374376712,0,🟢 OK
64,95,188,0.12639418433309996,0,🟢 OK
64,96,187,0.12936555892190477,0,🟢 OK
64,97,186,0.11608596268159593,0,🟢 OK
64,98,185,0.12250862193792389,0,🟢 OK
64,99,184,0.11772483189225041,0,🟢 OK
64,100,183,0.1286564063014517,0,🟢 OK
64,101,182,0.12623522686531113,0,🟢 OK
64,102,181,0.1276915481514967,0,🟢 OK
64,103,180,0.13332904114275074,0,🟢 OK
64,104,179,0.12847979207478433,0,🟢 OK
64,105,178,0.13216986825412408,0,🟢 OK
64,106,177,0.1350045598184761,0,🟢 OK
64,107,176,0.1301484076137464,0,🟢 OK
64,108,175,0.12264713706851593,0,🟢 OK
64,109,174,0.1121348808450337,0,🟢 OK
64,110,173,0.12425301150132956,0,🟢 OK
64,111,172,0.11588938924611952,0,🟢 OK
64,112,171,0.11162908635064706,0,🟢 OK
64,113,170,0.12239871190530055,0,🟢 OK
64,114,169,0.11245223078961336,0,🟢 OK
64,115,168,0.10565396593838972,0,🟢 OK
64,116,167,0.11690956009496556,0,🟢 OK
64,117,166,0.12394400314416748,0,🟢 OK
64,118,165,0.13001512407130383,0,🟢 OK
64,119,164,0.127607379971657,0,🟢 OK
64,120,163,0.13264505480475486,0,🟢 OK
64,121,162,0.12598290673460838,0,🟢 OK
64,122,161,0.12803426985688543,0,🟢 OK
64,123,160,0.12231212485504989,0,🟢 OK
64,124,159,0.12226403812935621,0,🟢 OK
64,125,158,0.11759284328859593,0,🟢 OK
64,126,157,0.11326497003795938,0,🟢 OK
64,127,156,0.12141032879132957,0,🟢 OK
64,128,155,0.11459128106087996,0,🟢 OK
64,129,154,0.11590605056462405,0,🟢 OK
64,130,153,0.1195710616279933,0,🟢 OK
64,131,152,0.12070207005117223,0,🟢 OK
64,132,151,0.11430116172558674,0,🟢 OK
64,133,150,0.1075563667226036,0,🟢 OK
64,134,149,0.10901805476555826,0,🟢 OK
64,135,148,0.1209472679034097,0,🟢 OK
64,136,147,0.11894584788794771,0,🟢 OK
64,137,146,0.10644426864051604,0,🟢 OK
64,138,145,0.09927032050477785,0,🟢 OK
64,139,144,0.09966331354176439,0,🟢 OK
64,140,143,0.10901511075705628,0,🟢 OK
64,141,142,0.11196501712475793,0,🟢 OK
64,142,141,0.11629849426894884,0,🟢 OK
64,143,140,0.12532083822986018,0,🟢 OK
64,144,139,0.12651139649151982,0,🟢 OK
64,145,138,0.1183440028451404,0,🟢 OK
64,146,137,0.13123589586269424,0,🟢 OK
64,147,136,0.1279145528197176,0,🟢 OK
64,148,135,0.12939925245541217,0,🟢 OK
64,149,134,0.11528097330689002,0,🟢 OK
64,150,133,0.10499423268872926,0,🟢 OK
64,151,132,0.11136971824274433,0,🟢 OK
64,152,131,0.1141030597872722,0,🟢 OK
64,153,130,0.09986143248534979,0,🟢 OK
64,154,129,0.10586556286593157,0,🟢 OK
64,155,128,0.09860395572829289,0,🟢 OK
64,156,127,0.08971164042052815,0,🟢 OK
64,157,126,0.09690439808461576,0,🟢 OK
64,158,125,0.11005647973306731,0,🟢 OK
64,159,124,0.11399009539388272,0,🟢 OK
64,160,123,0.11344815378728773,0,🟢 OK
64,161,122,0.10774339871916722,0,🟢 OK
64,162,121,0.11148431588195679,0,🟢 OK
64,163,120,0.11903254766546001,0,🟢 OK
64,164,119,0.12054874213553973,0,🟢 OK
64,165,118,0.12423530878176697,0,🟢 OK
64,166,117,0.11695489750842591,0,🟢 OK
64,167,116,0.11570748463214464,0,🟢 OK
64,168,115,0.11923549040660314,0,🟢 OK
64,169,114,0.12209661354171392,0,🟢 OK
64,170,113,0.11865243211540483,0,🟢 OK
64,171,112,0.11970377769936746,0,🟢 OK
64,172,111,0.1129354136413811,0,🟢 OK
64,173,110,0.11622238953857972,0,🟢 OK
64,174,109,0.11915560994004992,0,🟢 OK
64,175,108,0.11373159103923791,0,🟢 OK
64,176,107,0.11048559006882558,0,🟢 OK
64,177,106,0.10090436927541901,0,🟢 OK
64,178,105,0.10016053935047659,0,🟢 OK
64,179,104,0.09667077974250182,0,🟢 OK
64,180,103,0.0837563549067693,0,🟢 OK
64,181,102,0.09068791990663128,0,🟢 OK
64,182,101,0.0854949373005301,0,🟢 OK
64,183,100,0.0707959615050931,0,🟢 OK
64,184,99,0.06454487798375819,0,🟢 OK
64,185,98,0.07193087932206277,0,🟢 OK
64,186,97,0.06675596047664123,0,🟢 OK
64,187,96,0.06562145596580032,0,🟢 OK
64,188,95,0.08277171898453523,0,🟢 OK
64,189,94,0.0880493133245599,0,🟢 OK
64,190,93,0.08937676599277372,0,🟢 OK
64,191,92,0.09373468450791739,0,🟢 OK
64,192,91,0.09504480476285004,0,🟢 OK
64,193,90,0.09581345760295895,0,🟢 OK
64,194,89,0.08499775152228362,0,🟢 OK
64,195,88,0.07246615970529485,0,🟢 OK
64,196,87,0.06828908549429163,0,🟢 OK
64,197,86,0.0647530896480395,0,🟢 OK
64,198,85,0.05568631010943881,0,🟢 OK
64,199,84,0.059557074946757826,0,🟢 OK
64,200,83,0.0683116644732839,0,🟢 OK
64,201,82,0.06230922658237609,0,🟢 OK
64,202,81,0.06098471843018799,0,🟢 OK
64,203,80,0.06891714404794869,0,🟢 OK
64,204,79,0.0725221177125146,0,🟢 OK
64,205,78,0.08057607287635865,0,🟢 OK
64,206,77,0.0674962229426927,0,🟢 OK
64,207,76,0.07065891977276284,0,🟢 OK
64,208,75,0.07194619775817207,0,🟢 OK
64,209,74,0.08648411992519939,0,🟢 OK
64,210,73,0.08489477608970786,0,🟢 OK
64,211,72,0.07820210593212562,0,🟢 OK
64,212,71,0.09366684279081694,0,🟢 OK
64,213,70,0.07273451765393768,0,🟢 OK
64,214,69,0.07662980433649103,0,🟢 OK
64,215,68,0.06189296416313478,0,🟢 OK
64,216,67,0.07226119779036377,0,🟢 OK
64,217,66,0.058591935536617734,0,🟢 OK
64,218,65,0.05648570734777464,0,🟢 OK
64,219,64,0.04701628830301163,0,🟢 OK
64,220,63,0.044406528700092984,0,🟢 OK
64,221,62,0.01904138394620014,0,🟢 OK
64,222,61,0.007300108803855676,0,🟢 OK
64,223,60,0.02522264156679438,0,🟢 OK
64,224,59,0.02872513317084996,0,🟢 OK
64,225,58,0.02179198213617961,0,🟢 OK
64,226,57,0.012188433929468945,0,🟢 OK
64,227,56,0.011085728295385566,0,🟢 OK
64,228,55,0.0070142037626481635,0,🟢 OK
64,229,54,0.001535618144336337,0,🟢 OK
64,230,53,-0.0026650784011069684,1,🟢 OK
64,231,52,0.008409338002608124,0,🟢 OK
64,232,51,0.012646038761205902,0,🟢 OK
64,233,50,0.0003102786339416186,0,🟢 OK
64,234,49,-0.004393738008268366,1,🟢 OK
64,235,48,-0.013290371107299248,1,🟢 OK
64,236,47,0.002743796768801543,0,🟢 OK
64,237,46,-0.0027220585780440842,1,🟢 OK
64,238,45,0.004250861006072526,0,🟢 OK
64,239,44,-0.004128578726853682,1,🟢 OK
64,240,43,-0.03755521561103825,1,🟢 OK
64,241,42,-0.035851286559466344,1,🟢 OK
64,242,41,-0.039595789085317246,1,🟢 OK
64,243,40,-0.032776466686726624,1,🟢 OK
64,244,39,-0.028299580448388983,1,🟢 OK
64,245,38,-0.016808856929051985,1,🟢 OK
64,246,37,-0.027785891357739456,1,🟢 OK
64,247,36,-0.028847623465237282,1,🟢 OK
64,248,35,-0.0466112873500516,1,🔴 ALERT
64,249,34,-0.029160336432980327,1,🔴 ALERT
64,250,33,-0.024990693357540894,1,🔴 ALERT
64,251,32,-0.02888471925687075,1,🔴 ALERT
64,252,31,-0.023045005108609407,1,🔴 ALERT
64,253,30,-0.023698059751091294,1,🔴 ALERT
64,254,29,-0.022933952426110404,1,🔴 ALERT
64,255,28,-0.028740929099400403,1,🔴 ALERT
64,256,27,-0.025536702673842115,1,🔴 ALERT
64,257,26,-0.0396833452391715,1,🔴 ALERT
64,258,25,-0.03249391422503933,1,🔴 ALERT
64,259,24,-0.03351812642808716,1,🔴 ALERT
64,260,23,-0.03372994653045458,1,🔴 ALERT
64,261,22,-0.029791688527120552,1,🔴 ALERT
64,262,21,-0.028877321444139903,1,🔴 ALERT
64,263,20,-0.04141567027630122,1,🔴 ALERT
64,264,19,-0.04258369605078238,1,🔴 ALERT
64,265,18,-0.03376394522052617,1,🔴 ALERT
64,266,17,-0.030723855507623243,1,🔴 ALERT
64,267,16,-0.033119393215912396,1,🔴 ALERT
64,268,15,-0.028921750732385676,1,🔴 ALERT
64,269,14,-0.03346120060522395,1,🔴 ALERT
64,270,13,-0.05501436670119464,1,🔴 ALERT
64,271,12,-0.06080727634481553,1,🔴 ALERT
64,272,11,-0.055422018987116406,1,🔴 ALERT
64,273,10,-0.05911072045663934,1,🔴 ALERT
64,274,9,-0.05252388042355771,1,🔴 ALERT
64,275,8,-0.047301368736316074,1,🔴 ALERT
64,276,7,-0.04119348270495449,1,🔴 ALERT
64,277,6,-0.04289405462628482,1,🔴 ALERT
64,278,5,-0.04467503506605741,1,🔴 ALERT
64,279,4,-0.044203730505832595,1,🔴 ALERT
64,280,3,-0.03130644612048139,1,🔴 ALERT
64,281,2,-0.0367195350968087,1,🔴 ALERT
64,282,1,-0.04148690808277988,1,🔴 ALERT
64,283,0,-0.04388166931464543,1,🔴 ALERT
65,1,152,0.08855653151375675,0,🟢 OK
65,2,151,0.04396391801949734,0,🟢 OK
65,3,150,0.01682646192354048,0,🟢 OK
65,4,149,0.034630222306843816,0,🟢 OK
65,5,148,0.04296363186340624,0,🟢 OK
65,6,147,0.041670775239793345,0,🟢 OK
65,7,146,0.06967110833347762,0,🟢 OK
65,8,145,0.06018119115601045,0,🟢 OK
65,9,144,0.07363814609827918,0,🟢 OK
65,10,143,0.07168975521100068,0,🟢 OK
65,11,142,0.06569850699747937,0,🟢 OK
65,12,141,0.05711070742271024,0,🟢 OK
65,13,140,0.066968906027841,0,🟢 OK
65,14,139,0.06719955094154173,0,🟢 OK
65,15,138,0.06782241860158372,0,🟢 OK
65,16,137,0.06558469118574223,0,🟢 OK
65,17,136,0.06675852769479085,0,🟢 OK
65,18,135,0.08367579833830746,0,🟢 OK
65,19,134,0.08375100075617326,0,🟢 OK
65,20,133,0.0846458704666142,0,🟢 OK
65,21,132,0.08764249148935493,0,🟢 OK
65,22,131,0.09041501035105404,0,🟢 OK
65,23,130,0.09291262210755713,0,🟢 OK
65,24,129,0.08741658489213272,0,🟢 OK
65,25,128,0.09148939074227541,0,🟢 OK
65,26,127,0.07327106332278926,0,🟢 OK
65,27,126,0.06665939107057689,0,🟢 OK
65,28,125,0.06653746508284597,0,🟢 OK
65,29,124,0.07969575210711471,0,🟢 OK
65,30,123,0.06880001479969605,0,🟢 OK
65,31,122,0.062060957978738285,0,🟢 OK
65,32,121,0.06034852601251167,0,🟢 OK
65,33,120,0.07430348568487122,0,🟢 OK
65,34,119,0.06759995148429776,0,🟢 OK
65,35,118,0.0626719314620538,0,🟢 OK
65,36,117,0.07455876905292075,0,🟢 OK
65,37,116,0.07887143703329952,0,🟢 OK
65,38,115,0.06374963087085733,0,🟢 OK
65,39,114,0.06856316370986204,0,🟢 OK
65,40,113,0.06542322061318656,0,🟢 OK
65,41,112,0.06799681892854426,0,🟢 OK
65,42,111,0.0725856155914475,0,🟢 OK
65,43,110,0.07757540705416416,0,🟢 OK
65,44,109,0.07946367216955541,0,🟢 OK
65,45,108,0.0826255191960295,0,🟢 OK
65,46,107,0.09179841145128537,0,🟢 OK
65,47,106,0.08401604574798338,0,🟢 OK
65,48,105,0.09600504330928256,0,🟢 OK
65,49,104,0.08522386040905772,0,🟢 OK
65,50,103,0.09591239733101548,0,🟢 OK
65,51,102,0.09663550060699311,0,🟢 OK
65,52,101,0.09785999498110909,0,🟢 OK
65,53,100,0.09502059115334172,0,🟢 OK
65,54,99,0.09150567958371592,0,🟢 OK
65,55,98,0.08904589370274607,0,🟢 OK
65,56,97,0.08930160089651806,0,🟢 OK
65,57,96,0.0934965307976553,0,🟢 OK
65,58,95,0.0969982332247164,0,🟢 OK
65,59,94,0.10594941334362762,0,🟢 OK
65,60,93,0.10107675467218508,0,🟢 OK
65,61,92,0.10177297083257347,0,🟢 OK
65,62,91,0.10866325488019218,0,🟢 OK
65,63,90,0.10587282154097338,0,🟢 OK
65,64,89,0.10129054192191722,0,🟢 OK
65,65,88,0.10236110724746594,0,🟢 OK
65,66,87,0.09914679493847295,0,🟢 OK
65,67,86,0.08655189216056797,0,🟢 OK
65,68,85,0.09163517518421732,0,🟢 OK
65,69,84,0.10429805666382885,0,🟢 OK
65,70,83,0.10091395668935793,0,🟢 OK
65,71,82,0.10007512716425454,0,🟢 OK
65,72,81,0.09381166304650207,0,🟢 OK
65,73,80,0.09168982712906809,0,🟢 OK
65,74,79,0.10279122280017616,0,🟢 OK
65,75,78,0.09637870555568606,0,🟢 OK
65,76,77,0.09853312878868287,0,🟢 OK
65,77,76,0.094061182028993,0,🟢 OK
65,78,75,0.09813460059972962,0,🟢 OK
65,79,74,0.10424816066343279,0,🟢 OK
65,80,73,0.09621644216936287,0,🟢 OK
65,81,72,0.09544948715290685,0,🟢 OK
65,82,71,0.11202630008562231,0,🟢 OK
65,83,70,0.11700611080203299,0,🟢 OK
65,84,69,0.10585577240677235,0,🟢 OK
65,85,68,0.11458494946882358,0,🟢 OK
65,86,67,0.1116544164045788,0,🟢 OK
65,87,66,0.1105961191810918,0,🟢 OK
65,88,65,0.1183663191813053,0,🟢 OK
65,89,64,0.11577457387239976,0,🟢 OK
65,90,63,0.11916245421647337,0,🟢 OK
65,91,62,0.11691073606132141,0,🟢 OK
65,92,61,0.11434823143909562,0,🟢 OK
65,93,60,0.11121713087488722,0,🟢 OK
65,94,59,0.11456222315936898,0,🟢 OK
65,95,58,0.11664545060674475,0,🟢 OK
65,96,57,0.10978471051811994,0,🟢 OK
65,97,56,0.1100994758155519,0,🟢 OK
65,98,55,0.1121133414107337,0,🟢 OK
65,99,54,0.11420295260367475,0,🟢 OK
65,100,53,0.11052052499372483,0,🟢 OK
65,101,52,0.11609627574546089,0,🟢 OK
65,102,51,0.11654075804580144,0,🟢 OK
65,103,50,0.11698038775315717,0,🟢 OK
65,104,49,0.12198806215520369,0,🟢 OK
65,105,48,0.12071076104430539,0,🟢 OK
65,106,47,0.12827253475925154,0,🟢 OK
65,107,46,0.12276651827147878,0,🟢 OK
65,108,45,0.12430842267024766,0,🟢 OK
65,109,44,0.10674170190933785,0,🟢 OK
65,110,43,0.11050121298559856,0,🟢 OK
65,111,42,0.10618038006323166,0,🟢 OK
65,112,41,0.12009056389518608,0,🟢 OK
65,113,40,0.11994916458331895,0,🟢 OK
65,114,39,0.11734980452756322,0,🟢 OK
65,115,38,0.11357688050107145,0,🟢 OK
65,116,37,0.12063290371780133,0,🟢 OK
65,117,36,0.11937630987481707,0,🟢 OK
65,118,35,0.11692779932014508,0,🟢 OK
65,119,34,0.1097955526255473,0,🟢 OK
65,120,33,0.11601491698795607,0,🟢 OK
65,121,32,0.097082229916507,0,🟢 OK
65,122,31,0.08524409799484217,0,🟢 OK
65,123,30,0.07205002691265044,0,🟢 OK
65,124,29,0.06837212659447323,0,🟢 OK
65,125,28,0.06671337428454527,0,🟢 OK
65,126,27,0.0647177405805498,0,🟢 OK
65,127,26,0.06100808280257897,0,🟢 OK
65,128,25,0.05089011151021944,0,🟢 OK
65,129,24,0.05337531572531451,0,🟢 OK
65,130,23,0.050905853554146285,0,🟢 OK
65,131,22,0.05032175741625089,0,🟢 OK
65,132,21,0.04339201666686865,0,🟢 OK
65,133,20,0.03604442323707596,0,🟢 OK
65,134,19,0.011274269793643876,0,🟢 OK
65,135,18,-0.005652938996378976,1,🟢 OK
65,136,17,-0.016423133420083058,1,🟢 OK
65,137,16,-0.004917017953782743,1,🟢 OK
65,138,15,-0.02096841724068521,1,🟢 OK
65,139,14,-0.024200736051433913,1,🟢 OK
65,140,13,-0.009375656183382208,1,🟢 OK
65,141,12,-0.03194743904693331,1,🟢 OK
65,142,11,-0.025588459208618075,1,🟢 OK
65,143,10,-0.02680507497902951,1,🟢 OK
65,144,9,-0.033132676943192996,1,🟢 OK
65,145,8,-0.04670811045174339,1,🟢 OK
65,146,7,-0.05695660144825365,1,🟢 OK
65,147,6,-0.052704157189258916,1,🟢 OK
65,148,5,-0.05450983756498662,1,🟢 OK
65,149,4,-0.07663798532506572,1,🔴 ALERT
65,150,3,-0.06375550474008396,1,🔴 ALERT
65,151,2,-0.052139478319328414,1,🔴 ALERT
65,152,1,-0.043206275759516855,1,🔴 ALERT
65,153,0,-0.028837277658109062,1,🔴 ALERT
66,1,201,0.12750683555443976,0,🟢 OK
66,2,200,0.0440071669865833,0,🟢 OK
66,3,199,0.04353725192290525,0,🟢 OK
66,4,198,0.07276623891968609,0,🟢 OK
66,5,197,0.08612925083764544,0,🟢 OK
66,6,196,0.09909896692146003,0,🟢 OK
66,7,195,0.10995377121935285,0,🟢 OK
66,8,194,0.1113199179025629,0,🟢 OK
66,9,193,0.1047557177030991,0,🟢 OK
66,10,192,0.11054646958712122,0,🟢 OK
66,11,191,0.1071277468708855,0,🟢 OK
66,12,190,0.10332294119736946,0,🟢 OK
66,13,189,0.10755980234616269,0,🟢 OK
66,14,188,0.1120821499621803,0,🟢 OK
66,15,187,0.11369280132453075,0,🟢 OK
66,16,186,0.1121894921174984,0,🟢 OK
66,17,185,0.10898817340737899,0,🟢 OK
66,18,184,0.10050147470005699,0,🟢 OK
66,19,183,0.1002077180493553,0,🟢 OK
66,20,182,0.09463230405557788,0,🟢 OK
66,21,181,0.09725769947832758,0,🟢 OK
66,22,180,0.10270694018054816,0,🟢 OK
66,23,179,0.11175756226821704,0,🟢 OK
66,24,178,0.11401395711835854,0,🟢 OK
66,25,177,0.11286634185248062,0,🟢 OK
66,26,176,0.11053183347929485,0,🟢 OK
66,27,175,0.11403817356883883,0,🟢 OK
66,28,174,0.09528397285373141,0,🟢 OK
66,29,173,0.0935275168647578,0,🟢 OK
66,30,172,0.0930371275855903,0,🟢 OK
66,31,171,0.08933179985674267,0,🟢 OK
66,32,170,0.08632121476987736,0,🟢 OK
66,33,169,0.10934121828373561,0,🟢 OK
66,34,168,0.10610400988055513,0,🟢 OK
66,35,167,0.10651225955430577,0,🟢 OK
66,36,166,0.09579155995602734,0,🟢 OK
66,37,165,0.09711691957324897,0,🟢 OK
66,38,164,0.0821246998273486,0,🟢 OK
66,39,163,0.10980857086814494,0,🟢 OK
66,40,162,0.10790256787065905,0,🟢 OK
66,41,161,0.10242733216671185,0,🟢 OK
66,42,160,0.10463782213271217,0,🟢 OK
66,43,159,0.10496093253347766,0,🟢 OK
66,44,158,0.09749373505203246,0,🟢 OK
66,45,157,0.08631021712018483,0,🟢 OK
66,46,156,0.08566581727849404,0,🟢 OK
66,47,155,0.09123540379219242,0,🟢 OK
66,48,154,0.09795585283601033,0,🟢 OK
66,49,153,0.0976449634060656,0,🟢 OK
66,50,152,0.10218877580284891,0,🟢 OK
66,51,151,0.10264961958307917,0,🟢 OK
66,52,150,0.10641298601576243,0,🟢 OK
66,53,149,0.09795249435476616,0,🟢 OK
66,54,148,0.09507532696248783,0,🟢 OK
66,55,147,0.09159886300119363,0,🟢 OK
66,56,146,0.07873484779487228,0,🟢 OK
66,57,145,0.0732724314343492,0,🟢 OK
66,58,144,0.07191234371945865,0,🟢 OK
66,59,143,0.05468899223093787,0,🟢 OK
66,60,142,0.05874091551138544,0,🟢 OK
66,61,141,0.05296380004673429,0,🟢 OK
66,62,140,0.06262044230492603,0,🟢 OK
66,63,139,0.050151378606152874,0,🟢 OK
66,64,138,0.06598604266935681,0,🟢 OK
66,65,137,0.07687888735511866,0,🟢 OK
66,66,136,0.08043835130259419,0,🟢 OK
66,67,135,0.08656562681560587,0,🟢 OK
66,68,134,0.07893407248789447,0,🟢 OK
66,69,133,0.10120722809327803,0,🟢 OK
66,70,132,0.09231041402253692,0,🟢 OK
66,71,131,0.08328796084526324,0,🟢 OK
66,72,130,0.08361527589091527,0,🟢 OK
66,73,129,0.09519637009561832,0,🟢 OK
66,74,128,0.07559224511756613,0,🟢 OK
66,75,127,0.07170516901534757,0,🟢 OK
66,76,126,0.06506214825695944,0,🟢 OK
66,77,125,0.05886610584273999,0,🟢 OK
66,78,124,0.054240278154805754,0,🟢 OK
66,79,123,0.07220873412255085,0,🟢 OK
66,80,122,0.075739932671393,0,🟢 OK
66,81,121,0.06873738063767643,0,🟢 OK
66,82,120,0.06220550969816235,0,🟢 OK
66,83,119,0.06406803666211708,0,🟢 OK
66,84,118,0.07213060675338145,0,🟢 OK
66,85,117,0.07185695167657125,0,🟢 OK
66,86,116,0.07733210860001133,0,🟢 OK
66,87,115,0.06965588996029831,0,🟢 OK
66,88,114,0.07801940666798152,0,🟢 OK
66,89,113,0.08370644724647225,0,🟢 OK
66,90,112,0.08412916923356095,0,🟢 OK
66,91,111,0.06673295013977526,0,🟢 OK
66,92,110,0.07541765041479681,0,🟢 OK
66,93,109,0.0732136642669417,0,🟢 OK
66,94,108,0.0969196337517117,0,🟢 OK
66,95,107,0.055263094630184306,0,🟢 OK
66,96,106,0.06732975444036077,0,🟢 OK
66,97,105,0.05781139959114656,0,🟢 OK
66,98,104,0.0572691581501758,0,🟢 OK
66,99,103,0.0497147011158704,0,🟢 OK
66,100,102,0.05048009870272824,0,🟢 OK
66,101,101,0.04727433631179989,0,🟢 OK
66,102,100,0.057476747477310186,0,🟢 OK
66,103,99,0.041916272852540626,0,🟢 OK
66,104,98,0.04607003880249316,0,🟢 OK
66,105,97,0.052378636882636165,0,🟢 OK
66,106,96,0.04692924611142485,0,🟢 OK
66,107,95,0.07143987394036327,0,🟢 OK
66,108,94,0.05606708333596666,0,🟢 OK
66,109,93,0.05106671492844561,0,🟢 OK
66,110,92,0.054483831468709165,0,🟢 OK
66,111,91,0.058278947392102765,0,🟢 OK
66,112,90,0.061486720403851725,0,🟢 OK
66,113,89,0.07104799904581421,0,🟢 OK
66,114,88,0.06778074270094947,0,🟢 OK
66,115,87,0.05877725224617819,0,🟢 OK
66,116,86,0.03178860017038504,0,🟢 OK
66,117,85,0.021255307352171682,0,🟢 OK
66,118,84,0.025077449917447203,0,🟢 OK
66,119,83,0.029379393527371178,0,🟢 OK
66,120,82,0.010960826721855,0,🟢 OK
66,121,81,0.01973078832083852,0,🟢 OK
66,122,80,0.018170151866199635,0,🟢 OK
66,123,79,0.015499901788581572,0,🟢 OK
66,124,78,0.024893997820837288,0,🟢 OK
66,125,77,0.03792182832448482,0,🟢 OK
66,126,76,0.05338412744964793,0,🟢 OK
66,127,75,0.03469372649402486,0,🟢 OK
66,128,74,0.03835471441490018,0,🟢 OK
66,129,73,0.0348835359349447,0,🟢 OK
66,130,72,0.043017575144848885,0,🟢 OK
66,131,71,0.047583478854722805,0,🟢 OK
66,132,70,0.043808590133866065,0,🟢 OK
66,133,69,0.022858826014177824,0,🟢 OK
66,134,68,0.03314617495099731,0,🟢 OK
66,135,67,0.018769136700131972,0,🟢 OK
66,136,66,0.019406700880049588,0,🟢 OK
66,137,65,0.02201113056839854,0,🟢 OK
66,138,64,0.02519442692886742,0,🟢 OK
66,139,63,0.020525641792077665,0,🟢 OK
66,140,62,0.028423655866582853,0,🟢 OK
66,141,61,0.024559294693260347,0,🟢 OK
66,142,60,0.028949167150126576,0,🟢 OK
66,143,59,0.03462298920942014,0,🟢 OK
66,144,58,0.0235489987024205,0,🟢 OK
66,145,57,0.03465956522728009,0,🟢 OK
66,146,56,0.034194737496272165,0,🟢 OK
66,147,55,0.018283833067901656,0,🟢 OK
66,148,54,0.0072495155066603645,0,🟢 OK
66,149,53,0.018884193556706175,0,🟢 OK
66,150,52,0.0021825052104360587,0,🟢 OK
66,151,51,0.0019069674045228968,0,🟢 OK
66,152,50,0.004062030695072272,0,🟢 OK
66,153,49,0.004455609523400406,0,🟢 OK
66,154,48,-0.00035086058389333097,1,🟢 OK
66,155,47,0.006994486976143688,0,🟢 OK
66,156,46,-0.0016341608661948337,1,🟢 OK
66,157,45,-0.004514507361191411,1,🟢 OK
66,158,44,-0.007004845009665583,1,🟢 OK
66,159,43,-0.008590387392594101,1,🟢 OK
66,160,42,-0.006836444432482325,1,🟢 OK
66,161,41,0.006916594110249197,0,🟢 OK
66,162,40,0.0002494306859404105,0,🟢 OK
66,163,39,-0.006702917470763237,1,🟢 OK
66,164,38,-0.00814308261004959,1,🟢 OK
66,165,37,-0.013323539088774483,1,🟢 OK
66,166,36,-0.014118187284243078,1,🟢 OK
66,167,35,-0.02739981358524679,1,🟢 OK
66,168,34,-0.025296195696317025,1,🟢 OK
66,169,33,-0.023594297442738,1,🟢 OK
66,170,32,-0.03131660381542223,1,🟢 OK
66,171,31,-0.036555577628711866,1,🟢 OK
66,172,30,-0.0396240590314062,1,🟢 OK
66,173,29,-0.034862468774742084,1,🔴 ALERT
66,174,28,-0.0382530564528617,1,🔴 ALERT
66,175,27,-0.0265005637854433,1,🔴 ALERT
66,176,26,-0.032593183525138514,1,🔴 ALERT
66,177,25,-0.0282284557923409,1,🔴 ALERT
66,178,24,-0.028883924334962008,1,🔴 ALERT
66,179,23,-0.025373695483001613,1,🔴 ALERT
66,180,22,-0.029049586552086337,1,🔴 ALERT
66,181,21,-0.02661980805391928,1,🔴 ALERT
66,182,20,-0.014886805437301365,1,🔴 ALERT
66,183,19,-0.025049008146778573,1,🔴 ALERT
66,184,18,-0.027694143592434495,1,🔴 ALERT
66,185,17,-0.028363929441947544,1,🔴 ALERT
66,186,16,-0.02165739330232408,1,🔴 ALERT
66,187,15,-0.02957333837981191,1,🔴 ALERT
66,188,14,-0.034006284519520924,1,🔴 ALERT
66,189,13,-0.028411611791381075,1,🔴 ALERT
66,190,12,-0.02271286359153246,1,🔴 ALERT
66,191,11,-0.0236248888309476,1,🔴 ALERT
66,192,10,-0.028272433030476996,1,🔴 ALERT
66,193,9,-0.021870832496115766,1,🔴 ALERT
66,194,8,-0.011318296731335664,1,🔴 ALERT
66,195,7,-0.01431108250798585,1,🔴 ALERT
66,196,6,-0.016788854415609955,1,🔴 ALERT
66,197,5,-0.012123960138765488,1,🔴 ALERT
66,198,4,-0.028603525819247855,1,🔴 ALERT
66,199,3,-0.02345610803713527,1,🔴 ALERT
66,200,2,-0.03154436093859281,1,🔴 ALERT
66,201,1,-0.03891565309708833,1,🔴 ALERT
66,202,0,-0.031541815704522747,1,🔴 ALERT
67,1,312,0.09826429003297488,0,🟢 OK
67,2,311,0.038108066629153836,0,🟢 OK
67,3,310,0.055601525152190356,0,🟢 OK
67,4,309,0.07145191365693199,0,🟢 OK
67,5,308,0.0905446225046963,0,🟢 OK
67,6,307,0.09451821548991746,0,🟢 OK
67,7,306,0.08940657905992799,0,🟢 OK
67,8,305,0.09620993423328861,0,🟢 OK
67,9,304,0.09690499769663008,0,🟢 OK
67,10,303,0.10252788613396902,0,🟢 OK
67,11,302,0.0953586505012935,0,🟢 OK
67,12,301,0.10277019916057462,0,🟢 OK
67,13,300,0.10507594014149335,0,🟢 OK
67,14,299,0.10073253433695112,0,🟢 OK
67,15,298,0.1056103439166598,0,🟢 OK
67,16,297,0.11051502307288091,0,🟢 OK
67,17,296,0.10042176463365216,0,🟢 OK
67,18,295,0.09834522503246823,0,🟢 OK
67,19,294,0.10274711107658346,0,🟢 OK
67,20,293,0.10621363390318084,0,🟢 OK
67,21,292,0.10051027279868674,0,🟢 OK
67,22,291,0.10383023746689063,0,🟢 OK
67,23,290,0.10893098156718828,0,🟢 OK
67,24,289,0.10242456554632551,0,🟢 OK
67,25,288,0.094613927831808,0,🟢 OK
67,26,287,0.09830000244755133,0,🟢 OK
67,27,286,0.10496008528508466,0,🟢 OK
67,28,285,0.08890323597730926,0,🟢 OK
67,29,284,0.08566931737616806,0,🟢 OK
67,30,283,0.0877862821464368,0,🟢 OK
67,31,282,0.09163874933165184,0,🟢 OK
67,32,281,0.09066983319491845,0,🟢 OK
67,33,280,0.09747399196376944,0,🟢 OK
67,34,279,0.12102088967571584,0,🟢 OK
67,35,278,0.12536030601226056,0,🟢 OK
67,36,277,0.1171975153700825,0,🟢 OK
67,37,276,0.12144746067572793,0,🟢 OK
67,38,275,0.11859810055015707,0,🟢 OK
67,39,274,0.13013997444690856,0,🟢 OK
67,40,273,0.12588227218596765,0,🟢 OK
67,41,272,0.1313873571989117,0,🟢 OK
67,42,271,0.1209775314208173,0,🟢 OK
67,43,270,0.12129003616949363,0,🟢 OK
67,44,269,0.11945942587859693,0,🟢 OK
67,45,268,0.11560721309331223,0,🟢 OK
67,46,267,0.10681018550925403,0,🟢 OK
67,47,266,0.11224696891309716,0,🟢 OK
67,48,265,0.11046640639289074,0,🟢 OK
67,49,264,0.10884889734909259,0,🟢 OK
67,50,263,0.10807912075719311,0,🟢 OK
67,51,262,0.11087235268751872,0,🟢 OK
67,52,261,0.10516315190760844,0,🟢 OK
67,53,260,0.1018681593166616,0,🟢 OK
67,54,259,0.11071612969063055,0,🟢 OK
67,55,258,0.11643350446275114,0,🟢 OK
67,56,257,0.11582202890090065,0,🟢 OK
67,57,256,0.1154654107348751,0,🟢 OK
67,58,255,0.10577079684351332,0,🟢 OK
67,59,254,0.11532107266648556,0,🟢 OK
67,60,253,0.11681171853534311,0,🟢 OK
67,61,252,0.1142078496346971,0,🟢 OK
67,62,251,0.11800621569976172,0,🟢 OK
67,63,250,0.11890501937062087,0,🟢 OK
67,64,249,0.11945985474746607,0,🟢 OK
67,65,248,0.11665636581447486,0,🟢 OK
67,66,247,0.11609475515344087,0,🟢 OK
67,67,246,0.11548308533137014,0,🟢 OK
67,68,245,0.11294670661079659,0,🟢 OK
67,69,244,0.11160602540202069,0,🟢 OK
67,70,243,0.10125377120976109,0,🟢 OK
67,71,242,0.10713684817467028,0,🟢 OK
67,72,241,0.11258199242027073,0,🟢 OK
67,73,240,0.10636783522097959,0,🟢 OK
67,74,239,0.09096830749867524,0,🟢 OK
67,75,238,0.09224646650341434,0,🟢 OK
67,76,237,0.09589478798615197,0,🟢 OK
67,77,236,0.09431375114184681,0,🟢 OK
67,78,235,0.10860362855231231,0,🟢 OK
67,79,234,0.1088874757279168,0,🟢 OK
67,80,233,0.11523195859356222,0,🟢 OK
67,81,232,0.10990155005963165,0,🟢 OK
67,82,231,0.1143380191284632,0,🟢 OK
67,83,230,0.11865388689786632,0,🟢 OK
67,84,229,0.12468668844824038,0,🟢 OK
67,85,228,0.1043984889227243,0,🟢 OK
67,86,227,0.1221380170072982,0,🟢 OK
67,87,226,0.11481775095228453,0,🟢 OK
67,88,225,0.10885150201371513,0,🟢 OK
67,89,224,0.0874695448749177,0,🟢 OK
67,90,223,0.08277599032400101,0,🟢 OK
67,91,222,0.08066767064441105,0,🟢 OK
67,92,221,0.0855470334198371,0,🟢 OK
67,93,220,0.08467437213749107,0,🟢 OK
67,94,219,0.08549451110625678,0,🟢 OK
67,95,218,0.07623446868998146,0,🟢 OK
67,96,217,0.08121623523691629,0,🟢 OK
67,97,216,0.08332221307533677,0,🟢 OK
67,98,215,0.09085504078713935,0,🟢 OK
67,99,214,0.10485767283540604,0,🟢 OK
67,100,213,0.08426710816070099,0,🟢 OK
67,101,212,0.08034650157305051,0,🟢 OK
67,102,211,0.07974513947213341,0,🟢 OK
67,103,210,0.08584788468647353,0,🟢 OK
67,104,209,0.10051328526434644,0,🟢 OK
67,105,208,0.10963505651069777,0,🟢 OK
67,106,207,0.09970310232746288,0,🟢 OK
67,107,206,0.10023559803522197,0,🟢 OK
67,108,205,0.10891433198049849,0,🟢 OK
67,109,204,0.11202814886693269,0,🟢 OK
67,110,203,0.11682421619271038,0,🟢 OK
67,111,202,0.11729124543816022,0,🟢 OK
67,112,201,0.11616813241568053,0,🟢 OK
67,113,200,0.11020508988286137,0,🟢 OK
67,114,199,0.11386686151531605,0,🟢 OK
67,115,198,0.11541946091532262,0,🟢 OK
67,116,197,0.11354482624621448,0,🟢 OK
67,117,196,0.11810385846825061,0,🟢 OK
67,118,195,0.12084018408620067,0,🟢 OK
67,119,194,0.11691093799519758,0,🟢 OK
67,120,193,0.1160501027526219,0,🟢 OK
67,121,192,0.10774596068197195,0,🟢 OK
67,122,191,0.11151057751088111,0,🟢 OK
67,123,190,0.11140730389148867,0,🟢 OK
67,124,189,0.10838332689267927,0,🟢 OK
67,125,188,0.10256153824031122,0,🟢 OK
67,126,187,0.09980232359279045,0,🟢 OK
67,127,186,0.10573768521290694,0,🟢 OK
67,128,185,0.11097305349776654,0,🟢 OK
67,129,184,0.10461429979672371,0,🟢 OK
67,130,183,0.10991727998291734,0,🟢 OK
67,131,182,0.11123816167521733,0,🟢 OK
67,132,181,0.11671655549289922,0,🟢 OK
67,133,180,0.11132667043958416,0,🟢 OK
67,134,179,0.12394850858982409,0,🟢 OK
67,135,178,0.12190627572148144,0,🟢 OK
67,136,177,0.1273405165461769,0,🟢 OK
67,137,176,0.1252255637029221,0,🟢 OK
67,138,175,0.13002826890827862,0,🟢 OK
67,139,174,0.12225035899402381,0,🟢 OK
67,140,173,0.12865223090602873,0,🟢 OK
67,141,172,0.11983733955489834,0,🟢 OK
67,142,171,0.11769109302128511,0,🟢 OK
67,143,170,0.11762003418629208,0,🟢 OK
67,144,169,0.12546844547516933,0,🟢 OK
67,145,168,0.12736958580823915,0,🟢 OK
67,146,167,0.12646741642544557,0,🟢 OK
67,147,166,0.11856012083508033,0,🟢 OK
67,148,165,0.12308215437015896,0,🟢 OK
67,149,164,0.12546733726473047,0,🟢 OK
67,150,163,0.12638236969943245,0,🟢 OK
67,151,162,0.12583840004335983,0,🟢 OK
67,152,161,0.11435525825714066,0,🟢 OK
67,153,160,0.11142681350560696,0,🟢 OK
67,154,159,0.10293123560692352,0,🟢 OK
67,155,158,0.10972154725732741,0,🟢 OK
67,156,157,0.11222353915783861,0,🟢 OK
67,157,156,0.1106146284504585,0,🟢 OK
67,158,155,0.10611117127797065,0,🟢 OK
67,159,154,0.10284060044287208,0,🟢 OK
67,160,153,0.10949791870914583,0,🟢 OK
67,161,152,0.11227882497245306,0,🟢 OK
67,162,151,0.10820485354607229,0,🟢 OK
67,163,150,0.11054621719275026,0,🟢 OK
67,164,149,0.11266576101027964,0,🟢 OK
67,165,148,0.11130370822731955,0,🟢 OK
67,166,147,0.11853223032722654,0,🟢 OK
67,167,146,0.11774227841707063,0,🟢 OK
67,168,145,0.1150465490691302,0,🟢 OK
67,169,144,0.1147780776567493,0,🟢 OK
67,170,143,0.11357002624013868,0,🟢 OK
67,171,142,0.11363874080196978,0,🟢 OK
67,172,141,0.12574934473783284,0,🟢 OK
67,173,140,0.12132711972962018,0,🟢 OK
67,174,139,0.12961355060336127,0,🟢 OK
67,175,138,0.12696398622974187,0,🟢 OK
67,176,137,0.11857066251773002,0,🟢 OK
67,177,136,0.10111863553139239,0,🟢 OK
67,178,135,0.10289066720377965,0,🟢 OK
67,179,134,0.1063104649056053,0,🟢 OK
67,180,133,0.10277822058303637,0,🟢 OK
67,181,132,0.0989920436325793,0,🟢 OK
67,182,131,0.10569342736067538,0,🟢 OK
67,183,130,0.10692860282781758,0,🟢 OK
67,184,129,0.1191212390872125,0,🟢 OK
67,185,128,0.11241516741940327,0,🟢 OK
67,186,127,0.1263501968993635,0,🟢 OK
67,187,126,0.11796624611948575,0,🟢 OK
67,188,125,0.1221131153158787,0,🟢 OK
67,189,124,0.1180507009999815,0,🟢 OK
67,190,123,0.10213093713739396,0,🟢 OK
67,191,122,0.10286866203095446,0,🟢 OK
67,192,121,0.0970261513005109,0,🟢 OK
67,193,120,0.09455440989730696,0,🟢 OK
67,194,119,0.09241864625017876,0,🟢 OK
67,195,118,0.09987623773290333,0,🟢 OK
67,196,117,0.09608684298879455,0,🟢 OK
67,197,116,0.08460934108917051,0,🟢 OK
67,198,115,0.09228327363130695,0,🟢 OK
67,199,114,0.10316731877661395,0,🟢 OK
67,200,113,0.11077933736173429,0,🟢 OK
67,201,112,0.10744740479161552,0,🟢 OK
67,202,111,0.10663803005181788,0,🟢 OK
67,203,110,0.10592796986688524,0,🟢 OK
67,204,109,0.10001411445711372,0,🟢 OK
67,205,108,0.08693408604455916,0,🟢 OK
67,206,107,0.07662900579468607,0,🟢 OK
67,207,106,0.08769096921913677,0,🟢 OK
67,208,105,0.07501834887110725,0,🟢 OK
67,209,104,0.07977147905301474,0,🟢 OK
67,210,103,0.06724274791444979,0,🟢 OK
67,211,102,0.07170564876443197,0,🟢 OK
67,212,101,0.05951599127401069,0,🟢 OK
67,213,100,0.0596191702560111,0,🟢 OK
67,214,99,0.05402887650024457,0,🟢 OK
67,215,98,0.06345991341200985,0,🟢 OK
67,216,97,0.049551420780987454,0,🟢 OK
67,217,96,0.05391364415668781,0,🟢 OK
67,218,95,0.04836628287679762,0,🟢 OK
67,219,94,0.056037096521001306,0,🟢 OK
67,220,93,0.06001186388345242,0,🟢 OK
67,221,92,0.06436565795461374,0,🟢 OK
67,222,91,0.0756707266158067,0,🟢 OK
67,223,90,0.07973186224283119,0,🟢 OK
67,224,89,0.06785319479183771,0,🟢 OK
67,225,88,0.06640827788562503,0,🟢 OK
67,226,87,0.06647700557828151,0,🟢 OK
67,227,86,0.06317864224409231,0,🟢 OK
67,228,85,0.07080610681903626,0,🟢 OK
67,229,84,0.06387479684563718,0,🟢 OK
67,230,83,0.04625919631270131,0,🟢 OK
67,231,82,0.07267496075311763,0,🟢 OK
67,232,81,0.06769668070000667,0,🟢 OK
67,233,80,0.06340860546715399,0,🟢 OK
67,234,79,0.08889750693719461,0,🟢 OK
67,235,78,0.06593556006159978,0,🟢 OK
67,236,77,0.08258843127706178,0,🟢 OK
67,237,76,0.07469615274208924,0,🟢 OK
67,238,75,0.06513609705677803,0,🟢 OK
67,239,74,0.05687017595907501,0,🟢 OK
67,240,73,0.052506376289149836,0,🟢 OK
67,241,72,0.02881130565799528,0,🟢 OK
67,242,71,0.02047986018110981,0,🟢 OK
67,243,70,0.03059540110471487,0,🟢 OK
67,244,69,0.032214662891167145,0,🟢 OK
67,245,68,0.02998751021873214,0,🟢 OK
67,246,67,0.01956790739274461,0,🟢 OK
67,247,66,0.01605312455406166,0,🟢 OK
67,248,65,0.014399194769257162,0,🟢 OK
67,249,64,0.003036917609403056,0,🟢 OK
67,250,63,0.006637048118451061,0,🟢 OK
67,251,62,0.010203303732820801,0,🟢 OK
67,252,61,0.020850486680666358,0,🟢 OK
67,253,60,0.02500343818667039,0,🟢 OK
67,254,59,0.03510706512507911,0,🟢 OK
67,255,58,0.03862070527603467,0,🟢 OK
67,256,57,0.019889453054783512,0,🟢 OK
67,257,56,0.017653858679114343,0,🟢 OK
67,258,55,0.018808927835194,0,🟢 OK
67,259,54,0.015743630314914492,0,🟢 OK
67,260,53,0.018911673394463757,0,🟢 OK
67,261,52,0.019185629449389174,0,🟢 OK
67,262,51,0.012505955679114278,0,🟢 OK
67,263,50,0.012480858551252416,0,🟢 OK
67,264,49,0.013287473429456853,0,🟢 OK
67,265,48,0.01838774546356603,0,🟢 OK
67,266,47,0.007016729041810388,0,🟢 OK
67,267,46,0.008835929609624371,0,🟢 OK
67,268,45,0.003490503115012089,0,🟢 OK
67,269,44,0.011395122426788362,0,🟢 OK
67,270,43,-0.0026104809323058698,1,🟢 OK
67,271,42,0.004599058045797522,0,🟢 OK
67,272,41,0.005611299078133625,0,🟢 OK
67,273,40,-0.0006352379381714401,1,🟢 OK
67,274,39,-0.003943692257310616,1,🟢 OK
67,275,38,-0.00770902419867503,1,🟢 OK
67,276,37,-0.003910697006039854,1,🟢 OK
67,277,36,-0.013090690729631316,1,🟢 OK
67,278,35,-0.009887287363585462,1,🟢 OK
67,279,34,-0.018605374263267582,1,🟢 OK
67,280,33,-0.02454067971675855,1,🟢 OK
67,281,32,-0.02349393004888045,1,🟢 OK
67,282,31,-0.016003102837518934,1,🟢 OK
67,283,30,-0.017401091675770752,1,🟢 OK
67,284,29,-0.02296393411968667,1,🟢 OK
67,285,28,-0.021079977521788695,1,🟢 OK
67,286,27,-0.021986336305822807,1,🔴 ALERT
67,287,26,-0.026072728908142162,1,🔴 ALERT
67,288,25,-0.03011584017127411,1,🔴 ALERT
67,289,24,-0.03633601786385143,1,🔴 ALERT
67,290,23,-0.02683662531552433,1,🔴 ALERT
67,291,22,-0.039045381799385326,1,🔴 ALERT
67,292,21,-0.02335703657164423,1,🔴 ALERT
67,293,20,-0.02626245082288048,1,🔴 ALERT
67,294,19,-0.030963526114695328,1,🔴 ALERT
67,295,18,-0.024534384156505773,1,🔴 ALERT
67,296,17,-0.0320426222666641,1,🔴 ALERT
67,297,16,-0.03584214172351263,1,🔴 ALERT
67,298,15,-0.04883159544971383,1,🔴 ALERT
67,299,14,-0.04071393657320532,1,🔴 ALERT
67,300,13,-0.02525333539691832,1,🔴 ALERT
67,301,12,-0.028761370911966733,1,🔴 ALERT
67,302,11,-0.026113886252895346,1,🔴 ALERT
67,303,10,-0.027056403529517437,1,🔴 ALERT
67,304,9,-0.021599754929911064,1,🔴 ALERT
67,305,8,-0.02516167453982543,1,🔴 ALERT
67,306,7,-0.02496961666650499,1,🔴 ALERT
67,307,6,-0.03236880875321857,1,🔴 ALERT
67,308,5,-0.0293077318775099,1,🔴 ALERT
67,309,4,-0.04348582060782824,1,🔴 ALERT
67,310,3,-0.04018496114586767,1,🔴 ALERT
67,311,2,-0.04647280650755392,1,🔴 ALERT
67,312,1,-0.05255612229315787,1,🔴 ALERT
67,313,0,-0.06102943050252285,1,🔴 ALERT
68,1,198,0.12782431774209724,0,🟢 OK
68,2,197,0.08512145658974862,0,🟢 OK
68,3,196,0.08732028535410508,0,🟢 OK
68,4,195,0.10702284872356976,0,🟢 OK
68,5,194,0.10910718989999119,0,🟢 OK
68,6,193,0.11120117273043678,0,🟢 OK
68,7,192,0.12336077329321737,0,🟢 OK
68,8,191,0.12420901673588558,0,🟢 OK
68,9,190,0.12469180086640208,0,🟢 OK
68,10,189,0.12555572343995158,0,🟢 OK
68,11,188,0.1277762800588389,0,🟢 OK
68,12,187,0.1265443349233243,0,🟢 OK
68,13,186,0.11720969030655448,0,🟢 OK
68,14,185,0.12245217868022323,0,🟢 OK
68,15,184,0.12339344807982944,0,🟢 OK
68,16,183,0.11230502254054897,0,🟢 OK
68,17,182,0.1163959560067167,0,🟢 OK
68,18,181,0.1157874623046854,0,🟢 OK
68,19,180,0.12172031511816861,0,🟢 OK
68,20,179,0.12483082539718138,0,🟢 OK
68,21,178,0.1219959271086401,0,🟢 OK
68,22,177,0.11290711655657326,0,🟢 OK
68,23,176,0.1198129657101028,0,🟢 OK
68,24,175,0.11916084062119103,0,🟢 OK
68,25,174,0.11728649516999856,0,🟢 OK
68,26,173,0.11934623940341593,0,🟢 OK
68,27,172,0.11816284439436953,0,🟢 OK
68,28,171,0.11754464527929936,0,🟢 OK
68,29,170,0.11998234157541032,0,🟢 OK
68,30,169,0.11508106497856829,0,🟢 OK
68,31,168,0.1204851818184573,0,🟢 OK
68,32,167,0.11493271510341657,0,🟢 OK
68,33,166,0.11335448605291548,0,🟢 OK
68,34,165,0.11319589877485337,0,🟢 OK
68,35,164,0.11327676334139564,0,🟢 OK
68,36,163,0.12030911945364126,0,🟢 OK
68,37,162,0.10976082899932721,0,🟢 OK
68,38,161,0.09094790612192505,0,🟢 OK
68,39,160,0.09300858041760413,0,🟢 OK
68,40,159,0.09261362169532333,0,🟢 OK
68,41,158,0.09075301093686411,0,🟢 OK
68,42,157,0.07544352112516944,0,🟢 OK
68,43,156,0.07445103927432584,0,🟢 OK
68,44,155,0.07416863297591741,0,🟢 OK
68,45,154,0.09327254439917304,0,🟢 OK
68,46,153,0.09076551237604724,0,🟢 OK
68,47,152,0.09350353066534506,0,🟢 OK
68,48,151,0.11094034228794442,0,🟢 OK
68,49,150,0.12416986011296177,0,🟢 OK
68,50,149,0.1193580861304272,0,🟢 OK
68,51,148,0.11134515777125897,0,🟢 OK
68,52,147,0.11764915408070159,0,🟢 OK
68,53,146,0.12406009985848843,0,🟢 OK
68,54,145,0.11954567225850043,0,🟢 OK
68,55,144,0.11625465031083287,0,🟢 OK
68,56,143,0.11394956933330891,0,🟢 OK
68,57,142,0.11632604278717701,0,🟢 OK
68,58,141,0.11721765256325772,0,🟢 OK
68,59,140,0.12035152619271883,0,🟢 OK
68,60,139,0.12628938274994972,0,🟢 OK
68,61,138,0.11863369385788047,0,🟢 OK
68,62,137,0.12416277879507798,0,🟢 OK
68,63,136,0.12084397824587045,0,🟢 OK
68,64,135,0.11959934180108195,0,🟢 OK
68,65,134,0.12439171326608578,0,🟢 OK
68,66,133,0.1250141563896534,0,🟢 OK
68,67,132,0.12463140904112063,0,🟢 OK
68,68,131,0.12250781574575803,0,🟢 OK
68,69,130,0.111676433816982,0,🟢 OK
68,70,129,0.12416691438441069,0,🟢 OK
68,71,128,0.11085105264198863,0,🟢 OK
68,72,127,0.1091677217996661,0,🟢 OK
68,73,126,0.12462492578944839,0,🟢 OK
68,74,125,0.12329592107980686,0,🟢 OK
68,75,124,0.1103401092337481,0,🟢 OK
68,76,123,0.11136242968737547,0,🟢 OK
68,77,122,0.10144568044583946,0,🟢 OK
68,78,121,0.10927147255746295,0,🟢 OK
68,79,120,0.10758985988592229,0,🟢 OK
68,80,119,0.112128079403706,0,🟢 OK
68,81,118,0.11038179370342066,0,🟢 OK
68,82,117,0.11075684901114807,0,🟢 OK
68,83,116,0.12389402969946894,0,🟢 OK
68,84,115,0.11589235468837644,0,🟢 OK
68,85,114,0.12003337223387495,0,🟢 OK
68,86,113,0.11137098608541401,0,🟢 OK
68,87,112,0.12677532221939009,0,🟢 OK
68,88,111,0.1210243626875433,0,🟢 OK
68,89,110,0.11949929163467776,0,🟢 OK
68,90,109,0.11509853498393474,0,🟢 OK
68,91,108,0.11865048576710358,0,🟢 OK
68,92,107,0.10496867095510787,0,🟢 OK
68,93,106,0.11447744528994092,0,🟢 OK
68,94,105,0.11172267987410323,0,🟢 OK
68,95,104,0.12369514039722151,0,🟢 OK
68,96,103,0.09438740574193283,0,🟢 OK
68,97,102,0.09898620487846194,0,🟢 OK
68,98,101,0.09409560380510412,0,🟢 OK
68,99,100,0.09396161030674327,0,🟢 OK
68,100,99,0.08399733146056898,0,🟢 OK
68,101,98,0.09374775235800803,0,🟢 OK
68,102,97,0.09404214013267909,0,🟢 OK
68,103,96,0.10184015785868716,0,🟢 OK
68,104,95,0.09617917951776489,0,🟢 OK
68,105,94,0.0910609841695788,0,🟢 OK
68,106,93,0.11204020010790405,0,🟢 OK
68,107,92,0.12249273084804235,0,🟢 OK
68,108,91,0.11056572092226896,0,🟢 OK
68,109,90,0.09893571970714377,0,🟢 OK
68,110,89,0.09963813143091521,0,🟢 OK
68,111,88,0.09694786366073088,0,🟢 OK
68,112,87,0.09177355094292583,0,🟢 OK
68,113,86,0.09524703993356626,0,🟢 OK
68,114,85,0.09929130609547898,0,🟢 OK
68,115,84,0.10231447286337486,0,🟢 OK
68,116,83,0.10141381448960479,0,🟢 OK
68,117,82,0.0985155510874895,0,🟢 OK
68,118,81,0.10476737746336234,0,🟢 OK
68,119,80,0.1032780324595422,0,🟢 OK
68,120,79,0.09488200754211146,0,🟢 OK
68,121,78,0.10752759995349909,0,🟢 OK
68,122,77,0.10592975416182326,0,🟢 OK
68,123,76,0.11119266476466427,0,🟢 OK
68,124,75,0.09163784350296972,0,🟢 OK
68,125,74,0.09176726980642297,0,🟢 OK
68,126,73,0.07554441659651201,0,🟢 OK
68,127,72,0.07889488558329966,0,🟢 OK
68,128,71,0.0722937220808455,0,🟢 OK
68,129,70,0.07551891751167794,0,🟢 OK
68,130,69,0.07888319970293489,0,🟢 OK
68,131,68,0.0849684804431678,0,🟢 OK
68,132,67,0.0690916675721382,0,🟢 OK
68,133,66,0.08095128871182089,0,🟢 OK
68,134,65,0.09228827434463421,0,🟢 OK
68,135,64,0.08296946432189412,0,🟢 OK
68,136,63,0.08850915659799491,0,🟢 OK
68,137,62,0.08734909256128504,0,🟢 OK
68,138,61,0.08605096821850489,0,🟢 OK
68,139,60,0.0792851349272517,0,🟢 OK
68,140,59,0.07248239906335258,0,🟢 OK
68,141,58,0.07226562597231401,0,🟢 OK
68,142,57,0.06956358795246331,0,🟢 OK
68,143,56,0.05714838554438234,0,🟢 OK
68,144,55,0.07277418492844606,0,🟢 OK
68,145,54,0.06034832717825428,0,🟢 OK
68,146,53,0.04769703652657392,0,🟢 OK
68,147,52,0.05752750143973723,0,🟢 OK
68,148,51,0.05641770527750756,0,🟢 OK
68,149,50,0.05266329070624054,0,🟢 OK
68,150,49,0.058578933100356945,0,🟢 OK
68,151,48,0.04508361441260211,0,🟢 OK
68,152,47,0.05419467651504423,0,🟢 OK
68,153,46,0.04623875163767055,0,🟢 OK
68,154,45,0.02553388590811706,0,🟢 OK
68,155,44,0.025358919488073284,0,🟢 OK
68,156,43,0.031167617273211823,0,🟢 OK
68,157,42,0.01701092715833996,0,🟢 OK
68,158,41,0.03131550313126108,0,🟢 OK
68,159,40,0.021564904552297814,0,🟢 OK
68,160,39,0.0038473187663490283,0,🟢 OK
68,161,38,0.014135423874618136,0,🟢 OK
68,162,37,0.0035335270005752983,0,🟢 OK
68,163,36,0.014023208044412483,0,🟢 OK
68,164,35,0.010474477770853974,0,🟢 OK
68,165,34,-0.0014593308078567624,1,🟢 OK
68,166,33,0.016063442599785205,0,🟢 OK
68,167,32,0.012577547106502773,0,🟢 OK
68,168,31,0.009477310117160631,0,🟢 OK
68,169,30,-0.00816854966508529,1,🟢 OK
68,170,29,-0.011002314339075281,1,🟢 OK
68,171,28,-0.007939889466048067,1,🟢 OK
68,172,27,-0.00821893521129724,1,🟢 OK
68,173,26,-0.008429098300103965,1,🟢 OK
68,174,25,0.004724114629920284,0,🟢 OK
68,175,24,-0.0028401680838266996,1,🟢 OK
68,176,23,-0.006499196688542153,1,🟢 OK
68,177,22,0.0017373061535098655,0,🟢 OK
68,178,21,-0.00885101760349627,1,🟢 OK
68,179,20,-0.012020516205813236,1,🟢 OK
68,180,19,-0.013812239414643046,1,🟢 OK
68,181,18,-0.012842014136844382,1,🟢 OK
68,182,17,-0.012772413096019952,1,🟢 OK
68,183,16,-0.02253184005770359,1,🟢 OK
68,184,15,-0.046206825772261984,1,🔴 ALERT
68,185,14,-0.04823177541199419,1,🔴 ALERT
68,186,13,-0.04984259937365909,1,🔴 ALERT
68,187,12,-0.04722330982666301,1,🔴 ALERT
68,188,11,-0.06150406428934785,1,🔴 ALERT
68,189,10,-0.06642860016920193,1,🔴 ALERT
68,190,9,-0.056977042833528,1,🔴 ALERT
68,191,8,-0.049794082709973986,1,🔴 ALERT
68,192,7,-0.0458630617779936,1,🔴 ALERT
68,193,6,-0.0460467149554179,1,🔴 ALERT
68,194,5,-0.04911537513514297,1,🔴 ALERT
68,195,4,-0.06004407628517483,1,🔴 ALERT
68,196,3,-0.07059393633511479,1,🔴 ALERT
68,197,2,-0.0748005711873061,1,🔴 ALERT
68,198,1,-0.08855994936656741,1,🔴 ALERT
68,199,0,-0.0913593442720706,1,🔴 ALERT
69,1,361,0.1144928089499807,0,🟢 OK
69,2,360,0.0377210359753436,0,🟢 OK
69,3,359,0.055544407611780144,0,🟢 OK
69,4,358,0.09177242177061495,0,🟢 OK
69,5,357,0.09545404033813493,0,🟢 OK
69,6,356,0.09124536325465521,0,🟢 OK
69,7,355,0.09404502620609606,0,🟢 OK
69,8,354,0.10296983942017013,0,🟢 OK
69,9,353,0.11366217807193246,0,🟢 OK
69,10,352,0.11820825767296628,0,🟢 OK
69,11,351,0.11512824155347606,0,🟢 OK
69,12,350,0.11875762390861178,0,🟢 OK
69,13,349,0.11337300755353169,0,🟢 OK
69,14,348,0.10668453721561366,0,🟢 OK
69,15,347,0.11167908943436738,0,🟢 OK
69,16,346,0.1194917472994455,0,🟢 OK
69,17,345,0.11964113904051621,0,🟢 OK
69,18,344,0.12067195823988458,0,🟢 OK
69,19,343,0.12110489351645998,0,🟢 OK
69,20,342,0.11534710018090971,0,🟢 OK
69,21,341,0.11413012097647507,0,🟢 OK
69,22,340,0.12368249411407534,0,🟢 OK
69,23,339,0.11912655596393729,0,🟢 OK
69,24,338,0.11287265586768624,0,🟢 OK
69,25,337,0.10511929072448745,0,🟢 OK
69,26,336,0.11038540732145852,0,🟢 OK
69,27,335,0.10680235252673781,0,🟢 OK
69,28,334,0.09789327761467426,0,🟢 OK
69,29,333,0.09854574107166514,0,🟢 OK
69,30,332,0.10228674017780826,0,🟢 OK
69,31,331,0.10392654800919376,0,🟢 OK
69,32,330,0.10642199674253655,0,🟢 OK
69,33,329,0.09690564742489621,0,🟢 OK
69,34,328,0.10529590589759913,0,🟢 OK
69,35,327,0.11272670957922687,0,🟢 OK
69,36,326,0.1033189252040988,0,🟢 OK
69,37,325,0.092607935857829,0,🟢 OK
69,38,324,0.11023602873515431,0,🟢 OK
69,39,323,0.10926120714346238,0,🟢 OK
69,40,322,0.1125972300417023,0,🟢 OK
69,41,321,0.11115575169653596,0,🟢 OK
69,42,320,0.11029535908868404,0,🟢 OK
69,43,319,0.11854000956382371,0,🟢 OK
69,44,318,0.11374194167026669,0,🟢 OK
69,45,317,0.10092616085381623,0,🟢 OK
69,46,316,0.11305456107044004,0,🟢 OK
69,47,315,0.10478873733911209,0,🟢 OK
69,48,314,0.11392555878985472,0,🟢 OK
69,49,313,0.11155133622664842,0,🟢 OK
69,50,312,0.11702279480342176,0,🟢 OK
69,51,311,0.10610724995850884,0,🟢 OK
69,52,310,0.11447760022228803,0,🟢 OK
69,53,309,0.11486376944903537,0,🟢 OK
69,54,308,0.1082254594953036,0,🟢 OK
69,55,307,0.11734520825732414,0,🟢 OK
69,56,306,0.11250045309805179,0,🟢 OK
69,57,305,0.11529548861053268,0,🟢 OK
69,58,304,0.11588390658786618,0,🟢 OK
69,59,303,0.11855400252466403,0,🟢 OK
69,60,302,0.12086819712165947,0,🟢 OK
69,61,301,0.09689059314607246,0,🟢 OK
69,62,300,0.10316317113256479,0,🟢 OK
69,63,299,0.08923768270763094,0,🟢 OK
69,64,298,0.09151907058673592,0,🟢 OK
69,65,297,0.08180761105032591,0,🟢 OK
69,66,296,0.0894376501672215,0,🟢 OK
69,67,295,0.07941003215898096,0,🟢 OK
69,68,294,0.0862687323953063,0,🟢 OK
69,69,293,0.08130243104043483,0,🟢 OK
69,70,292,0.08777161020672569,0,🟢 OK
69,71,291,0.08170166794909944,0,🟢 OK
69,72,290,0.07961097142567136,0,🟢 OK
69,73,289,0.0827009852175255,0,🟢 OK
69,74,288,0.07570834328811443,0,🟢 OK
69,75,287,0.0800869818423024,0,🟢 OK
69,76,286,0.08413756619321139,0,🟢 OK
69,77,285,0.10068637099994349,0,🟢 OK
69,78,284,0.09711043379837225,0,🟢 OK
69,79,283,0.09430279272835135,0,🟢 OK
69,80,282,0.0854301920367645,0,🟢 OK
69,81,281,0.10365447229078334,0,🟢 OK
69,82,280,0.10723696511942382,0,🟢 OK
69,83,279,0.11138386604929268,0,🟢 OK
69,84,278,0.11459752964813519,0,🟢 OK
69,85,277,0.12610017553884872,0,🟢 OK
69,86,276,0.1221612033756394,0,🟢 OK
69,87,275,0.1240274416342621,0,🟢 OK
69,88,274,0.12293348442668822,0,🟢 OK
69,89,273,0.13004038210276225,0,🟢 OK
69,90,272,0.1255781972692449,0,🟢 OK
69,91,271,0.12704117827459938,0,🟢 OK
69,92,270,0.12372226793528673,0,🟢 OK
69,93,269,0.12701278171905395,0,🟢 OK
69,94,268,0.09159810341848151,0,🟢 OK
69,95,267,0.10318691129102375,0,🟢 OK
69,96,266,0.1038676279208729,0,🟢 OK
69,97,265,0.09608711742289677,0,🟢 OK
69,98,264,0.09825116745566559,0,🟢 OK
69,99,263,0.0961805944102645,0,🟢 OK
69,100,262,0.09089763161247932,0,🟢 OK
69,101,261,0.08977639632063567,0,🟢 OK
69,102,260,0.09867767479111433,0,🟢 OK
69,103,259,0.09226666394659006,0,🟢 OK
69,104,258,0.11407684573051291,0,🟢 OK
69,105,257,0.1136369421811021,0,🟢 OK
69,106,256,0.12156559241519105,0,🟢 OK
69,107,255,0.11730520697786495,0,🟢 OK
69,108,254,0.11906382768468665,0,🟢 OK
69,109,253,0.09766378790573688,0,🟢 OK
69,110,252,0.10229452187419447,0,🟢 OK
69,111,251,0.09680410870359374,0,🟢 OK
69,112,250,0.09129750416343241,0,🟢 OK
69,113,249,0.09680940259787857,0,🟢 OK
69,114,248,0.08723796894388725,0,🟢 OK
69,115,247,0.1090482763064834,0,🟢 OK
69,116,246,0.10484800379952536,0,🟢 OK
69,117,245,0.09903965997326813,0,🟢 OK
69,118,244,0.08750912980826187,0,🟢 OK
69,119,243,0.10079362566293287,0,🟢 OK
69,120,242,0.10020497707633741,0,🟢 OK
69,121,241,0.10480922132998666,0,🟢 OK
69,122,240,0.10397783550768669,0,🟢 OK
69,123,239,0.10355953540229978,0,🟢 OK
69,124,238,0.1044862157427135,0,🟢 OK
69,125,237,0.09876676796852274,0,🟢 OK
69,126,236,0.09490806591908912,0,🟢 OK
69,127,235,0.10800917435866131,0,🟢 OK
69,128,234,0.1261887852304308,0,🟢 OK
69,129,233,0.11548383286024916,0,🟢 OK
69,130,232,0.11220446189158106,0,🟢 OK
69,131,231,0.11497741985388654,0,🟢 OK
69,132,230,0.11988603474117254,0,🟢 OK
69,133,229,0.11862946605882047,0,🟢 OK
69,134,228,0.11841802513279237,0,🟢 OK
69,135,227,0.11852830196834585,0,🟢 OK
69,136,226,0.1214165112286314,0,🟢 OK
69,137,225,0.11977373846831685,0,🟢 OK
69,138,224,0.11617487096345608,0,🟢 OK
69,139,223,0.1173469528399691,0,🟢 OK
69,140,222,0.12492655345143194,0,🟢 OK
69,141,221,0.12994443436568331,0,🟢 OK
69,142,220,0.128702651654857,0,🟢 OK
69,143,219,0.13419019353974232,0,🟢 OK
69,144,218,0.13110494834767072,0,🟢 OK
69,145,217,0.1239226331235197,0,🟢 OK
69,146,216,0.12212902082062299,0,🟢 OK
69,147,215,0.11370055927927308,0,🟢 OK
69,148,214,0.11667063504667186,0,🟢 OK
69,149,213,0.11861755170700661,0,🟢 OK
69,150,212,0.11803835699607018,0,🟢 OK
69,151,211,0.11673898956272805,0,🟢 OK
69,152,210,0.11620800466386139,0,🟢 OK
69,153,209,0.12382701221631787,0,🟢 OK
69,154,208,0.12115493901252611,0,🟢 OK
69,155,207,0.12101758147535796,0,🟢 OK
69,156,206,0.122624479723285,0,🟢 OK
69,157,205,0.12798851038645886,0,🟢 OK
69,158,204,0.12541001933129864,0,🟢 OK
69,159,203,0.1310024949129408,0,🟢 OK
69,160,202,0.12967935669994246,0,🟢 OK
69,161,201,0.12701983972488434,0,🟢 OK
69,162,200,0.12623414906170355,0,🟢 OK
69,163,199,0.13163812056034357,0,🟢 OK
69,164,198,0.1317253577695538,0,🟢 OK
69,165,197,0.1339117552129036,0,🟢 OK
69,166,196,0.13234192145927542,0,🟢 OK
69,167,195,0.13281042184919506,0,🟢 OK
69,168,194,0.13488978726498546,0,🟢 OK
69,169,193,0.13117530180454307,0,🟢 OK
69,170,192,0.1337535435531625,0,🟢 OK
69,171,191,0.13830961500077443,0,🟢 OK
69,172,190,0.13657372038117332,0,🟢 OK
69,173,189,0.1308465451536841,0,🟢 OK
69,174,188,0.13271207906936505,0,🟢 OK
69,175,187,0.1283110618236198,0,🟢 OK
69,176,186,0.12964928487426475,0,🟢 OK
69,177,185,0.12776708333661624,0,🟢 OK
69,178,184,0.12237488822997344,0,🟢 OK
69,179,183,0.12327508001808618,0,🟢 OK
69,180,182,0.12172911823989951,0,🟢 OK
69,181,181,0.12407742579525355,0,🟢 OK
69,182,180,0.12769891641675796,0,🟢 OK
69,183,179,0.10907545613355452,0,🟢 OK
69,184,178,0.10489315990355491,0,🟢 OK
69,185,177,0.1012307687163207,0,🟢 OK
69,186,176,0.10384615915065781,0,🟢 OK
69,187,175,0.10828955062640616,0,🟢 OK
69,188,174,0.12075040223019884,0,🟢 OK
69,189,173,0.12506056619794764,0,🟢 OK
69,190,172,0.1238998106551617,0,🟢 OK
69,191,171,0.12783441391815925,0,🟢 OK
69,192,170,0.1319899086175182,0,🟢 OK
69,193,169,0.12702934874678284,0,🟢 OK
69,194,168,0.11116395308928606,0,🟢 OK
69,195,167,0.11433624677121063,0,🟢 OK
69,196,166,0.11018259041402217,0,🟢 OK
69,197,165,0.11390504084177394,0,🟢 OK
69,198,164,0.09995064200013459,0,🟢 OK
69,199,163,0.09112198247729303,0,🟢 OK
69,200,162,0.10791625697469998,0,🟢 OK
69,201,161,0.10663639140584485,0,🟢 OK
69,202,160,0.1138824612194706,0,🟢 OK
69,203,159,0.10915649239448222,0,🟢 OK
69,204,158,0.12571543469684848,0,🟢 OK
69,205,157,0.12966358737897643,0,🟢 OK
69,206,156,0.11956451438751703,0,🟢 OK
69,207,155,0.1259432546012087,0,🟢 OK
69,208,154,0.11339885675884986,0,🟢 OK
69,209,153,0.12440648850130037,0,🟢 OK
69,210,152,0.12535795045280657,0,🟢 OK
69,211,151,0.12306554816713805,0,🟢 OK
69,212,150,0.12903698039479017,0,🟢 OK
69,213,149,0.1259885922940538,0,🟢 OK
69,214,148,0.12682069051829226,0,🟢 OK
69,215,147,0.12398512480363244,0,🟢 OK
69,216,146,0.12879658786798054,0,🟢 OK
69,217,145,0.1257646613182391,0,🟢 OK
69,218,144,0.1253648657576681,0,🟢 OK
69,219,143,0.12722812276872947,0,🟢 OK
69,220,142,0.1278461425008301,0,🟢 OK
69,221,141,0.129285993987927,0,🟢 OK
69,222,140,0.12113859958411638,0,🟢 OK
69,223,139,0.11726003888274372,0,🟢 OK
69,224,138,0.1183595007838083,0,🟢 OK
69,225,137,0.114354784714505,0,🟢 OK
69,226,136,0.11953887858405327,0,🟢 OK
69,227,135,0.10975276699397557,0,🟢 OK
69,228,134,0.11681338238157735,0,🟢 OK
69,229,133,0.11633851248063681,0,🟢 OK
69,230,132,0.10803006498724055,0,🟢 OK
69,231,131,0.09351129809389747,0,🟢 OK
69,232,130,0.08794948198201935,0,🟢 OK
69,233,129,0.08751245688359222,0,🟢 OK
69,234,128,0.09280936485957403,0,🟢 OK
69,235,127,0.09838988389898723,0,🟢 OK
69,236,126,0.10042628670848536,0,🟢 OK
69,237,125,0.10278374127830359,0,🟢 OK
69,238,124,0.10521504037522617,0,🟢 OK
69,239,123,0.10893027846013575,0,🟢 OK
69,240,122,0.09861699275562802,0,🟢 OK
69,241,121,0.09566695589743807,0,🟢 OK
69,242,120,0.10416336424504102,0,🟢 OK
69,243,119,0.109999198079265,0,🟢 OK
69,244,118,0.10258761739526484,0,🟢 OK
69,245,117,0.10925413755630414,0,🟢 OK
69,246,116,0.10817941604830966,0,🟢 OK
69,247,115,0.10970967684633909,0,🟢 OK
69,248,114,0.11049404158981424,0,🟢 OK
69,249,113,0.10597276613046447,0,🟢 OK
69,250,112,0.1129109529244765,0,🟢 OK
69,251,111,0.10411118288227567,0,🟢 OK
69,252,110,0.09482165372014989,0,🟢 OK
69,253,109,0.08765809562880822,0,🟢 OK
69,254,108,0.09236542079454646,0,🟢 OK
69,255,107,0.07687780189039006,0,🟢 OK
69,256,106,0.08127175947815762,0,🟢 OK
69,257,105,0.0729056389489498,0,🟢 OK
69,258,104,0.07856102505836915,0,🟢 OK
69,259,103,0.07201527406400371,0,🟢 OK
69,260,102,0.07660342695442085,0,🟢 OK
69,261,101,0.07145576969004697,0,🟢 OK
69,262,100,0.07425700088251397,0,🟢 OK
69,263,99,0.07268771110762323,0,🟢 OK
69,264,98,0.08308707217948547,0,🟢 OK
69,265,97,0.08776343646646262,0,🟢 OK
69,266,96,0.08152633057221148,0,🟢 OK
69,267,95,0.07728506006412494,0,🟢 OK
69,268,94,0.07643065224383672,0,🟢 OK
69,269,93,0.08116282951040649,0,🟢 OK
69,270,92,0.08337232931407579,0,🟢 OK
69,271,91,0.0835250320110657,0,🟢 OK
69,272,90,0.07190139615919472,0,🟢 OK
69,273,89,0.07144684507770466,0,🟢 OK
69,274,88,0.05966581137589866,0,🟢 OK
69,275,87,0.06101448631848144,0,🟢 OK
69,276,86,0.046915844652435146,0,🟢 OK
69,277,85,0.04270564743495564,0,🟢 OK
69,278,84,0.05089372279186122,0,🟢 OK
69,279,83,0.04169054897614921,0,🟢 OK
69,280,82,0.03403230038069549,0,🟢 OK
69,281,81,0.04639675518445613,0,🟢 OK
69,282,80,0.03626250329640074,0,🟢 OK
69,283,79,0.03421508709724913,0,🟢 OK
69,284,78,0.05266590053077269,0,🟢 OK
69,285,77,0.04754468656879807,0,🟢 OK
69,286,76,0.052460862111479545,0,🟢 OK
69,287,75,0.045071098914110264,0,🟢 OK
69,288,74,0.024634756902635946,0,🟢 OK
69,289,73,0.0323118389276168,0,🟢 OK
69,290,72,0.02884224708295058,0,🟢 OK
69,291,71,0.01818375770725228,0,🟢 OK
69,292,70,0.0074345756878697045,0,🟢 OK
69,293,69,0.006029205258986203,0,🟢 OK
69,294,68,0.011259711091383573,0,🟢 OK
69,295,67,0.012404528572400597,0,🟢 OK
69,296,66,-0.00019288507336234773,1,🟢 OK
69,297,65,0.004029706862614613,0,🟢 OK
69,298,64,0.03034906016038247,0,🟢 OK
69,299,63,0.018255168539716704,0,🟢 OK
69,300,62,0.014228154651114655,0,🟢 OK
69,301,61,0.028406828539009166,0,🟢 OK
69,302,60,0.034417569601738085,0,🟢 OK
69,303,59,0.03429108746856663,0,🟢 OK
69,304,58,0.026383519967054903,0,🟢 OK
69,305,57,0.037388197218473085,0,🟢 OK
69,306,56,0.022122548002052878,0,🟢 OK
69,307,55,0.02905596248306974,0,🟢 OK
69,308,54,0.018870441678378147,0,🟢 OK
69,309,53,0.02689916923197372,0,🟢 OK
69,310,52,0.02397298159130007,0,🟢 OK
69,311,51,0.026383754668783954,0,🟢 OK
69,312,50,0.009311775474089234,0,🟢 OK
69,313,49,-0.00046775845891333656,1,🟢 OK
69,314,48,-0.009166275004485747,1,🟢 OK
69,315,47,-0.01625263286678902,1,🟢 OK
69,316,46,-0.02421012681215884,1,🟢 OK
69,317,45,-0.02915274003423085,1,🟢 OK
69,318,44,-0.030962328531191186,1,🟢 OK
69,319,43,-0.032165384504382666,1,🟢 OK
69,320,42,-0.029790578542424506,1,🟢 OK
69,321,41,-0.02039356812104154,1,🟢 OK
69,322,40,-0.025350145929999957,1,🟢 OK
69,323,39,-0.02889578894891498,1,🟢 OK
69,324,38,-0.021661290333298444,1,🟢 OK
69,325,37,-0.01823236201297551,1,🔴 ALERT
69,326,36,-0.002704568011335118,1,🔴 ALERT
69,327,35,-0.006557527417744957,1,🔴 ALERT
69,328,34,-0.00875471284404683,1,🔴 ALERT
69,329,33,-0.012638073061371768,1,🔴 ALERT
69,330,32,-0.013757582912879318,1,🔴 ALERT
69,331,31,-0.021099444038455983,1,🔴 ALERT
69,332,30,-0.02853995994352021,1,🔴 ALERT
69,333,29,-0.02471950111867116,1,🔴 ALERT
69,334,28,-0.018797259198550464,1,🔴 ALERT
69,335,27,-0.02387480623461724,1,🔴 ALERT
69,336,26,-0.00988286442548536,1,🔴 ALERT
69,337,25,-0.013306131145209954,1,🔴 ALERT
69,338,24,-0.01759916331848066,1,🔴 ALERT
69,339,23,-0.009658654764148289,1,🔴 ALERT
69,340,22,-0.018035434943213913,1,🔴 ALERT
69,341,21,-0.01724275087561955,1,🔴 ALERT
69,342,20,-0.014728918846023786,1,🔴 ALERT
69,343,19,-0.019810232934057037,1,🔴 ALERT
69,344,18,-0.025816079950700344,1,🔴 ALERT
69,345,17,-0.024956322407693965,1,🔴 ALERT
69,346,16,-0.023554045022749714,1,🔴 ALERT
69,347,15,-0.019049347709676145,1,🔴 ALERT
69,348,14,-0.02034832710048695,1,🔴 ALERT
69,349,13,-0.007444688795270937,1,🔴 ALERT
69,350,12,-0.0070016777021288945,1,🔴 ALERT
69,351,11,-0.005290002217827827,1,🔴 ALERT
69,352,10,-0.0020207997708662218,1,🔴 ALERT
69,353,9,0.0009504094048321532,0,🔴 ALERT
69,354,8,-0.0028894652705296897,1,🔴 ALERT
69,355,7,-0.009904898751456614,1,🔴 ALERT
69,356,6,-0.01752055660751939,1,🔴 ALERT
69,357,5,-0.014395326454964219,1,🔴 ALERT
69,358,4,-0.01864694529553168,1,🔴 ALERT
69,359,3,-0.018341219022977806,1,🔴 ALERT
69,360,2,-0.017181959098102828,1,🔴 ALERT
69,361,1,-0.022443180329576817,1,🔴 ALERT
69,362,0,-0.023166237997642503,1,🔴 ALERT
70,1,136,0.11645823326622085,0,🟢 OK
70,2,135,0.07669285792237357,0,🟢 OK
70,3,134,0.09860000691639181,0,🟢 OK
70,4,133,0.10569015285598315,0,🟢 OK
70,5,132,0.10952491527778718,0,🟢 OK
70,6,131,0.11181558356266741,0,🟢 OK
70,7,130,0.1092646793583506,0,🟢 OK
70,8,129,0.11784002160478735,0,🟢 OK
70,9,128,0.1203023854127781,0,🟢 OK
70,10,127,0.12652392716936406,0,🟢 OK
70,11,126,0.11779975754002892,0,🟢 OK
70,12,125,0.12212593331216343,0,🟢 OK
70,13,124,0.11777741660628993,0,🟢 OK
70,14,123,0.1124296288620959,0,🟢 OK
70,15,122,0.12279592357285302,0,🟢 OK
70,16,121,0.11723674049227945,0,🟢 OK
70,17,120,0.11635755145529714,0,🟢 OK
70,18,119,0.10012732405340224,0,🟢 OK
70,19,118,0.11471847204692748,0,🟢 OK
70,20,117,0.12069382934995054,0,🟢 OK
70,21,116,0.12071960701505052,0,🟢 OK
70,22,115,0.12775642670151233,0,🟢 OK
70,23,114,0.11631247464009709,0,🟢 OK
70,24,113,0.12359080464634986,0,🟢 OK
70,25,112,0.12139667661060982,0,🟢 OK
70,26,111,0.12070029939246502,0,🟢 OK
70,27,110,0.1196443752327353,0,🟢 OK
70,28,109,0.12959171545798465,0,🟢 OK
70,29,108,0.12440592049465338,0,🟢 OK
70,30,107,0.12667582964462493,0,🟢 OK
70,31,106,0.11680453215336245,0,🟢 OK
70,32,105,0.11536606577471797,0,🟢 OK
70,33,104,0.11740205939781084,0,🟢 OK
70,34,103,0.11781411004959413,0,🟢 OK
70,35,102,0.11501390685657059,0,🟢 OK
70,36,101,0.12231948941024134,0,🟢 OK
70,37,100,0.1217239946854366,0,🟢 OK
70,38,99,0.12811377014626973,0,🟢 OK
70,39,98,0.1278941620891852,0,🟢 OK
70,40,97,0.12215168587174885,0,🟢 OK
70,41,96,0.12025822822462195,0,🟢 OK
70,42,95,0.11819352732786481,0,🟢 OK
70,43,94,0.11490629772302907,0,🟢 OK
70,44,93,0.12067121328378783,0,🟢 OK
70,45,92,0.12359385667428197,0,🟢 OK
70,46,91,0.11745788262019896,0,🟢 OK
70,47,90,0.1211895664288894,0,🟢 OK
70,48,89,0.1229601289394261,0,🟢 OK
70,49,88,0.12170850413289691,0,🟢 OK
70,50,87,0.11676893804208044,0,🟢 OK
70,51,86,0.1186620701552546,0,🟢 OK
70,52,85,0.11940113364273625,0,🟢 OK
70,53,84,0.12971440929021577,0,🟢 OK
70,54,83,0.1297981637143893,0,🟢 OK
70,55,82,0.13079002105902565,0,🟢 OK
70,56,81,0.13117646987600368,0,🟢 OK
70,57,80,0.12128365081061254,0,🟢 OK
70,58,79,0.1197780720595013,0,🟢 OK
70,59,78,0.119679583670606,0,🟢 OK
70,60,77,0.12594864085378832,0,🟢 OK
70,61,76,0.1272613916890969,0,🟢 OK
70,62,75,0.11807880274553761,0,🟢 OK
70,63,74,0.12054407749089197,0,🟢 OK
70,64,73,0.12004581885314791,0,🟢 OK
70,65,72,0.12686074260259655,0,🟢 OK
70,66,71,0.11443147212307891,0,🟢 OK
70,67,70,0.11888993478171411,0,🟢 OK
70,68,69,0.12247257685828389,0,🟢 OK
70,69,68,0.12364152587238181,0,🟢 OK
70,70,67,0.12791368672766557,0,🟢 OK
70,71,66,0.11466053243510732,0,🟢 OK
70,72,65,0.11244020591829729,0,🟢 OK
70,73,64,0.11071924032790753,0,🟢 OK
70,74,63,0.106966659769557,0,🟢 OK
70,75,62,0.0999353677772985,0,🟢 OK
70,76,61,0.0986751586222892,0,🟢 OK
70,77,60,0.09899162860444627,0,🟢 OK
70,78,59,0.100479223767581,0,🟢 OK
70,79,58,0.11162222657286491,0,🟢 OK
70,80,57,0.11471962801491803,0,🟢 OK
70,81,56,0.12266238306157501,0,🟢 OK
70,82,55,0.12149722817658154,0,🟢 OK
70,83,54,0.11785322546363686,0,🟢 OK
70,84,53,0.11860860677222002,0,🟢 OK
70,85,52,0.11896135568725391,0,🟢 OK
70,86,51,0.11968784428564372,0,🟢 OK
70,87,50,0.11507084876382456,0,🟢 OK
70,88,49,0.11024805701563234,0,🟢 OK
70,89,48,0.0991572382262274,0,🟢 OK
70,90,47,0.09767346679092176,0,🟢 OK
70,91,46,0.08726069879129428,0,🟢 OK
70,92,45,0.09432145720856461,0,🟢 OK
70,93,44,0.08426236992738018,0,🟢 OK
70,94,43,0.08394053242774974,0,🟢 OK
70,95,42,0.08604772244074688,0,🟢 OK
70,96,41,0.08503216598824082,0,🟢 OK
70,97,40,0.07735779380684055,0,🟢 OK
70,98,39,0.07544862946329378,0,🟢 OK
70,99,38,0.06305034166004753,0,🟢 OK
70,100,37,0.06263093310772344,0,🟢 OK
70,101,36,0.07635975998624567,0,🟢 OK
70,102,35,0.07147785582577376,0,🟢 OK
70,103,34,0.06114251683184396,0,🟢 OK
70,104,33,0.039333262002300085,0,🟢 OK
70,105,32,0.039392120026846666,0,🟢 OK
70,106,31,0.043811611139613627,0,🟢 OK
70,107,30,0.03627646014217406,0,🟢 OK
70,108,29,0.03613877248704295,0,🟢 OK
70,109,28,0.02227741383086068,0,🟢 OK
70,110,27,0.01702242887593103,0,🟢 OK
70,111,26,0.024419644652258043,0,🟢 OK
70,112,25,0.013792253704025481,0,🟢 OK
70,113,24,-0.010127210961757838,1,🟢 OK
70,114,23,0.008477535888898213,0,🟢 OK
70,115,22,-0.0014567821370816691,1,🟢 OK
70,116,21,-0.00610179150410084,1,🟢 OK
70,117,20,-0.015384509731948937,1,🟢 OK
70,118,19,-0.009584578022079904,1,🟢 OK
70,119,18,-0.008758903066837798,1,🟢 OK
70,120,17,-0.009237196415061488,1,🟢 OK
70,121,16,-0.01891928695808931,1,🟢 OK
70,122,15,-0.015935120519340096,1,🟢 OK
70,123,14,-0.020494609502850314,1,🟢 OK
70,124,13,-0.028712995396281138,1,🟢 OK
70,125,12,-0.03473259078414248,1,🟢 OK
70,126,11,-0.032428864839816884,1,🟢 OK
70,127,10,-0.03856246592083634,1,🔴 ALERT
70,128,9,-0.04115338941415014,1,🔴 ALERT
70,129,8,-0.038171687636924245,1,🔴 ALERT
70,130,7,-0.038954125110124416,1,🔴 ALERT
70,131,6,-0.04789820731920058,1,🔴 ALERT
70,132,5,-0.04938244267738323,1,🔴 ALERT
70,133,4,-0.0400620211324525,1,🔴 ALERT
70,134,3,-0.05279774597150222,1,🔴 ALERT
70,135,2,-0.03323902808618351,1,🔴 ALERT
70,136,1,-0.0420007565764422,1,🔴 ALERT
70,137,0,-0.044229463193344754,1,🔴 ALERT
71,1,207,0.09999282972037277,0,🟢 OK
71,2,206,0.03680981722198223,0,🟢 OK
71,3,205,0.0567507078372137,0,🟢 OK
71,4,204,0.08162861200179566,0,🟢 OK
71,5,203,0.101769903606099,0,🟢 OK
71,6,202,0.10197574032080031,0,🟢 OK
71,7,201,0.09632209043758833,0,🟢 OK
71,8,200,0.09852642790942412,0,🟢 OK
71,9,199,0.10000732567576831,0,🟢 OK
71,10,198,0.10507032568866648,0,🟢 OK
71,11,197,0.1054299325839792,0,🟢 OK
71,12,196,0.0997379589747659,0,🟢 OK
71,13,195,0.09857659205623365,0,🟢 OK
71,14,194,0.08934670584137716,0,🟢 OK
71,15,193,0.09759300020899608,0,🟢 OK
71,16,192,0.10803838330590909,0,🟢 OK
71,17,191,0.10781119682343837,0,🟢 OK
71,18,190,0.10192878169078184,0,🟢 OK
71,19,189,0.11011158256716014,0,🟢 OK
71,20,188,0.10198115984947365,0,🟢 OK
71,21,187,0.10287522860922038,0,🟢 OK
71,22,186,0.1139045502435333,0,🟢 OK
71,23,185,0.11023307093902068,0,🟢 OK
71,24,184,0.10065080144023991,0,🟢 OK
71,25,183,0.10185954909157224,0,🟢 OK
71,26,182,0.1073415094865478,0,🟢 OK
71,27,181,0.11687267545477403,0,🟢 OK
71,28,180,0.11887867825113202,0,🟢 OK
71,29,179,0.11814239286650213,0,🟢 OK
71,30,178,0.11341546529357233,0,🟢 OK
71,31,177,0.11446772090884488,0,🟢 OK
71,32,176,0.11466941681662784,0,🟢 OK
71,33,175,0.11587808288477819,0,🟢 OK
71,34,174,0.11528880803144903,0,🟢 OK
71,35,173,0.119850173653063,0,🟢 OK
71,36,172,0.11386433703955906,0,🟢 OK
71,37,171,0.11408101059373482,0,🟢 OK
71,38,170,0.1117751918693145,0,🟢 OK
71,39,169,0.1213065635219589,0,🟢 OK
71,40,168,0.11081312071250976,0,🟢 OK
71,41,167,0.11474464671436463,0,🟢 OK
71,42,166,0.11367545750524494,0,🟢 OK
71,43,165,0.11860638685672498,0,🟢 OK
71,44,164,0.11291090866852821,0,🟢 OK
71,45,163,0.10363945946404379,0,🟢 OK
71,46,162,0.10941972828592389,0,🟢 OK
71,47,161,0.10667146579752035,0,🟢 OK
71,48,160,0.10786996270847571,0,🟢 OK
71,49,159,0.10823962394661135,0,🟢 OK
71,50,158,0.12059128163628524,0,🟢 OK
71,51,157,0.11548699600813339,0,🟢 OK
71,52,156,0.11834087198218951,0,🟢 OK
71,53,155,0.11449772257103019,0,🟢 OK
71,54,154,0.12233372446832647,0,🟢 OK
71,55,153,0.12259841076431344,0,🟢 OK
71,56,152,0.12194379145476447,0,🟢 OK
71,57,151,0.12365511501788168,0,🟢 OK
71,58,150,0.11786252849465823,0,🟢 OK
71,59,149,0.11469531598672461,0,🟢 OK
71,60,148,0.12321435609628234,0,🟢 OK
71,61,147,0.11522634934878312,0,🟢 OK
71,62,146,0.1074390505522666,0,🟢 OK
71,63,145,0.11491952300386477,0,🟢 OK
71,64,144,0.11549626138032071,0,🟢 OK
71,65,143,0.11855746123867367,0,🟢 OK
71,66,142,0.11731795041970339,0,🟢 OK
71,67,141,0.11508992842000515,0,🟢 OK
71,68,140,0.11470033518949657,0,🟢 OK
71,69,139,0.10823815914396617,0,🟢 OK
71,70,138,0.1197256203689212,0,🟢 OK
71,71,137,0.12061891657261459,0,🟢 OK
71,72,136,0.11187029812354998,0,🟢 OK
71,73,135,0.12074721035643393,0,🟢 OK
71,74,134,0.1270096267465154,0,🟢 OK
71,75,133,0.1248349691649141,0,🟢 OK
71,76,132,0.12420111497198222,0,🟢 OK
71,77,131,0.11891490947774203,0,🟢 OK
71,78,130,0.11540954818292332,0,🟢 OK
71,79,129,0.11308164984021096,0,🟢 OK
71,80,128,0.11756296306615749,0,🟢 OK
71,81,127,0.10841086546104833,0,🟢 OK
71,82,126,0.11263914327516711,0,🟢 OK
71,83,125,0.10413422423553698,0,🟢 OK
71,84,124,0.1108482856075107,0,🟢 OK
71,85,123,0.10869052746186014,0,🟢 OK
71,86,122,0.10980930369887715,0,🟢 OK
71,87,121,0.10206745925656163,0,🟢 OK
71,88,120,0.10285737079611657,0,🟢 OK
71,89,119,0.116827121592945,0,🟢 OK
71,90,118,0.11913149111088855,0,🟢 OK
71,91,117,0.11713788915566131,0,🟢 OK
71,92,116,0.11662261675087271,0,🟢 OK
71,93,115,0.11521046758176379,0,🟢 OK
71,94,114,0.11873131400260323,0,🟢 OK
71,95,113,0.1156588899662977,0,🟢 OK
71,96,112,0.12221586018575048,0,🟢 OK
71,97,111,0.12743574920839573,0,🟢 OK
71,98,110,0.11537768521812647,0,🟢 OK
71,99,109,0.11325092110595564,0,🟢 OK
71,100,108,0.1284568972060292,0,🟢 OK
71,101,107,0.12972148273943862,0,🟢 OK
71,102,106,0.13415328021077022,0,🟢 OK
71,103,105,0.13454092700584036,0,🟢 OK
71,104,104,0.13577743439561074,0,🟢 OK
71,105,103,0.1280874299450651,0,🟢 OK
71,106,102,0.112549696328205,0,🟢 OK
71,107,101,0.11888561120957358,0,🟢 OK
71,108,100,0.10455331641939042,0,🟢 OK
71,109,99,0.10789250395390182,0,🟢 OK
71,110,98,0.11486283869821018,0,🟢 OK
71,111,97,0.11259120387641969,0,🟢 OK
71,112,96,0.10673667237561213,0,🟢 OK
71,113,95,0.10525206157478756,0,🟢 OK
71,114,94,0.11549825246844542,0,🟢 OK
71,115,93,0.12512371350598994,0,🟢 OK
71,116,92,0.11758666206137891,0,🟢 OK
71,117,91,0.11864542427257829,0,🟢 OK
71,118,90,0.11722984325028085,0,🟢 OK
71,119,89,0.11854649731969702,0,🟢 OK
71,120,88,0.10928024026530186,0,🟢 OK
71,121,87,0.10950209612125561,0,🟢 OK
71,122,86,0.10855117769530903,0,🟢 OK
71,123,85,0.10094848302791098,0,🟢 OK
71,124,84,0.09650526707257012,0,🟢 OK
71,125,83,0.09296789779236353,0,🟢 OK
71,126,82,0.0899821701524281,0,🟢 OK
71,127,81,0.08963675012009237,0,🟢 OK
71,128,80,0.07970675057004684,0,🟢 OK
71,129,79,0.0774876138573864,0,🟢 OK
71,130,78,0.0920952905242835,0,🟢 OK
71,131,77,0.09479145477815937,0,🟢 OK
71,132,76,0.10208708884934664,0,🟢 OK
71,133,75,0.09851280340407986,0,🟢 OK
71,134,74,0.10307554226752752,0,🟢 OK
71,135,73,0.09381372487165757,0,🟢 OK
71,136,72,0.1017128508216214,0,🟢 OK
71,137,71,0.10571589024444589,0,🟢 OK
71,138,70,0.09472131927130312,0,🟢 OK
71,139,69,0.10198829893322725,0,🟢 OK
71,140,68,0.10100249899035146,0,🟢 OK
71,141,67,0.09610752004433099,0,🟢 OK
71,142,66,0.10332008324103109,0,🟢 OK
71,143,65,0.10238491508273623,0,🟢 OK
71,144,64,0.09460336437987077,0,🟢 OK
71,145,63,0.09981798473539782,0,🟢 OK
71,146,62,0.09874233098758911,0,🟢 OK
71,147,61,0.10229550023770473,0,🟢 OK
71,148,60,0.08610665957243396,0,🟢 OK
71,149,59,0.0851912778300683,0,🟢 OK
71,150,58,0.08782438630196149,0,🟢 OK
71,151,57,0.0908290532943507,0,🟢 OK
71,152,56,0.0685221610173829,0,🟢 OK
71,153,55,0.06677713542374875,0,🟢 OK
71,154,54,0.05916275869619847,0,🟢 OK
71,155,53,0.0564743497070157,0,🟢 OK
71,156,52,0.05546614314058684,0,🟢 OK
71,157,51,0.056413638211462336,0,🟢 OK
71,158,50,0.06533497625460971,0,🟢 OK
71,159,49,0.055601455806909394,0,🟢 OK
71,160,48,0.045679352795749084,0,🟢 OK
71,161,47,0.051183672166383976,0,🟢 OK
71,162,46,0.05150063742563771,0,🟢 OK
71,163,45,0.044689881022103584,0,🟢 OK
71,164,44,0.041960131998519334,0,🟢 OK
71,165,43,0.03912539229715917,0,🟢 OK
71,166,42,0.045142939986837105,0,🟢 OK
71,167,41,0.03541306090708063,0,🟢 OK
71,168,40,0.031948115668398724,0,🟢 OK
71,169,39,0.025300788625926607,0,🟢 OK
71,170,38,0.037736437119067046,0,🟢 OK
71,171,37,0.03813202300041246,0,🟢 OK
71,172,36,0.037226374660973116,0,🟢 OK
71,173,35,0.04318997383938378,0,🟢 OK
71,174,34,0.0254812115667305,0,🟢 OK
71,175,33,0.015950585588609456,0,🟢 OK
71,176,32,0.015583791480645648,0,🟢 OK
71,177,31,0.018491272172522222,0,🟢 OK
71,178,30,0.019067809360494292,0,🟢 OK
71,179,29,0.01306793885201879,0,🟢 OK
71,180,28,-0.009477445828947828,1,🟢 OK
71,181,27,-0.010613313578162198,1,🟢 OK
71,182,26,-0.03522157579854002,1,🟢 OK
71,183,25,-0.03703620661315643,1,🟢 OK
71,184,24,-0.03851680379808642,1,🟢 OK
71,185,23,-0.03030896569115149,1,🟢 OK
71,186,22,-0.02938508651993421,1,🟢 OK
71,187,21,-0.03077716712116141,1,🟢 OK
71,188,20,-0.03640188552687795,1,🟢 OK
71,189,19,-0.03879398392432787,1,🟢 OK
71,190,18,-0.028638031130167607,1,🟢 OK
71,191,17,-0.028914524950904075,1,🔴 ALERT
71,192,16,-0.014263982460290037,1,🔴 ALERT
71,193,15,-0.01807827382942795,1,🔴 ALERT
71,194,14,-0.02518876664374825,1,🔴 ALERT
71,195,13,-0.02727877806199608,1,🔴 ALERT
71,196,12,-0.03649323246985525,1,🔴 ALERT
71,197,11,-0.036988288644383305,1,🔴 ALERT
71,198,10,-0.04705393904204136,1,🔴 ALERT
71,199,9,-0.03177983165936704,1,🔴 ALERT
71,200,8,-0.023584256823713123,1,🔴 ALERT
71,201,7,-0.03772531196210749,1,🔴 ALERT
71,202,6,-0.04756217306549071,1,🔴 ALERT
71,203,5,-0.05048433753989223,1,🔴 ALERT
71,204,4,-0.05798350142450204,1,🔴 ALERT
71,205,3,-0.040639505966220235,1,🔴 ALERT
71,206,2,-0.05668186992410429,1,🔴 ALERT
71,207,1,-0.06553292595161198,1,🔴 ALERT
71,208,0,-0.06974272816837679,1,🔴 ALERT
72,1,212,0.08982890587950221,0,🟢 OK
72,2,211,0.017781344654171194,0,🟢 OK
72,3,210,0.06553106285211496,0,🟢 OK
72,4,209,0.08571186819386106,0,🟢 OK
72,5,208,0.08957440493502383,0,🟢 OK
72,6,207,0.08730950370620494,0,🟢 OK
72,7,206,0.09386329377764141,0,🟢 OK
72,8,205,0.11106158449761444,0,🟢 OK
72,9,204,0.09600317453152918,0,🟢 OK
72,10,203,0.10654357097508088,0,🟢 OK
72,11,202,0.08072458374040653,0,🟢 OK
72,12,201,0.09572917339308584,0,🟢 OK
72,13,200,0.09493629436217371,0,🟢 OK
72,14,199,0.09092971704120079,0,🟢 OK
72,15,198,0.09480404751694965,0,🟢 OK
72,16,197,0.09262357711192842,0,🟢 OK
72,17,196,0.09005075369183335,0,🟢 OK
72,18,195,0.09484027935658412,0,🟢 OK
72,19,194,0.09722860777706266,0,🟢 OK
72,20,193,0.09320756719971679,0,🟢 OK
72,21,192,0.10585338353995144,0,🟢 OK
72,22,191,0.10503369420669445,0,🟢 OK
72,23,190,0.1079433040881696,0,🟢 OK
72,24,189,0.10330288755658146,0,🟢 OK
72,25,188,0.0977401232081459,0,🟢 OK
72,26,187,0.08645300180607884,0,🟢 OK
72,27,186,0.10023321301431215,0,🟢 OK
72,28,185,0.0953914867424065,0,🟢 OK
72,29,184,0.10011464465498554,0,🟢 OK
72,30,183,0.09448684341712299,0,🟢 OK
72,31,182,0.11323617529876534,0,🟢 OK
72,32,181,0.11122086618427507,0,🟢 OK
72,33,180,0.10717296510896257,0,🟢 OK
72,34,179,0.11385475529125799,0,🟢 OK
72,35,178,0.11187656252919137,0,🟢 OK
72,36,177,0.10806068570739635,0,🟢 OK
72,37,176,0.10002270727429835,0,🟢 OK
72,38,175,0.1117475577972491,0,🟢 OK
72,39,174,0.11067376609173823,0,🟢 OK
72,40,173,0.11304893665552396,0,🟢 OK
72,41,172,0.10885958481989672,0,🟢 OK
72,42,171,0.1026205205425379,0,🟢 OK
72,43,170,0.10782148366606331,0,🟢 OK
72,44,169,0.11171714441801683,0,🟢 OK
72,45,168,0.1111332927158808,0,🟢 OK
72,46,167,0.10885646428927315,0,🟢 OK
72,47,166,0.09480791687675028,0,🟢 OK
72,48,165,0.10698267666485922,0,🟢 OK
72,49,164,0.107882859596717,0,🟢 OK
72,50,163,0.10870106908189464,0,🟢 OK
72,51,162,0.11675769862040436,0,🟢 OK
72,52,161,0.10567476419339089,0,🟢 OK
72,53,160,0.11461047479499342,0,🟢 OK
72,54,159,0.10400115038232483,0,🟢 OK
72,55,158,0.10260305029809541,0,🟢 OK
72,56,157,0.1031337147840144,0,🟢 OK
72,57,156,0.11485759776335991,0,🟢 OK
72,58,155,0.09543477558619157,0,🟢 OK
72,59,154,0.09766994421991182,0,🟢 OK
72,60,153,0.0994463273773965,0,🟢 OK
72,61,152,0.09581598353620191,0,🟢 OK
72,62,151,0.10152478974779555,0,🟢 OK
72,63,150,0.11170585512337561,0,🟢 OK
72,64,149,0.10466567116331432,0,🟢 OK
72,65,148,0.09793686294989673,0,🟢 OK
72,66,147,0.09255009346460175,0,🟢 OK
72,67,146,0.08395476430744725,0,🟢 OK
72,68,145,0.10725282030555555,0,🟢 OK
72,69,144,0.10072976314942572,0,🟢 OK
72,70,143,0.09458570016700468,0,🟢 OK
72,71,142,0.09551552413090753,0,🟢 OK
72,72,141,0.09779607284340786,0,🟢 OK
72,73,140,0.10322179420235927,0,🟢 OK
72,74,139,0.10638730090694426,0,🟢 OK
72,75,138,0.0991283937865638,0,🟢 OK
72,76,137,0.1071871362135085,0,🟢 OK
72,77,136,0.11595962534219317,0,🟢 OK
72,78,135,0.11626356487151784,0,🟢 OK
72,79,134,0.12385445389514771,0,🟢 OK
72,80,133,0.11436925520121471,0,🟢 OK
72,81,132,0.11606917662443511,0,🟢 OK
72,82,131,0.11143151635372694,0,🟢 OK
72,83,130,0.11544061531367811,0,🟢 OK
72,84,129,0.11376238550028295,0,🟢 OK
72,85,128,0.10524833907041686,0,🟢 OK
72,86,127,0.10506600250156684,0,🟢 OK
72,87,126,0.10234996683001385,0,🟢 OK
72,88,125,0.09643153276563371,0,🟢 OK
72,89,124,0.09475067624530381,0,🟢 OK
72,90,123,0.09659137021800124,0,🟢 OK
72,91,122,0.10481900934806176,0,🟢 OK
72,92,121,0.10723307815625788,0,🟢 OK
72,93,120,0.10603425310652498,0,🟢 OK
72,94,119,0.10239759904279361,0,🟢 OK
72,95,118,0.1098807651350609,0,🟢 OK
72,96,117,0.10474604324087955,0,🟢 OK
72,97,116,0.11462131522374863,0,🟢 OK
72,98,115,0.08783048082923783,0,🟢 OK
72,99,114,0.09103105347217533,0,🟢 OK
72,100,113,0.08515037339878478,0,🟢 OK
72,101,112,0.0916973613058335,0,🟢 OK
72,102,111,0.09151516583281127,0,🟢 OK
72,103,110,0.0936204948610308,0,🟢 OK
72,104,109,0.08837262609312285,0,🟢 OK
72,105,108,0.08727526479255054,0,🟢 OK
72,106,107,0.08768369034685897,0,🟢 OK
72,107,106,0.08893875403746626,0,🟢 OK
72,108,105,0.11727717429446405,0,🟢 OK
72,109,104,0.11271766090338675,0,🟢 OK
72,110,103,0.10499885911319784,0,🟢 OK
72,111,102,0.11353746791191066,0,🟢 OK
72,112,101,0.10480522036629863,0,🟢 OK
72,113,100,0.09215981486003577,0,🟢 OK
72,114,99,0.09326271420579513,0,🟢 OK
72,115,98,0.09656436393445761,0,🟢 OK
72,116,97,0.10174987446805522,0,🟢 OK
72,117,96,0.11418348698740383,0,🟢 OK
72,118,95,0.12351630636977645,0,🟢 OK
72,119,94,0.11639544487612608,0,🟢 OK
72,120,93,0.11944782772824553,0,🟢 OK
72,121,92,0.1142355520234315,0,🟢 OK
72,122,91,0.11560885632887041,0,🟢 OK
72,123,90,0.1135405832234509,0,🟢 OK
72,124,89,0.11639535419919333,0,🟢 OK
72,125,88,0.11621697875173037,0,🟢 OK
72,126,87,0.11514807264072857,0,🟢 OK
72,127,86,0.11522797163509141,0,🟢 OK
72,128,85,0.10690154594076179,0,🟢 OK
72,129,84,0.11469889301712755,0,🟢 OK
72,130,83,0.10404190638923572,0,🟢 OK
72,131,82,0.10384288513938639,0,🟢 OK
72,132,81,0.10826947154181837,0,🟢 OK
72,133,80,0.10453215389388193,0,🟢 OK
72,134,79,0.11212972714904473,0,🟢 OK
72,135,78,0.09891240809022156,0,🟢 OK
72,136,77,0.10915691545285172,0,🟢 OK
72,137,76,0.08655192259972772,0,🟢 OK
72,138,75,0.08809550645792902,0,🟢 OK
72,139,74,0.08138282499099919,0,🟢 OK
72,140,73,0.07093317966458179,0,🟢 OK
72,141,72,0.0667411839279416,0,🟢 OK
72,142,71,0.08764480291054538,0,🟢 OK
72,143,70,0.07708894821681583,0,🟢 OK
72,144,69,0.07752114593145704,0,🟢 OK
72,145,68,0.06558541546694024,0,🟢 OK
72,146,67,0.06729297788405386,0,🟢 OK
72,147,66,0.09266449148014144,0,🟢 OK
72,148,65,0.0932656127578309,0,🟢 OK
72,149,64,0.08398849715499185,0,🟢 OK
72,150,63,0.08174282179798331,0,🟢 OK
72,151,62,0.0855425689923861,0,🟢 OK
72,152,61,0.08262281886114686,0,🟢 OK
72,153,60,0.07607978316676112,0,🟢 OK
72,154,59,0.07075368427888745,0,🟢 OK
72,155,58,0.0743920027884537,0,🟢 OK
72,156,57,0.06348622158092226,0,🟢 OK
72,157,56,0.07192730175819984,0,🟢 OK
72,158,55,0.06838663827732716,0,🟢 OK
72,159,54,0.05961327006329242,0,🟢 OK
72,160,53,0.05824462285283821,0,🟢 OK
72,161,52,0.05301063448871274,0,🟢 OK
72,162,51,0.05000411571234231,0,🟢 OK
72,163,50,0.04426704673306131,0,🟢 OK
72,164,49,0.032201818313767616,0,🟢 OK
72,165,48,0.047196972986126684,0,🟢 OK
72,166,47,0.05626501655687821,0,🟢 OK
72,167,46,0.063483614223172,0,🟢 OK
72,168,45,0.05034682378061611,0,🟢 OK
72,169,44,0.0495349303551646,0,🟢 OK
72,170,43,0.048555754688101194,0,🟢 OK
72,171,42,0.03706501728955908,0,🟢 OK
72,172,41,0.03770841502193206,0,🟢 OK
72,173,40,0.027490306419052757,0,🟢 OK
72,174,39,0.02553423082721923,0,🟢 OK
72,175,38,0.019360148073407524,0,🟢 OK
72,176,37,0.016665287758534042,0,🟢 OK
72,177,36,0.02185985781879224,0,🟢 OK
72,178,35,-0.004104959140308062,1,🟢 OK
72,179,34,-0.002905506535767266,1,🟢 OK
72,180,33,-0.02009143413249026,1,🟢 OK
72,181,32,0.00013815971210950906,0,🟢 OK
72,182,31,-0.0005579446251533504,1,🟢 OK
72,183,30,-0.015155091561282918,1,🟢 OK
72,184,29,-0.023161179349404204,1,🟢 OK
72,185,28,-0.033767242910512585,1,🟢 OK
72,186,27,-0.027284482215491734,1,🟢 OK
72,187,26,-0.013829538238756323,1,🟢 OK
72,188,25,-0.014320901206162917,1,🟢 OK
72,189,24,-0.01605971914284221,1,🟢 OK
72,190,23,-0.013828120327595839,1,🟢 OK
72,191,22,-0.029378754946985386,1,🟢 OK
72,192,21,-0.02188600633861948,1,🔴 ALERT
72,193,20,-0.016403128788667787,1,🔴 ALERT
72,194,19,-0.014355107316919136,1,🔴 ALERT
72,195,18,-0.024500419348575275,1,🔴 ALERT
72,196,17,-0.02453705643746118,1,🔴 ALERT
72,197,16,-0.03307487709604828,1,🔴 ALERT
72,198,15,-0.03205368105847861,1,🔴 ALERT
72,199,14,-0.036497261920457214,1,🔴 ALERT
72,200,13,-0.03147720054399039,1,🔴 ALERT
72,201,12,-0.036295072767105974,1,🔴 ALERT
72,202,11,-0.03698834211381674,1,🔴 ALERT
72,203,10,-0.03892241320747003,1,🔴 ALERT
72,204,9,-0.04072585153559105,1,🔴 ALERT
72,205,8,-0.037756455594938565,1,🔴 ALERT
72,206,7,-0.036221544391175864,1,🔴 ALERT
72,207,6,-0.037008069662033294,1,🔴 ALERT
72,208,5,-0.031324553170731795,1,🔴 ALERT
72,209,4,-0.04208683648391609,1,🔴 ALERT
72,210,3,-0.045702943980709176,1,🔴 ALERT
72,211,2,-0.044969828472597895,1,🔴 ALERT
72,212,1,-0.04185960345875628,1,🔴 ALERT
72,213,0,-0.04340588615043939,1,🔴 ALERT
73,1,212,0.10652052705810211,0,🟢 OK
73,2,211,0.05702794518430654,0,🟢 OK
73,3,210,0.0670231298910236,0,🟢 OK
73,4,209,0.04952423798139649,0,🟢 OK
73,5,208,0.07637038686403025,0,🟢 OK
73,6,207,0.07242161178547463,0,🟢 OK
73,7,206,0.0754262591191247,0,🟢 OK
73,8,205,0.08135692203590156,0,🟢 OK
73,9,204,0.0864707220996268,0,🟢 OK
73,10,203,0.09148470578466722,0,🟢 OK
73,11,202,0.0916787277158222,0,🟢 OK
73,12,201,0.09957159838282287,0,🟢 OK
73,13,200,0.09726238465920456,0,🟢 OK
73,14,199,0.09873664071268046,0,🟢 OK
73,15,198,0.10055157421044164,0,🟢 OK
73,16,197,0.10547208549038722,0,🟢 OK
73,17,196,0.105051130250217,0,🟢 OK
73,18,195,0.09823585162618348,0,🟢 OK
73,19,194,0.08523960630589222,0,🟢 OK
73,20,193,0.08308988093611996,0,🟢 OK
73,21,192,0.07687992979285718,0,🟢 OK
73,22,191,0.07429443650577466,0,🟢 OK
73,23,190,0.08481770639252295,0,🟢 OK
73,24,189,0.07831649544757552,0,🟢 OK
73,25,188,0.0749329045750014,0,🟢 OK
73,26,187,0.07210890039079454,0,🟢 OK
73,27,186,0.057642300654588086,0,🟢 OK
73,28,185,0.07363828660107569,0,🟢 OK
73,29,184,0.07140077851514859,0,🟢 OK
73,30,183,0.06349038038331523,0,🟢 OK
73,31,182,0.0614583924893502,0,🟢 OK
73,32,181,0.07153108227653548,0,🟢 OK
73,33,180,0.07605317000441847,0,🟢 OK
73,34,179,0.08463759698719281,0,🟢 OK
73,35,178,0.07825580704383656,0,🟢 OK
73,36,177,0.07968585919661958,0,🟢 OK
73,37,176,0.07227328000452116,0,🟢 OK
73,38,175,0.07921213460382054,0,🟢 OK
73,39,174,0.07755865994697442,0,🟢 OK
73,40,173,0.0794677768322804,0,🟢 OK
73,41,172,0.07994583778083292,0,🟢 OK
73,42,171,0.06883930752494427,0,🟢 OK
73,43,170,0.07466379795781525,0,🟢 OK
73,44,169,0.0799490404858339,0,🟢 OK
73,45,168,0.06961078078140875,0,🟢 OK
73,46,167,0.06463479954334556,0,🟢 OK
73,47,166,0.05881417162697611,0,🟢 OK
73,48,165,0.08065772743122679,0,🟢 OK
73,49,164,0.07837515803082229,0,🟢 OK
73,50,163,0.08152737194974025,0,🟢 OK
73,51,162,0.07806823411385833,0,🟢 OK
73,52,161,0.08463743409526847,0,🟢 OK
73,53,160,0.06851930704596665,0,🟢 OK
73,54,159,0.04626382696952386,0,🟢 OK
73,55,158,0.05008231760275961,0,🟢 OK
73,56,157,0.04719337139050389,0,🟢 OK
73,57,156,0.049562610180466427,0,🟢 OK
73,58,155,0.047048981189652506,0,🟢 OK
73,59,154,0.07622503331979974,0,🟢 OK
73,60,153,0.06850451263249258,0,🟢 OK
73,61,152,0.06166813804278082,0,🟢 OK
73,62,151,0.06044841123682515,0,🟢 OK
73,63,150,0.058563149952280735,0,🟢 OK
73,64,149,0.06604605032276717,0,🟢 OK
73,65,148,0.06422726930632344,0,🟢 OK
73,66,147,0.05153891765158741,0,🟢 OK
73,67,146,0.05985184044568703,0,🟢 OK
73,68,145,0.05044199314799214,0,🟢 OK
73,69,144,0.057668916602907516,0,🟢 OK
73,70,143,0.05311601916896663,0,🟢 OK
73,71,142,0.06311540813704086,0,🟢 OK
73,72,141,0.06632938168377256,0,🟢 OK
73,73,140,0.07044018705980087,0,🟢 OK
73,74,139,0.0738311231471982,0,🟢 OK
73,75,138,0.05886392579606431,0,🟢 OK
73,76,137,0.07147895416325617,0,🟢 OK
73,77,136,0.08005794093838503,0,🟢 OK
73,78,135,0.07525175347104313,0,🟢 OK
73,79,134,0.07572601240139287,0,🟢 OK
73,80,133,0.08269149955895,0,🟢 OK
73,81,132,0.0802378711255739,0,🟢 OK
73,82,131,0.07209071572562825,0,🟢 OK
73,83,130,0.061718681474279946,0,🟢 OK
73,84,129,0.059984653293283674,0,🟢 OK
73,85,128,0.05597298302192022,0,🟢 OK
73,86,127,0.06200436861030201,0,🟢 OK
73,87,126,0.06138903445229066,0,🟢 OK
73,88,125,0.06334354039922835,0,🟢 OK
73,89,124,0.06265742036317812,0,🟢 OK
73,90,123,0.06121512470768503,0,🟢 OK
73,91,122,0.05154071055436793,0,🟢 OK
73,92,121,0.050288001416469164,0,🟢 OK
73,93,120,0.05901808713816281,0,🟢 OK
73,94,119,0.05118577988054157,0,🟢 OK
73,95,118,0.05425277301186798,0,🟢 OK
73,96,117,0.06792460112374848,0,🟢 OK
73,97,116,0.06549297488133293,0,🟢 OK
73,98,115,0.06556799860538526,0,🟢 OK
73,99,114,0.06318208595453323,0,🟢 OK
73,100,113,0.0645495729407694,0,🟢 OK
73,101,112,0.054681276953800984,0,🟢 OK
73,102,111,0.04877751823493659,0,🟢 OK
73,103,110,0.04626023595383638,0,🟢 OK
73,104,109,0.04339706317620212,0,🟢 OK
73,105,108,0.059419669056229085,0,🟢 OK
73,106,107,0.05222222471916593,0,🟢 OK
73,107,106,0.06101039505605621,0,🟢 OK
73,108,105,0.044530818292701335,0,🟢 OK
73,109,104,0.054805145304884506,0,🟢 OK
73,110,103,0.0582080365767732,0,🟢 OK
73,111,102,0.07358141468222618,0,🟢 OK
73,112,101,0.051185669498847786,0,🟢 OK
73,113,100,0.04132302256997272,0,🟢 OK
73,114,99,0.03536938059358713,0,🟢 OK
73,115,98,0.0238806820940069,0,🟢 OK
73,116,97,0.023818953810015364,0,🟢 OK
73,117,96,0.03452208257633427,0,🟢 OK
73,118,95,0.05493014451144845,0,🟢 OK
73,119,94,0.05427587612153928,0,🟢 OK
73,120,93,0.04744203479280762,0,🟢 OK
73,121,92,0.0486249613981562,0,🟢 OK
73,122,91,0.04811637280672454,0,🟢 OK
73,123,90,0.046376617262455566,0,🟢 OK
73,124,89,0.04638566752668827,0,🟢 OK
73,125,88,0.04972635619428034,0,🟢 OK
73,126,87,0.05723689365157908,0,🟢 OK
73,127,86,0.03857427122057072,0,🟢 OK
73,128,85,0.029283235997430157,0,🟢 OK
73,129,84,0.022431093212509967,0,🟢 OK
73,130,83,0.036119931114110215,0,🟢 OK
73,131,82,0.03959866892187136,0,🟢 OK
73,132,81,0.046704756721598795,0,🟢 OK
73,133,80,0.02533968585305013,0,🟢 OK
73,134,79,0.0230064702094816,0,🟢 OK
73,135,78,0.025303771644982376,0,🟢 OK
73,136,77,0.024695780871875295,0,🟢 OK
73,137,76,0.013237985391960139,0,🟢 OK
73,138,75,0.02462135010315114,0,🟢 OK
73,139,74,0.033683551539162526,0,🟢 OK
73,140,73,0.018752970549058445,0,🟢 OK
73,141,72,0.00975186770320996,0,🟢 OK
73,142,71,0.03072546963416517,0,🟢 OK
73,143,70,0.028335704342327017,0,🟢 OK
73,144,69,0.029040291236292815,0,🟢 OK
73,145,68,0.019621476127515136,0,🟢 OK
73,146,67,0.015986269612389914,0,🟢 OK
73,147,66,0.028420510346970906,0,🟢 OK
73,148,65,0.02905750233795379,0,🟢 OK
73,149,64,0.01947271579643839,0,🟢 OK
73,150,63,0.021743524998372676,0,🟢 OK
73,151,62,0.011206995556979515,0,🟢 OK
73,152,61,0.02790865972407358,0,🟢 OK
73,153,60,0.024182521508726962,0,🟢 OK
73,154,59,0.019598095842983665,0,🟢 OK
73,155,58,0.019829808403022398,0,🟢 OK
73,156,57,0.022660490677270162,0,🟢 OK
73,157,56,0.0251126973138876,0,🟢 OK
73,158,55,0.01813825628043292,0,🟢 OK
73,159,54,0.023630505884293884,0,🟢 OK
73,160,53,0.01046127210741149,0,🟢 OK
73,161,52,0.0018293186016490326,0,🟢 OK
73,162,51,-0.008189013520407351,1,🟢 OK
73,163,50,-0.020267274933562174,1,🟢 OK
73,164,49,-0.01669187850603504,1,🟢 OK
73,165,48,-0.02160978230180166,1,🟢 OK
73,166,47,-0.020283532824009298,1,🟢 OK
73,167,46,-0.02000447396126437,1,🟢 OK
73,168,45,-0.022988459610153278,1,🟢 OK
73,169,44,-0.029691500090464173,1,🟢 OK
73,170,43,-0.03609385253305186,1,🟢 OK
73,171,42,-0.020828298346681984,1,🟢 OK
73,172,41,-0.024146395878918647,1,🟢 OK
73,173,40,-0.02645830941931715,1,🔴 ALERT
73,174,39,-0.03172279528487265,1,🔴 ALERT
73,175,38,-0.03294146771010964,1,🔴 ALERT
73,176,37,-0.027430376912060628,1,🔴 ALERT
73,177,36,-0.03760370020010384,1,🔴 ALERT
73,178,35,-0.04162079950196851,1,🔴 ALERT
73,179,34,-0.04597317335717299,1,🔴 ALERT
73,180,33,-0.04300462489655954,1,🔴 ALERT
73,181,32,-0.040715070479337534,1,🔴 ALERT
73,182,31,-0.033480180917107805,1,🔴 ALERT
73,183,30,-0.03233424997947454,1,🔴 ALERT
73,184,29,-0.02642103749371838,1,🔴 ALERT
73,185,28,-0.02282368486959807,1,🔴 ALERT
73,186,27,-0.021141863353017154,1,🔴 ALERT
73,187,26,-0.022363009091546426,1,🔴 ALERT
73,188,25,-0.033162851098833435,1,🔴 ALERT
73,189,24,-0.033146209852513375,1,🔴 ALERT
73,190,23,-0.034487176561204036,1,🔴 ALERT
73,191,22,-0.034855134454693903,1,🔴 ALERT
73,192,21,-0.03613033940541366,1,🔴 ALERT
73,193,20,-0.040145166415788136,1,🔴 ALERT
73,194,19,-0.040799489984285064,1,🔴 ALERT
73,195,18,-0.04540273045138232,1,🔴 ALERT
73,196,17,-0.04757917074453477,1,🔴 ALERT
73,197,16,-0.04523779615963397,1,🔴 ALERT
73,198,15,-0.03968306697993229,1,🔴 ALERT
73,199,14,-0.03949657791891781,1,🔴 ALERT
73,200,13,-0.038121608449074196,1,🔴 ALERT
73,201,12,-0.035197634634728026,1,🔴 ALERT
73,202,11,-0.037432797417860986,1,🔴 ALERT
73,203,10,-0.036070241425216865,1,🔴 ALERT
73,204,9,-0.03564544861336205,1,🔴 ALERT
73,205,8,-0.03766011426153626,1,🔴 ALERT
73,206,7,-0.025711790961602254,1,🔴 ALERT
73,207,6,-0.025669905313217778,1,🔴 ALERT
73,208,5,-0.03474620003645568,1,🔴 ALERT
73,209,4,-0.031244171635353202,1,🔴 ALERT
73,210,3,-0.033814344053000434,1,🔴 ALERT
73,211,2,-0.028744674381014912,1,🔴 ALERT
73,212,1,-0.025608629616886036,1,🔴 ALERT
73,213,0,-0.0224247670894262,1,🔴 ALERT
74,1,165,0.07020699528795887,0,🟢 OK
74,2,164,0.0008208180659486919,0,🟢 OK
74,3,163,0.015308933900704425,0,🟢 OK
74,4,162,0.05012363828990729,0,🟢 OK
74,5,161,0.07444561561798385,0,🟢 OK
74,6,160,0.08390914728680332,0,🟢 OK
74,7,159,0.07283383946900768,0,🟢 OK
74,8,158,0.08244597038365398,0,🟢 OK
74,9,157,0.08382098806731064,0,🟢 OK
74,10,156,0.08559873407876556,0,🟢 OK
74,11,155,0.0846927431682788,0,🟢 OK
74,12,154,0.08803263781202703,0,🟢 OK
74,13,153,0.09431695692097364,0,🟢 OK
74,14,152,0.09334888799854235,0,🟢 OK
74,15,151,0.09411110528035238,0,🟢 OK
74,16,150,0.09428874948586058,0,🟢 OK
74,17,149,0.09331707839865983,0,🟢 OK
74,18,148,0.07514263427757051,0,🟢 OK
74,19,147,0.0535112817184788,0,🟢 OK
74,20,146,0.07299213262859966,0,🟢 OK
74,21,145,0.07530328290633392,0,🟢 OK
74,22,144,0.06681240867607663,0,🟢 OK
74,23,143,0.0627753319764266,0,🟢 OK
74,24,142,0.06434222314758242,0,🟢 OK
74,25,141,0.06946882027686219,0,🟢 OK
74,26,140,0.0700794351289214,0,🟢 OK
74,27,139,0.06984636610027267,0,🟢 OK
74,28,138,0.07895476104871052,0,🟢 OK
74,29,137,0.09753945998705227,0,🟢 OK
74,30,136,0.09281589996880363,0,🟢 OK
74,31,135,0.08839115072615572,0,🟢 OK
74,32,134,0.07710976886915455,0,🟢 OK
74,33,133,0.08095290396136429,0,🟢 OK
74,34,132,0.07988840317015661,0,🟢 OK
74,35,131,0.08373522024321184,0,🟢 OK
74,36,130,0.09354207429858519,0,🟢 OK
74,37,129,0.08561687482308744,0,🟢 OK
74,38,128,0.09107785631097942,0,🟢 OK
74,39,127,0.09404333216365879,0,🟢 OK
74,40,126,0.09067855898048494,0,🟢 OK
74,41,125,0.08667620080419336,0,🟢 OK
74,42,124,0.10608567961946547,0,🟢 OK
74,43,123,0.09908047990307184,0,🟢 OK
74,44,122,0.10054335255994179,0,🟢 OK
74,45,121,0.10355809943757882,0,🟢 OK
74,46,120,0.10788294570329166,0,🟢 OK
74,47,119,0.09971207851131303,0,🟢 OK
74,48,118,0.10555884579228647,0,🟢 OK
74,49,117,0.10776615933341926,0,🟢 OK
74,50,116,0.10509609853959523,0,🟢 OK
74,51,115,0.08006894758751676,0,🟢 OK
74,52,114,0.08747158085443374,0,🟢 OK
74,53,113,0.07525736545690187,0,🟢 OK
74,54,112,0.07986108693872551,0,🟢 OK
74,55,111,0.07671363638021805,0,🟢 OK
74,56,110,0.07082779536846329,0,🟢 OK
74,57,109,0.05941416023382895,0,🟢 OK
74,58,108,0.06157672249494528,0,🟢 OK
74,59,107,0.062127342751175096,0,🟢 OK
74,60,106,0.06607392793956152,0,🟢 OK
74,61,105,0.09217666056073648,0,🟢 OK
74,62,104,0.09980810168387338,0,🟢 OK
74,63,103,0.08800214618421348,0,🟢 OK
74,64,102,0.10067421214348166,0,🟢 OK
74,65,101,0.09743704662008157,0,🟢 OK
74,66,100,0.10838711968306391,0,🟢 OK
74,67,99,0.11213630902291616,0,🟢 OK
74,68,98,0.11480620379360812,0,🟢 OK
74,69,97,0.11967303634809612,0,🟢 OK
74,70,96,0.12232365674094325,0,🟢 OK
74,71,95,0.12192350967309484,0,🟢 OK
74,72,94,0.12200146448296173,0,🟢 OK
74,73,93,0.1207180206695892,0,🟢 OK
74,74,92,0.11821544202785222,0,🟢 OK
74,75,91,0.1174834594797271,0,🟢 OK
74,76,90,0.1216609309566879,0,🟢 OK
74,77,89,0.12234986214578364,0,🟢 OK
74,78,88,0.12097174901966984,0,🟢 OK
74,79,87,0.12215972530613795,0,🟢 OK
74,80,86,0.11622135955737878,0,🟢 OK
74,81,85,0.12243675992852171,0,🟢 OK
74,82,84,0.11355376339163115,0,🟢 OK
74,83,83,0.11146794288134804,0,🟢 OK
74,84,82,0.11450666349100563,0,🟢 OK
74,85,81,0.11792111959579232,0,🟢 OK
74,86,80,0.12344621501699077,0,🟢 OK
74,87,79,0.12072076543938881,0,🟢 OK
74,88,78,0.12889261926862933,0,🟢 OK
74,89,77,0.126419041106007,0,🟢 OK
74,90,76,0.12316626384097157,0,🟢 OK
74,91,75,0.12375397509058067,0,🟢 OK
74,92,74,0.12020459948075274,0,🟢 OK
74,93,73,0.10848333213224953,0,🟢 OK
74,94,72,0.12183926153150004,0,🟢 OK
74,95,71,0.12483689218966276,0,🟢 OK
74,96,70,0.12031202059599116,0,🟢 OK
74,97,69,0.12024314348588833,0,🟢 OK
74,98,68,0.12155119550011495,0,🟢 OK
74,99,67,0.11387324639974766,0,🟢 OK
74,100,66,0.12216399704146164,0,🟢 OK
74,101,65,0.12592646830375798,0,🟢 OK
74,102,64,0.12442851621097445,0,🟢 OK
74,103,63,0.1261366801998578,0,🟢 OK
74,104,62,0.130439334827337,0,🟢 OK
74,105,61,0.12712232978596422,0,🟢 OK
74,106,60,0.1205106271077559,0,🟢 OK
74,107,59,0.1271399828676052,0,🟢 OK
74,108,58,0.12417001314132997,0,🟢 OK
74,109,57,0.13031475809943166,0,🟢 OK
74,110,56,0.12856432026366427,0,🟢 OK
74,111,55,0.12104122545891688,0,🟢 OK
74,112,54,0.12294139999515075,0,🟢 OK
74,113,53,0.10786070072403142,0,🟢 OK
74,114,52,0.10127519130091506,0,🟢 OK
74,115,51,0.1153625765805848,0,🟢 OK
74,116,50,0.12364453452035523,0,🟢 OK
74,117,49,0.10720008808546544,0,🟢 OK
74,118,48,0.10809674553034732,0,🟢 OK
74,119,47,0.09735159811281102,0,🟢 OK
74,120,46,0.10396930702023094,0,🟢 OK
74,121,45,0.11094583765785032,0,🟢 OK
74,122,44,0.10635889471717686,0,🟢 OK
74,123,43,0.10774975393014402,0,🟢 OK
74,124,42,0.10335399652461119,0,🟢 OK
74,125,41,0.11098149643752259,0,🟢 OK
74,126,40,0.11297717621316261,0,🟢 OK
74,127,39,0.10502891855951285,0,🟢 OK
74,128,38,0.09056382725802964,0,🟢 OK
74,129,37,0.09552496991345932,0,🟢 OK
74,130,36,0.08994931395273176,0,🟢 OK
74,131,35,0.09600102886387196,0,🟢 OK
74,132,34,0.08992917926690369,0,🟢 OK
74,133,33,0.0873625973956264,0,🟢 OK
74,134,32,0.0733513069133826,0,🟢 OK
74,135,31,0.0799347558297363,0,🟢 OK
74,136,30,0.07066585308548379,0,🟢 OK
74,137,29,0.05520839636960623,0,🟢 OK
74,138,28,0.05243033022493904,0,🟢 OK
74,139,27,0.03759434334970013,0,🟢 OK
74,140,26,0.046309780131163936,0,🟢 OK
74,141,25,0.03510350097190984,0,🟢 OK
74,142,24,0.033191863162098045,0,🟢 OK
74,143,23,0.023498578923454916,0,🟢 OK
74,144,22,0.033664263209615186,0,🟢 OK
74,145,21,0.03329579566420021,0,🟢 OK
74,146,20,0.02488550394937683,0,🟢 OK
74,147,19,0.018055978471091083,0,🟢 OK
74,148,18,0.02812509250780665,0,🟢 OK
74,149,17,0.02402687409388593,0,🟢 OK
74,150,16,0.00025933694950153185,0,🟢 OK
74,151,15,-0.008703228293947984,1,🟢 OK
74,152,14,-0.00800640565573596,1,🟢 OK
74,153,13,-0.004760661643555042,1,🟢 OK
74,154,12,-0.010842027138263544,1,🟢 OK
74,155,11,-0.016719913605235615,1,🟢 OK
74,156,10,-0.031925166992170295,1,🟢 OK
74,157,9,-0.02953527601043937,1,🟢 OK
74,158,8,-0.012290593687326212,1,🟢 OK
74,159,7,-0.021866075101171223,1,🟢 OK
74,160,6,-0.035310500262022204,1,🟢 OK
74,161,5,-0.03298805465429555,1,🟢 OK
74,162,4,-0.03200528541726699,1,🟢 OK
74,163,3,-0.025954796317358864,1,🟢 OK
74,164,2,-0.02224095348699462,1,🔴 ALERT
74,165,1,-0.020226854797723792,1,🔴 ALERT
74,166,0,-0.02291087943154091,1,🔴 ALERT
75,1,228,0.10058715867461776,0,🟢 OK
75,2,227,0.05277855385717173,0,🟢 OK
75,3,226,0.049881587256562054,0,🟢 OK
75,4,225,0.07060289361298272,0,🟢 OK
75,5,224,0.09536322629937594,0,🟢 OK
75,6,223,0.09831907784980953,0,🟢 OK
75,7,222,0.11140815985699104,0,🟢 OK
75,8,221,0.10624727097411579,0,🟢 OK
75,9,220,0.11040634290857626,0,🟢 OK
75,10,219,0.1165572070748831,0,🟢 OK
75,11,218,0.11726356420771467,0,🟢 OK
75,12,217,0.11912965507541823,0,🟢 OK
75,13,216,0.10829591584287601,0,🟢 OK
75,14,215,0.09931969574741595,0,🟢 OK
75,15,214,0.1071375086253874,0,🟢 OK
75,16,213,0.11512963013333744,0,🟢 OK
75,17,212,0.11468205100277579,0,🟢 OK
75,18,211,0.10985367690207543,0,🟢 OK
75,19,210,0.11427336478461464,0,🟢 OK
75,20,209,0.11753687490874709,0,🟢 OK
75,21,208,0.09629307632497969,0,🟢 OK
75,22,207,0.1040507760232734,0,🟢 OK
75,23,206,0.11616617578001909,0,🟢 OK
75,24,205,0.11726543879589812,0,🟢 OK
75,25,204,0.10195165545277168,0,🟢 OK
75,26,203,0.11134299259149494,0,🟢 OK
75,27,202,0.10660718077142245,0,🟢 OK
75,28,201,0.10115616093942476,0,🟢 OK
75,29,200,0.11127916740769278,0,🟢 OK
75,30,199,0.10467379152171669,0,🟢 OK
75,31,198,0.11358220813511699,0,🟢 OK
75,32,197,0.12454510490654797,0,🟢 OK
75,33,196,0.12579997707085716,0,🟢 OK
75,34,195,0.11541693089571703,0,🟢 OK
75,35,194,0.10702311298550132,0,🟢 OK
75,36,193,0.10091657959997508,0,🟢 OK
75,37,192,0.10580435612623174,0,🟢 OK
75,38,191,0.10118725990940086,0,🟢 OK
75,39,190,0.10086565989567109,0,🟢 OK
75,40,189,0.11117397077069469,0,🟢 OK
75,41,188,0.12027030269055938,0,🟢 OK
75,42,187,0.11280159358818492,0,🟢 OK
75,43,186,0.11029207554532039,0,🟢 OK
75,44,185,0.10680178466775053,0,🟢 OK
75,45,184,0.10666736624887108,0,🟢 OK
75,46,183,0.09973101748926205,0,🟢 OK
75,47,182,0.09981415427357299,0,🟢 OK
75,48,181,0.09588816769602176,0,🟢 OK
75,49,180,0.098962348198744,0,🟢 OK
75,50,179,0.10686752578671316,0,🟢 OK
75,51,178,0.10563967587282963,0,🟢 OK
75,52,177,0.09561620103725471,0,🟢 OK
75,53,176,0.10220470029131246,0,🟢 OK
75,54,175,0.10413967450518075,0,🟢 OK
75,55,174,0.12048890469001672,0,🟢 OK
75,56,173,0.11158456133993433,0,🟢 OK
75,57,172,0.10685037460153207,0,🟢 OK
75,58,171,0.11092331071798656,0,🟢 OK
75,59,170,0.11459372987132654,0,🟢 OK
75,60,169,0.11364909291021597,0,🟢 OK
75,61,168,0.11125681256428999,0,🟢 OK
75,62,167,0.10711459086436559,0,🟢 OK
75,63,166,0.09686671082490728,0,🟢 OK
75,64,165,0.09927196125224058,0,🟢 OK
75,65,164,0.10239900304693317,0,🟢 OK
75,66,163,0.10049551711353322,0,🟢 OK
75,67,162,0.10466736460459103,0,🟢 OK
75,68,161,0.10702795065483417,0,🟢 OK
75,69,160,0.10865444521232165,0,🟢 OK
75,70,159,0.10382636502751974,0,🟢 OK
75,71,158,0.10914764052454534,0,🟢 OK
75,72,157,0.10535600422732622,0,🟢 OK
75,73,156,0.11202457086895784,0,🟢 OK
75,74,155,0.11184974248948254,0,🟢 OK
75,75,154,0.1163691510785671,0,🟢 OK
75,76,153,0.11766018500385678,0,🟢 OK
75,77,152,0.09674859654166357,0,🟢 OK
75,78,151,0.07896500299424764,0,🟢 OK
75,79,150,0.08498267206384835,0,🟢 OK
75,80,149,0.08113863941910465,0,🟢 OK
75,81,148,0.07783789349091852,0,🟢 OK
75,82,147,0.0681149328053875,0,🟢 OK
75,83,146,0.06715707853073144,0,🟢 OK
75,84,145,0.059714203509090846,0,🟢 OK
75,85,144,0.060980208849356454,0,🟢 OK
75,86,143,0.06766194468698611,0,🟢 OK
75,87,142,0.06230504644938728,0,🟢 OK
75,88,141,0.0846733154812555,0,🟢 OK
75,89,140,0.08038909403452577,0,🟢 OK
75,90,139,0.08498065730377119,0,🟢 OK
75,91,138,0.09117853798673198,0,🟢 OK
75,92,137,0.09539664458982655,0,🟢 OK
75,93,136,0.0984614676377305,0,🟢 OK
75,94,135,0.10621773799324241,0,🟢 OK
75,95,134,0.09552188584626747,0,🟢 OK
75,96,133,0.09722559153718674,0,🟢 OK
75,97,132,0.08941072990166804,0,🟢 OK
75,98,131,0.07689514683173954,0,🟢 OK
75,99,130,0.09271430563682909,0,🟢 OK
75,100,129,0.09554091790962382,0,🟢 OK
75,101,128,0.09797636047496888,0,🟢 OK
75,102,127,0.08703671935828339,0,🟢 OK
75,103,126,0.07785484098224371,0,🟢 OK
75,104,125,0.0752023222190597,0,🟢 OK
75,105,124,0.07576282956448732,0,🟢 OK
75,106,123,0.07780724455568261,0,🟢 OK
75,107,122,0.07575186278642776,0,🟢 OK
75,108,121,0.07435004650115173,0,🟢 OK
75,109,120,0.06451502417572202,0,🟢 OK
75,110,119,0.06908714254366544,0,🟢 OK
75,111,118,0.07361039607360881,0,🟢 OK
75,112,117,0.07180601246044704,0,🟢 OK
75,113,116,0.07439929737477446,0,🟢 OK
75,114,115,0.07476094683374174,0,🟢 OK
75,115,114,0.0807839758527264,0,🟢 OK
75,116,113,0.07258871950166201,0,🟢 OK
75,117,112,0.07510580494594388,0,🟢 OK
75,118,111,0.07196363368146591,0,🟢 OK
75,119,110,0.06964719075973635,0,🟢 OK
75,120,109,0.07512842705259393,0,🟢 OK
75,121,108,0.07466724267493541,0,🟢 OK
75,122,107,0.07496725438573681,0,🟢 OK
75,123,106,0.061913510657094994,0,🟢 OK
75,124,105,0.06401915684961174,0,🟢 OK
75,125,104,0.06457062403618191,0,🟢 OK
75,126,103,0.05613013062963129,0,🟢 OK
75,127,102,0.06126966435870973,0,🟢 OK
75,128,101,0.05104013625369841,0,🟢 OK
75,129,100,0.06587247801988771,0,🟢 OK
75,130,99,0.058912157175187496,0,🟢 OK
75,131,98,0.06262789412095948,0,🟢 OK
75,132,97,0.06126004652919226,0,🟢 OK
75,133,96,0.05580693833170458,0,🟢 OK
75,134,95,0.05568706525187056,0,🟢 OK
75,135,94,0.0602268194689034,0,🟢 OK
75,136,93,0.06439568555048397,0,🟢 OK
75,137,92,0.05483398924082805,0,🟢 OK
75,138,91,0.05356399678946511,0,🟢 OK
75,139,90,0.04290839861541046,0,🟢 OK
75,140,89,0.037098228766844876,0,🟢 OK
75,141,88,0.033537635754845974,0,🟢 OK
75,142,87,0.03264841420990061,0,🟢 OK
75,143,86,0.039258162139330144,0,🟢 OK
75,144,85,0.03818974932509889,0,🟢 OK
75,145,84,0.05459448461973743,0,🟢 OK
75,146,83,0.05361281448249411,0,🟢 OK
75,147,82,0.04635078779962054,0,🟢 OK
75,148,81,0.05243876220460508,0,🟢 OK
75,149,80,0.04574878087230233,0,🟢 OK
75,150,79,0.04786789985671719,0,🟢 OK
75,151,78,0.049094450068540685,0,🟢 OK
75,152,77,0.0521179163690878,0,🟢 OK
75,153,76,0.040789050030317686,0,🟢 OK
75,154,75,0.03919587358110482,0,🟢 OK
75,155,74,0.03925035421409234,0,🟢 OK
75,156,73,0.041920733784635233,0,🟢 OK
75,157,72,0.049874678279651974,0,🟢 OK
75,158,71,0.05599854881911409,0,🟢 OK
75,159,70,0.04867676168089097,0,🟢 OK
75,160,69,0.05745870041422757,0,🟢 OK
75,161,68,0.05265214198395202,0,🟢 OK
75,162,67,0.057133982029251074,0,🟢 OK
75,163,66,0.06481965303940485,0,🟢 OK
75,164,65,0.03478385653564814,0,🟢 OK
75,165,64,0.030748996734763168,0,🟢 OK
75,166,63,0.055426440171597924,0,🟢 OK
75,167,62,0.048232296304562494,0,🟢 OK
75,168,61,0.031054938938746834,0,🟢 OK
75,169,60,0.033770919204087424,0,🟢 OK
75,170,59,0.03204247103900393,0,🟢 OK
75,171,58,0.024104987160173008,0,🟢 OK
75,172,57,0.008515413761497115,0,🟢 OK
75,173,56,0.00400631893326564,0,🟢 OK
75,174,55,0.012338109030290922,0,🟢 OK
75,175,54,0.012054869493671627,0,🟢 OK
75,176,53,0.012689408722024398,0,🟢 OK
75,177,52,0.015236297735670257,0,🟢 OK
75,178,51,0.017288296487388555,0,🟢 OK
75,179,50,0.007070910690129828,0,🟢 OK
75,180,49,0.0013723004634059732,0,🟢 OK
75,181,48,0.0013841666348356485,0,🟢 OK
75,182,47,-0.010875708590900701,1,🟢 OK
75,183,46,-0.030960213400055725,1,🟢 OK
75,184,45,-0.019876669106354883,1,🟢 OK
75,185,44,-0.015698266554877938,1,🟢 OK
75,186,43,-0.026941223034367745,1,🟢 OK
75,187,42,-0.031154370365175876,1,🟢 OK
75,188,41,-0.03748613036676085,1,🟢 OK
75,189,40,-0.04450097929620189,1,🟢 OK
75,190,39,-0.03729410355074281,1,🟢 OK
75,191,38,-0.034936353287874145,1,🟢 OK
75,192,37,-0.035882638547382606,1,🟢 OK
75,193,36,-0.03095202483510784,1,🔴 ALERT
75,194,35,-0.02963617031250243,1,🔴 ALERT
75,195,34,-0.03365487936814349,1,🔴 ALERT
75,196,33,-0.03190898341507298,1,🔴 ALERT
75,197,32,-0.0454100080100055,1,🔴 ALERT
75,198,31,-0.04114939272914653,1,🔴 ALERT
75,199,30,-0.026558720868543273,1,🔴 ALERT
75,200,29,-0.029269811363345388,1,🔴 ALERT
75,201,28,-0.03267278498103643,1,🔴 ALERT
75,202,27,-0.033730230641364045,1,🔴 ALERT
75,203,26,-0.035374848132523784,1,🔴 ALERT
75,204,25,-0.029846867950213407,1,🔴 ALERT
75,205,24,-0.031033544355610787,1,🔴 ALERT
75,206,23,-0.03486978430323784,1,🔴 ALERT
75,207,22,-0.03684036292843729,1,🔴 ALERT
75,208,21,-0.0321697563110549,1,🔴 ALERT
75,209,20,-0.03657139578711499,1,🔴 ALERT
75,210,19,-0.04353120579529135,1,🔴 ALERT
75,211,18,-0.03844057905207843,1,🔴 ALERT
75,212,17,-0.04319196393967728,1,🔴 ALERT
75,213,16,-0.041708425902325486,1,🔴 ALERT
75,214,15,-0.04535816636289358,1,🔴 ALERT
75,215,14,-0.03390515332761779,1,🔴 ALERT
75,216,13,-0.03377619016857636,1,🔴 ALERT
75,217,12,-0.029197863636250987,1,🔴 ALERT
75,218,11,-0.033188136937865265,1,🔴 ALERT
75,219,10,-0.044446104661347796,1,🔴 ALERT
75,220,9,-0.04680099703553975,1,🔴 ALERT
75,221,8,-0.032746061149750316,1,🔴 ALERT
75,222,7,-0.043279560643112114,1,🔴 ALERT
75,223,6,-0.03779729530400944,1,🔴 ALERT
75,224,5,-0.03707245247916935,1,🔴 ALERT
75,225,4,-0.049579179491827,1,🔴 ALERT
75,226,3,-0.043301404600674,1,🔴 ALERT
75,227,2,-0.03466868553738567,1,🔴 ALERT
75,228,1,-0.027880994473806764,1,🔴 ALERT
75,229,0,-0.027384576119233617,1,🔴 ALERT
76,1,209,0.1294363519691632,0,🟢 OK
76,2,208,0.04405043448993701,0,🟢 OK
76,3,207,0.08368932571242638,0,🟢 OK
76,4,206,0.08130506891042416,0,🟢 OK
76,5,205,0.09060808929436143,0,🟢 OK
76,6,204,0.08946086772135908,0,🟢 OK
76,7,203,0.09628375624171115,0,🟢 OK
76,8,202,0.1033088901325745,0,🟢 OK
76,9,201,0.09662332716886213,0,🟢 OK
76,10,200,0.10076841432300204,0,🟢 OK
76,11,199,0.10517960950091582,0,🟢 OK
76,12,198,0.1034973464315469,0,🟢 OK
76,13,197,0.10228965976961996,0,🟢 OK
76,14,196,0.10763778070528779,0,🟢 OK
76,15,195,0.1073576093455395,0,🟢 OK
76,16,194,0.10857384148914473,0,🟢 OK
76,17,193,0.10897796281714894,0,🟢 OK
76,18,192,0.11601710233602225,0,🟢 OK
76,19,191,0.11066417333353601,0,🟢 OK
76,20,190,0.12043752473060826,0,🟢 OK
76,21,189,0.11400539098712797,0,🟢 OK
76,22,188,0.11314605478623851,0,🟢 OK
76,23,187,0.11159511345953499,0,🟢 OK
76,24,186,0.10964303088011046,0,🟢 OK
76,25,185,0.10702982427643748,0,🟢 OK
76,26,184,0.10247410301482529,0,🟢 OK
76,27,183,0.10447147976461507,0,🟢 OK
76,28,182,0.10167288053495044,0,🟢 OK
76,29,181,0.10510881464844152,0,🟢 OK
76,30,180,0.11243026682530044,0,🟢 OK
76,31,179,0.12282199714729808,0,🟢 OK
76,32,178,0.12280380866892432,0,🟢 OK
76,33,177,0.11653187960323358,0,🟢 OK
76,34,176,0.11072742146481396,0,🟢 OK
76,35,175,0.10618629592209378,0,🟢 OK
76,36,174,0.11017638292088894,0,🟢 OK
76,37,173,0.12023196984806395,0,🟢 OK
76,38,172,0.12438012748728267,0,🟢 OK
76,39,171,0.1293587263526531,0,🟢 OK
76,40,170,0.12139978610380836,0,🟢 OK
76,41,169,0.1256693220379168,0,🟢 OK
76,42,168,0.1256362664832429,0,🟢 OK
76,43,167,0.12811607468836705,0,🟢 OK
76,44,166,0.11872738831154289,0,🟢 OK
76,45,165,0.13111793525149168,0,🟢 OK
76,46,164,0.12757354917769081,0,🟢 OK
76,47,163,0.12704943897919224,0,🟢 OK
76,48,162,0.1227138180497589,0,🟢 OK
76,49,161,0.12097647910851456,0,🟢 OK
76,50,160,0.117522254705139,0,🟢 OK
76,51,159,0.11727710834467558,0,🟢 OK
76,52,158,0.10980988118516183,0,🟢 OK
76,53,157,0.11360775728277145,0,🟢 OK
76,54,156,0.11911932374241013,0,🟢 OK
76,55,155,0.10610024783460648,0,🟢 OK
76,56,154,0.10653985412659567,0,🟢 OK
76,57,153,0.08971143471606569,0,🟢 OK
76,58,152,0.08642842161867687,0,🟢 OK
76,59,151,0.08442730296991052,0,🟢 OK
76,60,150,0.08998925130397323,0,🟢 OK
76,61,149,0.09264148781817927,0,🟢 OK
76,62,148,0.09816902698038527,0,🟢 OK
76,63,147,0.09712848602209295,0,🟢 OK
76,64,146,0.08886123566969445,0,🟢 OK
76,65,145,0.09597010030732506,0,🟢 OK
76,66,144,0.09903854501203085,0,🟢 OK
76,67,143,0.0855867093451077,0,🟢 OK
76,68,142,0.09623138030844969,0,🟢 OK
76,69,141,0.1140614325169581,0,🟢 OK
76,70,140,0.11424604620778278,0,🟢 OK
76,71,139,0.09549929226932713,0,🟢 OK
76,72,138,0.09869259750313852,0,🟢 OK
76,73,137,0.10019080605046671,0,🟢 OK
76,74,136,0.10401437742608644,0,🟢 OK
76,75,135,0.1066863616694182,0,🟢 OK
76,76,134,0.09985037948256664,0,🟢 OK
76,77,133,0.09874571680551197,0,🟢 OK
76,78,132,0.09581470050006524,0,🟢 OK
76,79,131,0.10485910913094643,0,🟢 OK
76,80,130,0.10717007490947844,0,🟢 OK
76,81,129,0.1051011500646376,0,🟢 OK
76,82,128,0.1166200753717217,0,🟢 OK
76,83,127,0.11668135184972367,0,🟢 OK
76,84,126,0.12340924077073101,0,🟢 OK
76,85,125,0.11008873061557173,0,🟢 OK
76,86,124,0.1060027294718296,0,🟢 OK
76,87,123,0.10772160486396914,0,🟢 OK
76,88,122,0.10874551449949599,0,🟢 OK
76,89,121,0.09680766301858873,0,🟢 OK
76,90,120,0.08879980748186228,0,🟢 OK
76,91,119,0.08729309156487775,0,🟢 OK
76,92,118,0.08870604880723887,0,🟢 OK
76,93,117,0.08213332629092984,0,🟢 OK
76,94,116,0.08786069716577577,0,🟢 OK
76,95,115,0.08957739475333693,0,🟢 OK
76,96,114,0.09154790952593078,0,🟢 OK
76,97,113,0.09638943061017785,0,🟢 OK
76,98,112,0.08546660855948407,0,🟢 OK
76,99,111,0.08722324209768789,0,🟢 OK
76,100,110,0.09237778656892737,0,🟢 OK
76,101,109,0.0902071205633398,0,🟢 OK
76,102,108,0.07502474145906812,0,🟢 OK
76,103,107,0.07357978140426574,0,🟢 OK
76,104,106,0.0692634832063429,0,🟢 OK
76,105,105,0.07732022257127447,0,🟢 OK
76,106,104,0.06789905757641179,0,🟢 OK
76,107,103,0.06872964217362598,0,🟢 OK
76,108,102,0.07164737600512455,0,🟢 OK
76,109,101,0.05015985446783583,0,🟢 OK
76,110,100,0.06007335472797126,0,🟢 OK
76,111,99,0.08931770083555346,0,🟢 OK
76,112,98,0.07664786700547499,0,🟢 OK
76,113,97,0.07630860951365281,0,🟢 OK
76,114,96,0.06891154367503172,0,🟢 OK
76,115,95,0.07519939181740087,0,🟢 OK
76,116,94,0.07058871065632139,0,🟢 OK
76,117,93,0.07414968547570427,0,🟢 OK
76,118,92,0.07616244277698297,0,🟢 OK
76,119,91,0.0623019261435771,0,🟢 OK
76,120,90,0.05867964100974282,0,🟢 OK
76,121,89,0.06928222208688217,0,🟢 OK
76,122,88,0.07339756205943859,0,🟢 OK
76,123,87,0.06114185118482901,0,🟢 OK
76,124,86,0.059850762046768924,0,🟢 OK
76,125,85,0.06152824746146779,0,🟢 OK
76,126,84,0.058779499113039535,0,🟢 OK
76,127,83,0.0676365732665769,0,🟢 OK
76,128,82,0.0702349438368382,0,🟢 OK
76,129,81,0.0798514916809952,0,🟢 OK
76,130,80,0.06679989216723092,0,🟢 OK
76,131,79,0.06720511315573446,0,🟢 OK
76,132,78,0.06235401628639814,0,🟢 OK
76,133,77,0.042321806847080534,0,🟢 OK
76,134,76,0.0422695460400383,0,🟢 OK
76,135,75,0.043342142799057626,0,🟢 OK
76,136,74,0.04380139060835986,0,🟢 OK
76,137,73,0.05302427127194026,0,🟢 OK
76,138,72,0.05059871990810494,0,🟢 OK
76,139,71,0.045606556513793306,0,🟢 OK
76,140,70,0.034417167901914736,0,🟢 OK
76,141,69,0.04512632108018616,0,🟢 OK
76,142,68,0.04322698550870335,0,🟢 OK
76,143,67,0.04463391883961837,0,🟢 OK
76,144,66,0.05408742775738257,0,🟢 OK
76,145,65,0.05387244590284862,0,🟢 OK
76,146,64,0.03432225468843053,0,🟢 OK
76,147,63,0.01908299342305958,0,🟢 OK
76,148,62,0.029742278561147195,0,🟢 OK
76,149,61,0.03812131563036675,0,🟢 OK
76,150,60,0.024179809722580214,0,🟢 OK
76,151,59,0.017772927449671683,0,🟢 OK
76,152,58,0.020509857212360205,0,🟢 OK
76,153,57,0.01908513287103064,0,🟢 OK
76,154,56,0.009677968734405684,0,🟢 OK
76,155,55,0.012547208367431062,0,🟢 OK
76,156,54,0.007445070155682021,0,🟢 OK
76,157,53,0.022531250246400736,0,🟢 OK
76,158,52,0.014363090145603885,0,🟢 OK
76,159,51,0.0021453237180057982,0,🟢 OK
76,160,50,-0.013119505127961117,1,🟢 OK
76,161,49,0.005131742826248842,0,🟢 OK
76,162,48,0.00573315186559753,0,🟢 OK
76,163,47,-0.0007128584379194614,1,🟢 OK
76,164,46,0.0011985836785745052,0,🟢 OK
76,165,45,-0.006054597240816695,1,🟢 OK
76,166,44,-0.006603053064450526,1,🟢 OK
76,167,43,-0.018965837088883553,1,🟢 OK
76,168,42,-0.017024811509031124,1,🟢 OK
76,169,41,-0.013930711576633836,1,🟢 OK
76,170,40,-0.008396988594217891,1,🟢 OK
76,171,39,-0.008509216284055543,1,🟢 OK
76,172,38,-0.019588848928210334,1,🟢 OK
76,173,37,-0.03247699245751545,1,🟢 OK
76,174,36,-0.05210489249609107,1,🟢 OK
76,175,35,-0.04535857262769982,1,🟢 OK
76,176,34,-0.024408077413491935,1,🔴 ALERT
76,177,33,-0.02850776858972659,1,🔴 ALERT
76,178,32,-0.03602645224261458,1,🔴 ALERT
76,179,31,-0.02792280685551196,1,🔴 ALERT
76,180,30,-0.03458412986970538,1,🔴 ALERT
76,181,29,-0.03106731400916196,1,🔴 ALERT
76,182,28,-0.02901857793113294,1,🔴 ALERT
76,183,27,-0.026207146734056774,1,🔴 ALERT
76,184,26,-0.028287552958910833,1,🔴 ALERT
76,185,25,-0.034271983905489356,1,🔴 ALERT
76,186,24,-0.0252994287950008,1,🔴 ALERT
76,187,23,-0.024631186830919916,1,🔴 ALERT
76,188,22,-0.02220663739002504,1,🔴 ALERT
76,189,21,-0.017540330528907466,1,🔴 ALERT
76,190,20,-0.017387032006962233,1,🔴 ALERT
76,191,19,-0.01659868260618358,1,🔴 ALERT
76,192,18,-0.01417200274537278,1,🔴 ALERT
76,193,17,-0.012470400124548364,1,🔴 ALERT
76,194,16,-0.01400612820748881,1,🔴 ALERT
76,195,15,-0.013028730530588395,1,🔴 ALERT
76,196,14,-0.010452089955422461,1,🔴 ALERT
76,197,13,-0.013360461699776338,1,🔴 ALERT
76,198,12,-0.028983016003973794,1,🔴 ALERT
76,199,11,-0.03201932258903828,1,🔴 ALERT
76,200,10,-0.03347067361904621,1,🔴 ALERT
76,201,9,-0.04292517274261942,1,🔴 ALERT
76,202,8,-0.041603028925023766,1,🔴 ALERT
76,203,7,-0.041406492681641094,1,🔴 ALERT
76,204,6,-0.03632814361613945,1,🔴 ALERT
76,205,5,-0.03217557584831676,1,🔴 ALERT
76,206,4,-0.022501735768352016,1,🔴 ALERT
76,207,3,-0.02572251585498664,1,🔴 ALERT
76,208,2,-0.023305970856205005,1,🔴 ALERT
76,209,1,-0.021278769544052833,1,🔴 ALERT
76,210,0,-0.01660775946975601,1,🔴 ALERT
77,1,153,0.12357425073565659,0,🟢 OK
77,2,152,0.0267782251428193,0,🟢 OK
77,3,151,0.08054547877324436,0,🟢 OK
77,4,150,0.11670405657320737,0,🟢 OK
77,5,149,0.11778695584538751,0,🟢 OK
77,6,148,0.12081640053754017,0,🟢 OK
77,7,147,0.1100483744138101,0,🟢 OK
77,8,146,0.10709768433397054,0,🟢 OK
77,9,145,0.11426580743380393,0,🟢 OK
77,10,144,0.11325810073183329,0,🟢 OK
77,11,143,0.12091442045079209,0,🟢 OK
77,12,142,0.1151474244496501,0,🟢 OK
77,13,141,0.12132973845239042,0,🟢 OK
77,14,140,0.11022579148888068,0,🟢 OK
77,15,139,0.11261952463240932,0,🟢 OK
77,16,138,0.11205489638889626,0,🟢 OK
77,17,137,0.1165591449500169,0,🟢 OK
77,18,136,0.11003482284538396,0,🟢 OK
77,19,135,0.11439268334534469,0,🟢 OK
77,20,134,0.11664844158333693,0,🟢 OK
77,21,133,0.11122221461554688,0,🟢 OK
77,22,132,0.09678434008769049,0,🟢 OK
77,23,131,0.07471706840680525,0,🟢 OK
77,24,130,0.0861726803285166,0,🟢 OK
77,25,129,0.09689706627211936,0,🟢 OK
77,26,128,0.09420495962698416,0,🟢 OK
77,27,127,0.10335470829380777,0,🟢 OK
77,28,126,0.10715633901288807,0,🟢 OK
77,29,125,0.09700500411225038,0,🟢 OK
77,30,124,0.09332123515610408,0,🟢 OK
77,31,123,0.09035884230868224,0,🟢 OK
77,32,122,0.08563784494345006,0,🟢 OK
77,33,121,0.10094342247897309,0,🟢 OK
77,34,120,0.09192217577614559,0,🟢 OK
77,35,119,0.09601827896692894,0,🟢 OK
77,36,118,0.10069259502448408,0,🟢 OK
77,37,117,0.09365228902640388,0,🟢 OK
77,38,116,0.09605535372480978,0,🟢 OK
77,39,115,0.09666498146218294,0,🟢 OK
77,40,114,0.09237393050567816,0,🟢 OK
77,41,113,0.09525094187754574,0,🟢 OK
77,42,112,0.10154089645798364,0,🟢 OK
77,43,111,0.10784393367079342,0,🟢 OK
77,44,110,0.11172628375853672,0,🟢 OK
77,45,109,0.12000943426389754,0,🟢 OK
77,46,108,0.12478196012812548,0,🟢 OK
77,47,107,0.119381364437392,0,🟢 OK
77,48,106,0.11843412154575544,0,🟢 OK
77,49,105,0.1140928389658345,0,🟢 OK
77,50,104,0.113678418476505,0,🟢 OK
77,51,103,0.11645492483001435,0,🟢 OK
77,52,102,0.1154770477563386,0,🟢 OK
77,53,101,0.10651878359254807,0,🟢 OK
77,54,100,0.11288201043269375,0,🟢 OK
77,55,99,0.09696211446775282,0,🟢 OK
77,56,98,0.10106552224130394,0,🟢 OK
77,57,97,0.10403918628614012,0,🟢 OK
77,58,96,0.102874608055538,0,🟢 OK
77,59,95,0.10170810986046769,0,🟢 OK
77,60,94,0.10105930137923497,0,🟢 OK
77,61,93,0.10313018898920828,0,🟢 OK
77,62,92,0.1152526148307712,0,🟢 OK
77,63,91,0.107580602439667,0,🟢 OK
77,64,90,0.1070575364996294,0,🟢 OK
77,65,89,0.11651538407472911,0,🟢 OK
77,66,88,0.11927061326491939,0,🟢 OK
77,67,87,0.11207159559705865,0,🟢 OK
77,68,86,0.10403925623094051,0,🟢 OK
77,69,85,0.10716658523734685,0,🟢 OK
77,70,84,0.10170345889152382,0,🟢 OK
77,71,83,0.11241825534891625,0,🟢 OK
77,72,82,0.10123508573735368,0,🟢 OK
77,73,81,0.10100378791542952,0,🟢 OK
77,74,80,0.10322674704697304,0,🟢 OK
77,75,79,0.11189082323956212,0,🟢 OK
77,76,78,0.10588224016786246,0,🟢 OK
77,77,77,0.10184735581893972,0,🟢 OK
77,78,76,0.10262755010631641,0,🟢 OK
77,79,75,0.0973498274014663,0,🟢 OK
77,80,74,0.09395375139891343,0,🟢 OK
77,81,73,0.07899837964243817,0,🟢 OK
77,82,72,0.07546398725753595,0,🟢 OK
77,83,71,0.054181484441415184,0,🟢 OK
77,84,70,0.068213644989631,0,🟢 OK
77,85,69,0.06930002562013649,0,🟢 OK
77,86,68,0.06771820335531342,0,🟢 OK
77,87,67,0.06738747659272165,0,🟢 OK
77,88,66,0.08227366785999285,0,🟢 OK
77,89,65,0.07892232551669798,0,🟢 OK
77,90,64,0.10281563926297888,0,🟢 OK
77,91,63,0.10546300573673123,0,🟢 OK
77,92,62,0.09371037906290125,0,🟢 OK
77,93,61,0.11471725107479935,0,🟢 OK
77,94,60,0.10075613752027174,0,🟢 OK
77,95,59,0.07998368248739185,0,🟢 OK
77,96,58,0.07420449068691315,0,🟢 OK
77,97,57,0.0707621098381852,0,🟢 OK
77,98,56,0.0731135055564881,0,🟢 OK
77,99,55,0.07348678884953769,0,🟢 OK
77,100,54,0.054586174026390155,0,🟢 OK
77,101,53,0.06892092873477301,0,🟢 OK
77,102,52,0.0644580631142308,0,🟢 OK
77,103,51,0.06547517628696975,0,🟢 OK
77,104,50,0.058847866048420294,0,🟢 OK
77,105,49,0.05145626563403871,0,🟢 OK
77,106,48,0.055259372173495525,0,🟢 OK
77,107,47,0.041576533253709524,0,🟢 OK
77,108,46,0.05144226266432439,0,🟢 OK
77,109,45,0.06842766129343708,0,🟢 OK
77,110,44,0.08573466111785166,0,🟢 OK
77,111,43,0.07670830181943722,0,🟢 OK
77,112,42,0.06524419955787975,0,🟢 OK
77,113,41,0.051330208314434245,0,🟢 OK
77,114,40,0.0631747715115002,0,🟢 OK
77,115,39,0.06894179822044438,0,🟢 OK
77,116,38,0.06128523536747216,0,🟢 OK
77,117,37,0.05179490193785913,0,🟢 OK
77,118,36,0.04423078002465802,0,🟢 OK
77,119,35,0.04562449758456294,0,🟢 OK
77,120,34,0.038662943659225846,0,🟢 OK
77,121,33,0.04000296188395608,0,🟢 OK
77,122,32,0.0389635877962608,0,🟢 OK
77,123,31,0.03961322072747431,0,🟢 OK
77,124,30,0.029352137150402358,0,🟢 OK
77,125,29,0.007978390786978762,0,🟢 OK
77,126,28,0.02534216633554659,0,🟢 OK
77,127,27,0.022427015333307654,0,🟢 OK
77,128,26,0.02441158753170014,0,🟢 OK
77,129,25,0.00500215091855627,0,🟢 OK
77,130,24,-0.00619737401589282,1,🟢 OK
77,131,23,0.007178571304512438,0,🟢 OK
77,132,22,-0.0036339015861736046,1,🟢 OK
77,133,21,-0.008098997782206241,1,🟢 OK
77,134,20,-0.0004704448683893192,1,🟢 OK
77,135,19,-0.0025460594865660546,1,🟢 OK
77,136,18,0.009315155497218341,0,🟢 OK
77,137,17,0.0034880665981201764,0,🟢 OK
77,138,16,-0.015277799449208707,1,🟢 OK
77,139,15,-0.013620931442023698,1,🟢 OK
77,140,14,-0.014233087413858758,1,🟢 OK
77,141,13,-0.015638261814716392,1,🟢 OK
77,142,12,-0.02674666177556928,1,🟢 OK
77,143,11,-0.026607756834448937,1,🟢 OK
77,144,10,-0.022323833199274667,1,🟢 OK
77,145,9,-0.025240756631025874,1,🟢 OK
77,146,8,-0.020872397332786563,1,🟢 OK
77,147,7,-0.02619525305009951,1,🟢 OK
77,148,6,-0.02566830148871546,1,🔴 ALERT
77,149,5,-0.02455373057350363,1,🔴 ALERT
77,150,4,-0.023393087311215366,1,🔴 ALERT
77,151,3,-0.028001959919427777,1,🔴 ALERT
77,152,2,-0.02320894818582986,1,🔴 ALERT
77,153,1,-0.03413379643603165,1,🔴 ALERT
77,154,0,-0.04110130611690066,1,🔴 ALERT
78,1,230,0.02939511484378815,0,🟢 OK
78,2,229,-0.0737891557276682,0,🟢 OK
78,3,228,-0.048072329148415416,0,🟢 OK
78,4,227,-0.052389717594270246,0,🟢 OK
78,5,226,-0.04250838310664373,0,🟢 OK
78,6,225,-0.03528569553120142,0,🟢 OK
78,7,224,-0.025007264903449844,0,🟢 OK
78,8,223,-0.0169134203611071,0,🟢 OK
78,9,222,-0.015118062695063328,0,🟢 OK
78,10,221,-0.007360529390453285,0,🟢 OK
78,11,220,-0.008802098059019436,1,🟢 OK
78,12,219,-0.0008568397533499361,1,🟢 OK
78,13,218,0.01052479670595724,0,🟢 OK
78,14,217,0.02801077279336367,0,🟢 OK
78,15,216,0.028269687615720518,0,🟢 OK
78,16,215,0.033507144136169675,0,🟢 OK
78,17,214,0.02490482046721315,0,🟢 OK
78,18,213,0.018466820318746746,0,🟢 OK
78,19,212,0.025719588206284782,0,🟢 OK
78,20,211,-0.001881966606374852,1,🟢 OK
78,21,210,0.008167293939533471,0,🟢 OK
78,22,209,0.020883483346142206,0,🟢 OK
78,23,208,0.013625710966128801,0,🟢 OK
78,24,207,0.02545597948915196,0,🟢 OK
78,25,206,0.014862329511795891,0,🟢 OK
78,26,205,0.01392694248809101,0,🟢 OK
78,27,204,0.005768311743353682,0,🟢 OK
78,28,203,0.02655170728894518,0,🟢 OK
78,29,202,0.0166433961021753,0,🟢 OK
78,30,201,0.030161518282593947,0,🟢 OK
78,31,200,0.04147781418385532,0,🟢 OK
78,32,199,0.045899725332112784,0,🟢 OK
78,33,198,0.026522948190612405,0,🟢 OK
78,34,197,0.03649673707151979,0,🟢 OK
78,35,196,0.033489993292421305,0,🟢 OK
78,36,195,0.032910104322159295,0,🟢 OK
78,37,194,0.022616681914521097,0,🟢 OK
78,38,193,0.012417546935121149,0,🟢 OK
78,39,192,0.014681495020741342,0,🟢 OK
78,40,191,0.013959218477873292,0,🟢 OK
78,41,190,0.01833142537407456,0,🟢 OK
78,42,189,0.030041951226260577,0,🟢 OK
78,43,188,0.027644915698299022,0,🟢 OK
78,44,187,0.034772422317913554,0,🟢 OK
78,45,186,0.03318923065682006,0,🟢 OK
78,46,185,0.04481679686936435,0,🟢 OK
78,47,184,0.04120278233573149,0,🟢 OK
78,48,183,0.04500601319775427,0,🟢 OK
78,49,182,0.05317319659877179,0,🟢 OK
78,50,181,0.055996422387078804,0,🟢 OK
78,51,180,0.05438459909784377,0,🟢 OK
78,52,179,0.03151285952169369,0,🟢 OK
78,53,178,0.028878416687002806,0,🟢 OK
78,54,177,0.030627891838976185,0,🟢 OK
78,55,176,0.04469193339739275,0,🟢 OK
78,56,175,0.02638162787608045,0,🟢 OK
78,57,174,0.039415619939699664,0,🟢 OK
78,58,173,0.0343737347497472,0,🟢 OK
78,59,172,0.04042642649604772,0,🟢 OK
78,60,171,0.03413202467102022,0,🟢 OK
78,61,170,0.02950233489680859,0,🟢 OK
78,62,169,0.033215362312839,0,🟢 OK
78,63,168,0.05228052257850657,0,🟢 OK
78,64,167,0.039967947288936156,0,🟢 OK
78,65,166,0.06077458076388231,0,🟢 OK
78,66,165,0.06668492559851519,0,🟢 OK
78,67,164,0.07066136793817057,0,🟢 OK
78,68,163,0.08187767003668295,0,🟢 OK
78,69,162,0.07422911905476792,0,🟢 OK
78,70,161,0.06419359971685729,0,🟢 OK
78,71,160,0.06536723251782872,0,🟢 OK
78,72,159,0.06346024606218759,0,🟢 OK
78,73,158,0.0591846064738249,0,🟢 OK
78,74,157,0.07185288196521877,0,🟢 OK
78,75,156,0.0742226466291413,0,🟢 OK
78,76,155,0.06836855560187499,0,🟢 OK
78,77,154,0.07542884366023705,0,🟢 OK
78,78,153,0.05352322537021914,0,🟢 OK
78,79,152,0.06105926543769641,0,🟢 OK
78,80,151,0.057630564292789344,0,🟢 OK
78,81,150,0.062402385735721766,0,🟢 OK
78,82,149,0.07594442540335183,0,🟢 OK
78,83,148,0.08113336140874078,0,🟢 OK
78,84,147,0.0838323457586454,0,🟢 OK
78,85,146,0.08065560502887326,0,🟢 OK
78,86,145,0.07052653113723029,0,🟢 OK
78,87,144,0.0708827666512209,0,🟢 OK
78,88,143,0.07152489746576851,0,🟢 OK
78,89,142,0.08379684511936597,0,🟢 OK
78,90,141,0.076047647891333,0,🟢 OK
78,91,140,0.07833454371763449,0,🟢 OK
78,92,139,0.08118977818133383,0,🟢 OK
78,93,138,0.06683679228161421,0,🟢 OK
78,94,137,0.061612830093117577,0,🟢 OK
78,95,136,0.06302064210157948,0,🟢 OK
78,96,135,0.06227234747842614,0,🟢 OK
78,97,134,0.06437468645272038,0,🟢 OK
78,98,133,0.045332435546023564,0,🟢 OK
78,99,132,0.03834614639585021,0,🟢 OK
78,100,131,0.03152654890037315,0,🟢 OK
78,101,130,0.04963045059861404,0,🟢 OK
78,102,129,0.06227565249677708,0,🟢 OK
78,103,128,0.07974708787286944,0,🟢 OK
78,104,127,0.07881860185947437,0,🟢 OK
78,105,126,0.08568601968741169,0,🟢 OK
78,106,125,0.09814729477086737,0,🟢 OK
78,107,124,0.09070916130148826,0,🟢 OK
78,108,123,0.08201979457245545,0,🟢 OK
78,109,122,0.08058953527910762,0,🟢 OK
78,110,121,0.08220215425210747,0,🟢 OK
78,111,120,0.09699994204205148,0,🟢 OK
78,112,119,0.09856488714359324,0,🟢 OK
78,113,118,0.09444811823372051,0,🟢 OK
78,114,117,0.09710091478364102,0,🟢 OK
78,115,116,0.1034611588639055,0,🟢 OK
78,116,115,0.10377925430392126,0,🟢 OK
78,117,114,0.10561968052650367,0,🟢 OK
78,118,113,0.10263869344330423,0,🟢 OK
78,119,112,0.10478578275755568,0,🟢 OK
78,120,111,0.10268182324561342,0,🟢 OK
78,121,110,0.10246667483421956,0,🟢 OK
78,122,109,0.10687636808064294,0,🟢 OK
78,123,108,0.1140632284025424,0,🟢 OK
78,124,107,0.10362849641483735,0,🟢 OK
78,125,106,0.10388016831124897,0,🟢 OK
78,126,105,0.09423352942594515,0,🟢 OK
78,127,104,0.09641814949992922,0,🟢 OK
78,128,103,0.10810576591412496,0,🟢 OK
78,129,102,0.09910209456012276,0,🟢 OK
78,130,101,0.09155314741824244,0,🟢 OK
78,131,100,0.09482722833170193,0,🟢 OK
78,132,99,0.09042824399394689,0,🟢 OK
78,133,98,0.08588299470995103,0,🟢 OK
78,134,97,0.08061801454712919,0,🟢 OK
78,135,96,0.08898429792449647,0,🟢 OK
78,136,95,0.09551966602570588,0,🟢 OK
78,137,94,0.0912330535034992,0,🟢 OK
78,138,93,0.0696744943822788,0,🟢 OK
78,139,92,0.09156917458152591,0,🟢 OK
78,140,91,0.08582671399914088,0,🟢 OK
78,141,90,0.08219126031103546,0,🟢 OK
78,142,89,0.0954822874730647,0,🟢 OK
78,143,88,0.09104989177316514,0,🟢 OK
78,144,87,0.08800920879721918,0,🟢 OK
78,145,86,0.08958198736405043,0,🟢 OK
78,146,85,0.08817786571749275,0,🟢 OK
78,147,84,0.09480845309147401,0,🟢 OK
78,148,83,0.09048471527210789,0,🟢 OK
78,149,82,0.09716897082683762,0,🟢 OK
78,150,81,0.09340756310485848,0,🟢 OK
78,151,80,0.09337710127550625,0,🟢 OK
78,152,79,0.0960860382866619,0,🟢 OK
78,153,78,0.09942515073880015,0,🟢 OK
78,154,77,0.10380523165871913,0,🟢 OK
78,155,76,0.10175049660810276,0,🟢 OK
78,156,75,0.10243538964664634,0,🟢 OK
78,157,74,0.10323883534140454,0,🟢 OK
78,158,73,0.11752582979020043,0,🟢 OK
78,159,72,0.12152813430141063,0,🟢 OK
78,160,71,0.12277242015952539,0,🟢 OK
78,161,70,0.12480641075132981,0,🟢 OK
78,162,69,0.1254579133520315,0,🟢 OK
78,163,68,0.13088597835598315,0,🟢 OK
78,164,67,0.13173654388493072,0,🟢 OK
78,165,66,0.12927924859411694,0,🟢 OK
78,166,65,0.11716513945473012,0,🟢 OK
78,167,64,0.12371758455690351,0,🟢 OK
78,168,63,0.12462535002342218,0,🟢 OK
78,169,62,0.11748943960978442,0,🟢 OK
78,170,61,0.1257670433467688,0,🟢 OK
78,171,60,0.12602843899550115,0,🟢 OK
78,172,59,0.11891070514119617,0,🟢 OK
78,173,58,0.1178036850404865,0,🟢 OK
78,174,57,0.11014818242030866,0,🟢 OK
78,175,56,0.11112119394477193,0,🟢 OK
78,176,55,0.12837727713674246,0,🟢 OK
78,177,54,0.11975315049496049,0,🟢 OK
78,178,53,0.11938694923464327,0,🟢 OK
78,179,52,0.11707153975909929,0,🟢 OK
78,180,51,0.11004274163986588,0,🟢 OK
78,181,50,0.10842259555048228,0,🟢 OK
78,182,49,0.10316715408222382,0,🟢 OK
78,183,48,0.10515455698221982,0,🟢 OK
78,184,47,0.0916080900096981,0,🟢 OK
78,185,46,0.09125137425218371,0,🟢 OK
78,186,45,0.08845811753012994,0,🟢 OK
78,187,44,0.07682043385193871,0,🟢 OK
78,188,43,0.07319886595618197,0,🟢 OK
78,189,42,0.05901057582863539,0,🟢 OK
78,190,41,0.06428976094156497,0,🟢 OK
78,191,40,0.06688529146729083,0,🟢 OK
78,192,39,0.06719344480058154,0,🟢 OK
78,193,38,0.06473091506599421,0,🟢 OK
78,194,37,0.0647164869851557,0,🟢 OK
78,195,36,0.05611432647125408,0,🟢 OK
78,196,35,0.06172930952029482,0,🟢 OK
78,197,34,0.05980495504406613,0,🟢 OK
78,198,33,0.06606940417883972,0,🟢 OK
78,199,32,0.05853715689742989,0,🟢 OK
78,200,31,0.052728155605575255,0,🟢 OK
78,201,30,0.054642360006131485,0,🟢 OK
78,202,29,0.04874672672587166,0,🟢 OK
78,203,28,0.049786471401193744,0,🟢 OK
78,204,27,0.0470492467936684,0,🟢 OK
78,205,26,0.03422688687450154,0,🟢 OK
78,206,25,0.03773493373517611,0,🟢 OK
78,207,24,0.028377079881987066,0,🟢 OK
78,208,23,0.015808827863642905,0,🟢 OK
78,209,22,0.0032577321022909667,0,🟢 OK
78,210,21,-0.015594182278601654,1,🟢 OK
78,211,20,-0.027330697373367685,1,🟢 OK
78,212,19,-0.01892325493709579,1,🟢 OK
78,213,18,-0.03071155155485461,1,🟢 OK
78,214,17,-0.043488892890995445,1,🟢 OK
78,215,16,-0.043632267634820754,1,🟢 OK
78,216,15,-0.0353559228631416,1,🟢 OK
78,217,14,-0.04165653182650053,1,🟢 OK
78,218,13,-0.043533543186893064,1,🟢 OK
78,219,12,-0.04085953362408934,1,🟢 OK
78,220,11,-0.021513699293334243,1,🟢 OK
78,221,10,-0.021328799930991682,1,🔴 ALERT
78,222,9,-0.03232561593741834,1,🔴 ALERT
78,223,8,-0.044456283437522726,1,🔴 ALERT
78,224,7,-0.038011200831446046,1,🔴 ALERT
78,225,6,-0.033625479633906386,1,🔴 ALERT
78,226,5,-0.044271334759618086,1,🔴 ALERT
78,227,4,-0.05047874201050406,1,🔴 ALERT
78,228,3,-0.047384981778964885,1,🔴 ALERT
78,229,2,-0.04248217382762964,1,🔴 ALERT
78,230,1,-0.04716354682193702,1,🔴 ALERT
78,231,0,-0.05287455352067849,1,🔴 ALERT
79,1,198,0.04529188711910864,0,🟢 OK
79,2,197,-0.04199014511730903,0,🟢 OK
79,3,196,-0.005295824734681709,0,🟢 OK
79,4,195,0.010454697718939643,0,🟢 OK
79,5,194,0.02065327071677897,0,🟢 OK
79,6,193,0.033037902802295405,0,🟢 OK
79,7,192,0.029510402945942316,0,🟢 OK
79,8,191,0.041580843614581975,0,🟢 OK
79,9,190,0.04343689128959766,0,🟢 OK
79,10,189,0.0613252109280501,0,🟢 OK
79,11,188,0.06828801296791631,0,🟢 OK
79,12,187,0.06059512851059562,0,🟢 OK
79,13,186,0.05988993721482333,0,🟢 OK
79,14,185,0.06887686107721802,0,🟢 OK
79,15,184,0.06448674407470556,0,🟢 OK
79,16,183,0.05560378557506385,0,🟢 OK
79,17,182,0.049386595620728946,0,🟢 OK
79,18,181,0.04846386283885468,0,🟢 OK
79,19,180,0.05887520303041566,0,🟢 OK
79,20,179,0.04653074214427011,0,🟢 OK
79,21,178,0.0540047234875386,0,🟢 OK
79,22,177,0.06244284387230148,0,🟢 OK
79,23,176,0.05983974051660634,0,🟢 OK
79,24,175,0.046669992356411893,0,🟢 OK
79,25,174,0.04620047627349294,0,🟢 OK
79,26,173,0.048744514869320466,0,🟢 OK
79,27,172,0.05786947940302811,0,🟢 OK
79,28,171,0.05498070002637662,0,🟢 OK
79,29,170,0.05217408290980696,0,🟢 OK
79,30,169,0.0629428613847266,0,🟢 OK
79,31,168,0.05100592222624695,0,🟢 OK
79,32,167,0.057392691333033485,0,🟢 OK
79,33,166,0.04429397871000146,0,🟢 OK
79,34,165,0.04727403254239204,0,🟢 OK
79,35,164,0.049169610414225406,0,🟢 OK
79,36,163,0.04795304673148959,0,🟢 OK
79,37,162,0.03782760981119515,0,🟢 OK
79,38,161,0.02630487223745548,0,🟢 OK
79,39,160,0.020679397368154384,0,🟢 OK
79,40,159,0.03398669763171536,0,🟢 OK
79,41,158,0.038952513272564215,0,🟢 OK
79,42,157,0.04439674612483324,0,🟢 OK
79,43,156,0.05456061214396574,0,🟢 OK
79,44,155,0.049729742737809834,0,🟢 OK
79,45,154,0.05567268253317387,0,🟢 OK
79,46,153,0.06090423113092652,0,🟢 OK
79,47,152,0.06967211578596455,0,🟢 OK
79,48,151,0.07098345370467907,0,🟢 OK
79,49,150,0.07605961667049949,0,🟢 OK
79,50,149,0.06544270949812414,0,🟢 OK
79,51,148,0.06773620456220086,0,🟢 OK
79,52,147,0.05574319758168289,0,🟢 OK
79,53,146,0.060441961559132784,0,🟢 OK
79,54,145,0.07544267281858447,0,🟢 OK
79,55,144,0.06613534431826179,0,🟢 OK
79,56,143,0.05964221740694631,0,🟢 OK
79,57,142,0.04639938417188655,0,🟢 OK
79,58,141,0.05505285389882503,0,🟢 OK
79,59,140,0.05717520273586518,0,🟢 OK
79,60,139,0.0716374231869687,0,🟢 OK
79,61,138,0.06872132360153965,0,🟢 OK
79,62,137,0.07868159451319462,0,🟢 OK
79,63,136,0.0722619571823438,0,🟢 OK
79,64,135,0.07696144330497029,0,🟢 OK
79,65,134,0.0794558341774968,0,🟢 OK
79,66,133,0.0682375843250419,0,🟢 OK
79,67,132,0.07194540093478502,0,🟢 OK
79,68,131,0.07725899510206197,0,🟢 OK
79,69,130,0.07459188251008358,0,🟢 OK
79,70,129,0.0748275285824756,0,🟢 OK
79,71,128,0.07000405215476907,0,🟢 OK
79,72,127,0.08486516198817862,0,🟢 OK
79,73,126,0.0883250520068018,0,🟢 OK
79,74,125,0.08214984210474385,0,🟢 OK
79,75,124,0.08147172547974951,0,🟢 OK
79,76,123,0.08156360933843126,0,🟢 OK
79,77,122,0.08387414235382551,0,🟢 OK
79,78,121,0.07886046327947244,0,🟢 OK
79,79,120,0.07989498804136369,0,🟢 OK
79,80,119,0.07946148829475785,0,🟢 OK
79,81,118,0.07697610816101219,0,🟢 OK
79,82,117,0.05060465438848949,0,🟢 OK
79,83,116,0.06463872935039422,0,🟢 OK
79,84,115,0.06502569242133555,0,🟢 OK
79,85,114,0.05546884058268864,0,🟢 OK
79,86,113,0.044172562517592384,0,🟢 OK
79,87,112,0.05031297114672062,0,🟢 OK
79,88,111,0.04957620164256221,0,🟢 OK
79,89,110,0.044727601094443514,0,🟢 OK
79,90,109,0.05926109674782293,0,🟢 OK
79,91,108,0.058257069254827376,0,🟢 OK
79,92,107,0.08258965856374684,0,🟢 OK
79,93,106,0.07132340799933284,0,🟢 OK
79,94,105,0.06997981983315765,0,🟢 OK
79,95,104,0.06833618303697758,0,🟢 OK
79,96,103,0.08413191211147192,0,🟢 OK
79,97,102,0.09108006258343665,0,🟢 OK
79,98,101,0.09143664716987776,0,🟢 OK
79,99,100,0.08595216585140719,0,🟢 OK
79,100,99,0.09115556943714598,0,🟢 OK
79,101,98,0.10169160983863001,0,🟢 OK
79,102,97,0.10238393270814922,0,🟢 OK
79,103,96,0.10832540345642921,0,🟢 OK
79,104,95,0.10557618435699068,0,🟢 OK
79,105,94,0.1099609431178985,0,🟢 OK
79,106,93,0.1144441366381212,0,🟢 OK
79,107,92,0.11170184658133975,0,🟢 OK
79,108,91,0.10929120372836659,0,🟢 OK
79,109,90,0.10609019676927434,0,🟢 OK
79,110,89,0.09523996697745446,0,🟢 OK
79,111,88,0.09098123607512354,0,🟢 OK
79,112,87,0.091100394563559,0,🟢 OK
79,113,86,0.08521133987275731,0,🟢 OK
79,114,85,0.09240205254001432,0,🟢 OK
79,115,84,0.06087118064710617,0,🟢 OK
79,116,83,0.06978936922336454,0,🟢 OK
79,117,82,0.07488725678535713,0,🟢 OK
79,118,81,0.07109080613618546,0,🟢 OK
79,119,80,0.07110742785287366,0,🟢 OK
79,120,79,0.07340721734596728,0,🟢 OK
79,121,78,0.07878382169852449,0,🟢 OK
79,122,77,0.0793458363579021,0,🟢 OK
79,123,76,0.07365714954841396,0,🟢 OK
79,124,75,0.07458394460518558,0,🟢 OK
79,125,74,0.11173391618346451,0,🟢 OK
79,126,73,0.1094638459163767,0,🟢 OK
79,127,72,0.115050107938032,0,🟢 OK
79,128,71,0.11990507293099906,0,🟢 OK
79,129,70,0.12082289028848264,0,🟢 OK
79,130,69,0.1229679411459455,0,🟢 OK
79,131,68,0.11048110332111188,0,🟢 OK
79,132,67,0.11646740685591406,0,🟢 OK
79,133,66,0.11678125566218067,0,🟢 OK
79,134,65,0.11297529506279269,0,🟢 OK
79,135,64,0.11452031906247734,0,🟢 OK
79,136,63,0.11496532383342123,0,🟢 OK
79,137,62,0.08955670108585034,0,🟢 OK
79,138,61,0.08932519268391015,0,🟢 OK
79,139,60,0.09695109120367301,0,🟢 OK
79,140,59,0.09102649426583426,0,🟢 OK
79,141,58,0.09525139401822375,0,🟢 OK
79,142,57,0.10005379880520499,0,🟢 OK
79,143,56,0.10291281352793047,0,🟢 OK
79,144,55,0.08522604037644477,0,🟢 OK
79,145,54,0.09117428008222478,0,🟢 OK
79,146,53,0.09681561111485043,0,🟢 OK
79,147,52,0.11909930777540206,0,🟢 OK
79,148,51,0.11606422019542972,0,🟢 OK
79,149,50,0.10987957118672298,0,🟢 OK
79,150,49,0.1118044551471164,0,🟢 OK
79,151,48,0.10901604975240264,0,🟢 OK
79,152,47,0.1080034690208006,0,🟢 OK
79,153,46,0.10996328023915053,0,🟢 OK
79,154,45,0.1107401551734814,0,🟢 OK
79,155,44,0.11113641916122091,0,🟢 OK
79,156,43,0.11426400016256394,0,🟢 OK
79,157,42,0.09397624362532175,0,🟢 OK
79,158,41,0.09761183152496195,0,🟢 OK
79,159,40,0.09699034847660876,0,🟢 OK
79,160,39,0.10527104621242905,0,🟢 OK
79,161,38,0.10598448118886539,0,🟢 OK
79,162,37,0.10232536680845394,0,🟢 OK
79,163,36,0.09582810645481565,0,🟢 OK
79,164,35,0.09252848312710604,0,🟢 OK
79,165,34,0.07861315948820907,0,🟢 OK
79,166,33,0.07715471354505271,0,🟢 OK
79,167,32,0.06716616347486382,0,🟢 OK
79,168,31,0.05863976854147107,0,🟢 OK
79,169,30,0.05001287211920519,0,🟢 OK
79,170,29,0.03472274949865123,0,🟢 OK
79,171,28,0.05543308069821529,0,🟢 OK
79,172,27,0.06269239240274932,0,🟢 OK
79,173,26,0.06259868789059447,0,🟢 OK
79,174,25,0.04886131728578241,0,🟢 OK
79,175,24,0.03370074851690058,0,🟢 OK
79,176,23,0.0314070306909387,0,🟢 OK
79,177,22,0.022180071825174397,0,🟢 OK
79,178,21,0.01738914758904453,0,🟢 OK
79,179,20,0.022496722771563504,0,🟢 OK
79,180,19,0.011090092582028255,0,🟢 OK
79,181,18,0.02113676733111869,0,🟢 OK
79,182,17,-0.002917553442980503,1,🟢 OK
79,183,16,-0.003977680434047004,1,🟢 OK
79,184,15,-0.00577817781505352,1,🟢 OK
79,185,14,-0.027101058113027432,1,🟢 OK
79,186,13,-0.03839077938648583,1,🟢 OK
79,187,12,-0.03482516876377051,1,🟢 OK
79,188,11,-0.028118754637411647,1,🟢 OK
79,189,10,-0.03920351005687939,1,🟢 OK
79,190,9,-0.041523693812057894,1,🟢 OK
79,191,8,-0.03184130466322688,1,🟢 OK
79,192,7,-0.04314771639714621,1,🟢 OK
79,193,6,-0.029365527134505687,1,🟢 OK
79,194,5,-0.03549720227474462,1,🟢 OK
79,195,4,-0.028597956563309657,1,🔴 ALERT
79,196,3,-0.02108417257258277,1,🔴 ALERT
79,197,2,-0.024704196066860362,1,🔴 ALERT
79,198,1,-0.02927834065549373,1,🔴 ALERT
79,199,0,-0.03257843066265487,1,🔴 ALERT
80,1,184,0.10195419838867259,0,🟢 OK
80,2,183,0.02073787780322639,0,🟢 OK
80,3,182,0.020318503126210474,0,🟢 OK
80,4,181,0.048220465121352085,0,🟢 OK
80,5,180,0.047893743329860516,0,🟢 OK
80,6,179,0.06233984913601448,0,🟢 OK
80,7,178,0.07660620430582332,0,🟢 OK
80,8,177,0.0818247563210156,0,🟢 OK
80,9,176,0.08213133215213497,0,🟢 OK
80,10,175,0.08284837992802668,0,🟢 OK
80,11,174,0.09987845179373711,0,🟢 OK
80,12,173,0.08328389831451072,0,🟢 OK
80,13,172,0.09553814599241639,0,🟢 OK
80,14,171,0.09731127369830944,0,🟢 OK
80,15,170,0.09524106270136068,0,🟢 OK
80,16,169,0.09562439869899086,0,🟢 OK
80,17,168,0.09142881383118445,0,🟢 OK
80,18,167,0.10190515933831157,0,🟢 OK
80,19,166,0.101112428945757,0,🟢 OK
80,20,165,0.10876245999339623,0,🟢 OK
80,21,164,0.10701094394708338,0,🟢 OK
80,22,163,0.10575488077765371,0,🟢 OK
80,23,162,0.10077227216095397,0,🟢 OK
80,24,161,0.10104833368337973,0,🟢 OK
80,25,160,0.10441601591316507,0,🟢 OK
80,26,159,0.10213826725503478,0,🟢 OK
80,27,158,0.09231880610913995,0,🟢 OK
80,28,157,0.09597862464723256,0,🟢 OK
80,29,156,0.08937473246993316,0,🟢 OK
80,30,155,0.08602232130495596,0,🟢 OK
80,31,154,0.09251113824332435,0,🟢 OK
80,32,153,0.08302125665238957,0,🟢 OK
80,33,152,0.09525462607357366,0,🟢 OK
80,34,151,0.0981159934899073,0,🟢 OK
80,35,150,0.09973462248390502,0,🟢 OK
80,36,149,0.10597289323427345,0,🟢 OK
80,37,148,0.1077094930471228,0,🟢 OK
80,38,147,0.11170574869061844,0,🟢 OK
80,39,146,0.11339325370163317,0,🟢 OK
80,40,145,0.12656526447606142,0,🟢 OK
80,41,144,0.11583558520549897,0,🟢 OK
80,42,143,0.11588900849844896,0,🟢 OK
80,43,142,0.11577665282614225,0,🟢 OK
80,44,141,0.11196432988865868,0,🟢 OK
80,45,140,0.11938480364119636,0,🟢 OK
80,46,139,0.12538114321932092,0,🟢 OK
80,47,138,0.12703561240848765,0,🟢 OK
80,48,137,0.12291956257025849,0,🟢 OK
80,49,136,0.1150082942353291,0,🟢 OK
80,50,135,0.11676375313665804,0,🟢 OK
80,51,134,0.11523275969656976,0,🟢 OK
80,52,133,0.11534186891567061,0,🟢 OK
80,53,132,0.10742560660734807,0,🟢 OK
80,54,131,0.11831214730550127,0,🟢 OK
80,55,130,0.10888464609883924,0,🟢 OK
80,56,129,0.11634768192748224,0,🟢 OK
80,57,128,0.12143207556893992,0,🟢 OK
80,58,127,0.11872131849823908,0,🟢 OK
80,59,126,0.11818505636945925,0,🟢 OK
80,60,125,0.12697482763608298,0,🟢 OK
80,61,124,0.12501017625399008,0,🟢 OK
80,62,123,0.11832350326655516,0,🟢 OK
80,63,122,0.12514270468006744,0,🟢 OK
80,64,121,0.1197394274631226,0,🟢 OK
80,65,120,0.12149533419664421,0,🟢 OK
80,66,119,0.12003176286727929,0,🟢 OK
80,67,118,0.1191897455190633,0,🟢 OK
80,68,117,0.12078259852668399,0,🟢 OK
80,69,116,0.11369859804349991,0,🟢 OK
80,70,115,0.10561585951506869,0,🟢 OK
80,71,114,0.11104513011594819,0,🟢 OK
80,72,113,0.10164198218267828,0,🟢 OK
80,73,112,0.09823760774362966,0,🟢 OK
80,74,111,0.09696416428526211,0,🟢 OK
80,75,110,0.09004927317854833,0,🟢 OK
80,76,109,0.09883173000527373,0,🟢 OK
80,77,108,0.1033876041883331,0,🟢 OK
80,78,107,0.09770752428103135,0,🟢 OK
80,79,106,0.09877696915373624,0,🟢 OK
80,80,105,0.09356273391551273,0,🟢 OK
80,81,104,0.0995324884662343,0,🟢 OK
80,82,103,0.10562871779717153,0,🟢 OK
80,83,102,0.10681193444967396,0,🟢 OK
80,84,101,0.11064979582976708,0,🟢 OK
80,85,100,0.10642501388765774,0,🟢 OK
80,86,99,0.1106487431160933,0,🟢 OK
80,87,98,0.10979876395882071,0,🟢 OK
80,88,97,0.11045730909153578,0,🟢 OK
80,89,96,0.10915341162604536,0,🟢 OK
80,90,95,0.108651363384341,0,🟢 OK
80,91,94,0.10036398668036511,0,🟢 OK
80,92,93,0.09831220918328115,0,🟢 OK
80,93,92,0.10978771963268597,0,🟢 OK
80,94,91,0.10962642204860673,0,🟢 OK
80,95,90,0.09527761719846783,0,🟢 OK
80,96,89,0.09791474281170864,0,🟢 OK
80,97,88,0.10166223825840343,0,🟢 OK
80,98,87,0.10238438760407542,0,🟢 OK
80,99,86,0.08489691444027714,0,🟢 OK
80,100,85,0.08331185910881439,0,🟢 OK
80,101,84,0.07694441224043364,0,🟢 OK
80,102,83,0.09976396752425093,0,🟢 OK
80,103,82,0.10080987703967131,0,🟢 OK
80,104,81,0.09906254966625166,0,🟢 OK
80,105,80,0.09561875370439987,0,🟢 OK
80,106,79,0.09154731831856816,0,🟢 OK
80,107,78,0.08562145689191225,0,🟢 OK
80,108,77,0.08207891122817718,0,🟢 OK
80,109,76,0.08626090026998745,0,🟢 OK
80,110,75,0.07901573000097317,0,🟢 OK
80,111,74,0.07309964886069753,0,🟢 OK
80,112,73,0.06277939768980795,0,🟢 OK
80,113,72,0.06260648806966196,0,🟢 OK
80,114,71,0.06861648566455458,0,🟢 OK
80,115,70,0.0830344885389866,0,🟢 OK
80,116,69,0.07406336946076691,0,🟢 OK
80,117,68,0.07732593776871,0,🟢 OK
80,118,67,0.0872590884665218,0,🟢 OK
80,119,66,0.07882904255282541,0,🟢 OK
80,120,65,0.0794500402136274,0,🟢 OK
80,121,64,0.0623249148070093,0,🟢 OK
80,122,63,0.07020112813173346,0,🟢 OK
80,123,62,0.0819924062905173,0,🟢 OK
80,124,61,0.08174037495755532,0,🟢 OK
80,125,60,0.07713171296251681,0,🟢 OK
80,126,59,0.07860033130252897,0,🟢 OK
80,127,58,0.06247308920296013,0,🟢 OK
80,128,57,0.06899061500261844,0,🟢 OK
80,129,56,0.0677152057987701,0,🟢 OK
80,130,55,0.07418634533963586,0,🟢 OK
80,131,54,0.06353855334361763,0,🟢 OK
80,132,53,0.06075028864634813,0,🟢 OK
80,133,52,0.06046423915175625,0,🟢 OK
80,134,51,0.06294156257896294,0,🟢 OK
80,135,50,0.06976028748114088,0,🟢 OK
80,136,49,0.053282928549802266,0,🟢 OK
80,137,48,0.058780890683628406,0,🟢 OK
80,138,47,0.05999606355754866,0,🟢 OK
80,139,46,0.05169140437486186,0,🟢 OK
80,140,45,0.04287223623796982,0,🟢 OK
80,141,44,0.05072651133964373,0,🟢 OK
80,142,43,0.05527488059032892,0,🟢 OK
80,143,42,0.049373099491824946,0,🟢 OK
80,144,41,0.03573865152582678,0,🟢 OK
80,145,40,0.031019653312604645,0,🟢 OK
80,146,39,0.04306174837409693,0,🟢 OK
80,147,38,0.030797287081827718,0,🟢 OK
80,148,37,0.0304606345506101,0,🟢 OK
80,149,36,0.02446852956839146,0,🟢 OK
80,150,35,0.025879298054663824,0,🟢 OK
80,151,34,0.026946020188441777,0,🟢 OK
80,152,33,0.02822539912573363,0,🟢 OK
80,153,32,0.026350810315589834,0,🟢 OK
80,154,31,0.00736423611491005,0,🟢 OK
80,155,30,0.01586600935385296,0,🟢 OK
80,156,29,0.019167832363932713,0,🟢 OK
80,157,28,0.025228702438004402,0,🟢 OK
80,158,27,0.01153094384598713,0,🟢 OK
80,159,26,0.011530892338152077,0,🟢 OK
80,160,25,0.02046331980417654,0,🟢 OK
80,161,24,-0.012553665500905975,1,🟢 OK
80,162,23,-0.007470870780875383,1,🟢 OK
80,163,22,-0.019866060035554134,1,🟢 OK
80,164,21,-0.013272714217924086,1,🟢 OK
80,165,20,-0.017187325616897953,1,🟢 OK
80,166,19,-0.032050339684215556,1,🟢 OK
80,167,18,-0.030279918619368962,1,🟢 OK
80,168,17,-0.023451045797283965,1,🟢 OK
80,169,16,-0.033823137039185935,1,🟢 OK
80,170,15,-0.04010047462835875,1,🟢 OK
80,171,14,-0.036023406495025334,1,🟢 OK
80,172,13,-0.01876511989989038,1,🔴 ALERT
80,173,12,-0.02538968745964143,1,🔴 ALERT
80,174,11,-0.028389383901117227,1,🔴 ALERT
80,175,10,-0.030657048933703468,1,🔴 ALERT
80,176,9,-0.02741487631652484,1,🔴 ALERT
80,177,8,-0.04370151528223398,1,🔴 ALERT
80,178,7,-0.05061255968178713,1,🔴 ALERT
80,179,6,-0.04758854529299528,1,🔴 ALERT
80,180,5,-0.048517345314583404,1,🔴 ALERT
80,181,4,-0.0502608040485496,1,🔴 ALERT
80,182,3,-0.05700413544830962,1,🔴 ALERT
80,183,2,-0.05620899374907329,1,🔴 ALERT
80,184,1,-0.06159360260230051,1,🔴 ALERT
80,185,0,-0.06738593739453835,1,🔴 ALERT
81,1,239,0.11736221174523132,0,🟢 OK
81,2,238,0.07555625514483005,0,🟢 OK
81,3,237,0.06944702037778133,0,🟢 OK
81,4,236,0.1121619585552226,0,🟢 OK
81,5,235,0.10201702698358822,0,🟢 OK
81,6,234,0.1099624360118665,0,🟢 OK
81,7,233,0.10060535819736233,0,🟢 OK
81,8,232,0.09038636768838065,0,🟢 OK
81,9,231,0.08547551595820096,0,🟢 OK
81,10,230,0.08609725116508044,0,🟢 OK
81,11,229,0.08460179345760455,0,🟢 OK
81,12,228,0.07549386558939825,0,🟢 OK
81,13,227,0.0848500284183828,0,🟢 OK
81,14,226,0.0883490507794436,0,🟢 OK
81,15,225,0.10690548817138185,0,🟢 OK
81,16,224,0.10807835557855744,0,🟢 OK
81,17,223,0.10634357287276974,0,🟢 OK
81,18,222,0.10232759035820121,0,🟢 OK
81,19,221,0.10938846113911799,0,🟢 OK
81,20,220,0.09834678588257867,0,🟢 OK
81,21,219,0.09820959626590325,0,🟢 OK
81,22,218,0.1015152312396781,0,🟢 OK
81,23,217,0.10446072504331516,0,🟢 OK
81,24,216,0.10749667568575016,0,🟢 OK
81,25,215,0.11778330366318035,0,🟢 OK
81,26,214,0.10919040027458465,0,🟢 OK
81,27,213,0.12454273349459682,0,🟢 OK
81,28,212,0.12635532540048156,0,🟢 OK
81,29,211,0.1258426719236801,0,🟢 OK
81,30,210,0.12046906224286424,0,🟢 OK
81,31,209,0.12069065227864895,0,🟢 OK
81,32,208,0.12469475341730318,0,🟢 OK
81,33,207,0.10985477510804154,0,🟢 OK
81,34,206,0.10968734338263691,0,🟢 OK
81,35,205,0.11388468382450234,0,🟢 OK
81,36,204,0.12090451908848676,0,🟢 OK
81,37,203,0.12569625684185393,0,🟢 OK
81,38,202,0.11971622413149707,0,🟢 OK
81,39,201,0.12088233934058229,0,🟢 OK
81,40,200,0.12141655310790345,0,🟢 OK
81,41,199,0.10960306757597399,0,🟢 OK
81,42,198,0.09900470899956498,0,🟢 OK
81,43,197,0.1096990504058647,0,🟢 OK
81,44,196,0.11864986922464749,0,🟢 OK
81,45,195,0.1134902785168177,0,🟢 OK
81,46,194,0.1158150941617474,0,🟢 OK
81,47,193,0.11364228229001377,0,🟢 OK
81,48,192,0.119076677996372,0,🟢 OK
81,49,191,0.12856222444416376,0,🟢 OK
81,50,190,0.12196565957029543,0,🟢 OK
81,51,189,0.11944190368195595,0,🟢 OK
81,52,188,0.12227960627914564,0,🟢 OK
81,53,187,0.12109408678689287,0,🟢 OK
81,54,186,0.11937173607680673,0,🟢 OK
81,55,185,0.11487997942649303,0,🟢 OK
81,56,184,0.11559971468595653,0,🟢 OK
81,57,183,0.1090566111745474,0,🟢 OK
81,58,182,0.10485568044189081,0,🟢 OK
81,59,181,0.10949937008529703,0,🟢 OK
81,60,180,0.1241400491970725,0,🟢 OK
81,61,179,0.12524172550156903,0,🟢 OK
81,62,178,0.1257945932845556,0,🟢 OK
81,63,177,0.12280917156299387,0,🟢 OK
81,64,176,0.1282079185986354,0,🟢 OK
81,65,175,0.13118461478671473,0,🟢 OK
81,66,174,0.12230130681051093,0,🟢 OK
81,67,173,0.12186053768853916,0,🟢 OK
81,68,172,0.12382498481965443,0,🟢 OK
81,69,171,0.1156818104943576,0,🟢 OK
81,70,170,0.12520419271049815,0,🟢 OK
81,71,169,0.13139161293847762,0,🟢 OK
81,72,168,0.12929572006714435,0,🟢 OK
81,73,167,0.126493057040716,0,🟢 OK
81,74,166,0.12257627041388941,0,🟢 OK
81,75,165,0.13377563182949398,0,🟢 OK
81,76,164,0.1311823815930358,0,🟢 OK
81,77,163,0.1284310955442292,0,🟢 OK
81,78,162,0.1265112260527959,0,🟢 OK
81,79,161,0.11914676866546264,0,🟢 OK
81,80,160,0.116869020004778,0,🟢 OK
81,81,159,0.12443679948243619,0,🟢 OK
81,82,158,0.12481302383550535,0,🟢 OK
81,83,157,0.12652236829909858,0,🟢 OK
81,84,156,0.10792243128557982,0,🟢 OK
81,85,155,0.10652923747082699,0,🟢 OK
81,86,154,0.10419095094185943,0,🟢 OK
81,87,153,0.09173997896405106,0,🟢 OK
81,88,152,0.09489356543196603,0,🟢 OK
81,89,151,0.10651165270209761,0,🟢 OK
81,90,150,0.10089401425828665,0,🟢 OK
81,91,149,0.1063627165714599,0,🟢 OK
81,92,148,0.10646791081953688,0,🟢 OK
81,93,147,0.0967647478631583,0,🟢 OK
81,94,146,0.1244416210480363,0,🟢 OK
81,95,145,0.12335647531484173,0,🟢 OK
81,96,144,0.1137741913922688,0,🟢 OK
81,97,143,0.10445269738679164,0,🟢 OK
81,98,142,0.10037250429500305,0,🟢 OK
81,99,141,0.11747158684763803,0,🟢 OK
81,100,140,0.11289567304674897,0,🟢 OK
81,101,139,0.1257207932098544,0,🟢 OK
81,102,138,0.11763042758511782,0,🟢 OK
81,103,137,0.12132293898137658,0,🟢 OK
81,104,136,0.1297165173180158,0,🟢 OK
81,105,135,0.12201528297664321,0,🟢 OK
81,106,134,0.12628915870805713,0,🟢 OK
81,107,133,0.1152879733403348,0,🟢 OK
81,108,132,0.10798824300082394,0,🟢 OK
81,109,131,0.10759646171307508,0,🟢 OK
81,110,130,0.11086206212480515,0,🟢 OK
81,111,129,0.10310470533018617,0,🟢 OK
81,112,128,0.10216404596554013,0,🟢 OK
81,113,127,0.10833652918208692,0,🟢 OK
81,114,126,0.10064715368847948,0,🟢 OK
81,115,125,0.10090513054897104,0,🟢 OK
81,116,124,0.09106650782389653,0,🟢 OK
81,117,123,0.09260970676769092,0,🟢 OK
81,118,122,0.10139586216188023,0,🟢 OK
81,119,121,0.10653739628922021,0,🟢 OK
81,120,120,0.107273154512113,0,🟢 OK
81,121,119,0.09894782111483025,0,🟢 OK
81,122,118,0.0943266700676032,0,🟢 OK
81,123,117,0.09643532144511663,0,🟢 OK
81,124,116,0.09530211771742592,0,🟢 OK
81,125,115,0.09348727317570754,0,🟢 OK
81,126,114,0.10728997811948737,0,🟢 OK
81,127,113,0.1090668792195536,0,🟢 OK
81,128,112,0.11648687538734454,0,🟢 OK
81,129,111,0.114489830634453,0,🟢 OK
81,130,110,0.1094478725500474,0,🟢 OK
81,131,109,0.10610485694593047,0,🟢 OK
81,132,108,0.11171805994539796,0,🟢 OK
81,133,107,0.11159262921675867,0,🟢 OK
81,134,106,0.11518923009279985,0,🟢 OK
81,135,105,0.09951698089165678,0,🟢 OK
81,136,104,0.10375613050615295,0,🟢 OK
81,137,103,0.11491614506549436,0,🟢 OK
81,138,102,0.12280130311170817,0,🟢 OK
81,139,101,0.1235351046867284,0,🟢 OK
81,140,100,0.11286002849662019,0,🟢 OK
81,141,99,0.12094553073113662,0,🟢 OK
81,142,98,0.11784445506639019,0,🟢 OK
81,143,97,0.09249140037281006,0,🟢 OK
81,144,96,0.10768093120490985,0,🟢 OK
81,145,95,0.10835234856267889,0,🟢 OK
81,146,94,0.10389098198292673,0,🟢 OK
81,147,93,0.11860970946713129,0,🟢 OK
81,148,92,0.09631127239351028,0,🟢 OK
81,149,91,0.08456618433393376,0,🟢 OK
81,150,90,0.08065925818318215,0,🟢 OK
81,151,89,0.06930727301601058,0,🟢 OK
81,152,88,0.0792489982240876,0,🟢 OK
81,153,87,0.09202703456914668,0,🟢 OK
81,154,86,0.0947685923778388,0,🟢 OK
81,155,85,0.07771241618578484,0,🟢 OK
81,156,84,0.09946570652879083,0,🟢 OK
81,157,83,0.07912685933067942,0,🟢 OK
81,158,82,0.08464119934809294,0,🟢 OK
81,159,81,0.08762338447201568,0,🟢 OK
81,160,80,0.09570425728156634,0,🟢 OK
81,161,79,0.09642393217445488,0,🟢 OK
81,162,78,0.10343135157059036,0,🟢 OK
81,163,77,0.09976354360622908,0,🟢 OK
81,164,76,0.09821236734069255,0,🟢 OK
81,165,75,0.08985326825850642,0,🟢 OK
81,166,74,0.09572413934205942,0,🟢 OK
81,167,73,0.09308224769219886,0,🟢 OK
81,168,72,0.09620198731398566,0,🟢 OK
81,169,71,0.09560172989631333,0,🟢 OK
81,170,70,0.08184037515297354,0,🟢 OK
81,171,69,0.07368747832015565,0,🟢 OK
81,172,68,0.07711244072131113,0,🟢 OK
81,173,67,0.07347433948202409,0,🟢 OK
81,174,66,0.06696282996750363,0,🟢 OK
81,175,65,0.05652437219269607,0,🟢 OK
81,176,64,0.04566074224223321,0,🟢 OK
81,177,63,0.04292988085987692,0,🟢 OK
81,178,62,0.04627298170292471,0,🟢 OK
81,179,61,0.038326372162914735,0,🟢 OK
81,180,60,0.05512958426701797,0,🟢 OK
81,181,59,0.039929350080743886,0,🟢 OK
81,182,58,0.028763806836236527,0,🟢 OK
81,183,57,0.009047715272655243,0,🟢 OK
81,184,56,0.005675342006843276,0,🟢 OK
81,185,55,0.024560838313504474,0,🟢 OK
81,186,54,0.012079055281149165,0,🟢 OK
81,187,53,0.01611743422638634,0,🟢 OK
81,188,52,0.02683284812257436,0,🟢 OK
81,189,51,0.026248412034629853,0,🟢 OK
81,190,50,0.028037396092285394,0,🟢 OK
81,191,49,0.03771364553578049,0,🟢 OK
81,192,48,0.03541158448846704,0,🟢 OK
81,193,47,0.02455681835019874,0,🟢 OK
81,194,46,0.017542396632900636,0,🟢 OK
81,195,45,0.01807334566107549,0,🟢 OK
81,196,44,0.00949632919065263,0,🟢 OK
81,197,43,0.007992272682941115,0,🟢 OK
81,198,42,-0.004098808093546902,1,🟢 OK
81,199,41,-0.0016186417360535277,1,🟢 OK
81,200,40,-0.007824150172029642,1,🟢 OK
81,201,39,-0.00032837040859656774,1,🟢 OK
81,202,38,-0.0038812739517286587,1,🟢 OK
81,203,37,-0.00220967890624324,1,🟢 OK
81,204,36,0.00820305365991053,0,🟢 OK
81,205,35,0.006287049729508554,0,🟢 OK
81,206,34,0.003990927139922662,0,🟢 OK
81,207,33,-0.009674154954527281,1,🟢 OK
81,208,32,-0.003721552931031158,1,🟢 OK
81,209,31,-0.01544367049868478,1,🟢 OK
81,210,30,-0.02683152069563366,1,🟢 OK
81,211,29,-0.04116856633899524,1,🟢 OK
81,212,28,-0.03906966495296493,1,🟢 OK
81,213,27,-0.03334163181573713,1,🟢 OK
81,214,26,-0.04988863066622495,1,🟢 OK
81,215,25,-0.05057341963099227,1,🟢 OK
81,216,24,-0.039386750714207164,1,🟢 OK
81,217,23,-0.04255021099957634,1,🟢 OK
81,218,22,-0.03353642257259137,1,🔴 ALERT
81,219,21,-0.03999878763940723,1,🔴 ALERT
81,220,20,-0.03651571438662515,1,🔴 ALERT
81,221,19,-0.040310341461640586,1,🔴 ALERT
81,222,18,-0.040104373969851115,1,🔴 ALERT
81,223,17,-0.04041333561925298,1,🔴 ALERT
81,224,16,-0.04652670465385056,1,🔴 ALERT
81,225,15,-0.04038207871466182,1,🔴 ALERT
81,226,14,-0.050986514082249634,1,🔴 ALERT
81,227,13,-0.05087590586248636,1,🔴 ALERT
81,228,12,-0.05625225422120883,1,🔴 ALERT
81,229,11,-0.03060000551536768,1,🔴 ALERT
81,230,10,-0.045531036129235036,1,🔴 ALERT
81,231,9,-0.038896137393810926,1,🔴 ALERT
81,232,8,-0.02946273863637283,1,🔴 ALERT
81,233,7,-0.020444110558964335,1,🔴 ALERT
81,234,6,-0.026187816227381755,1,🔴 ALERT
81,235,5,-0.02257763347188757,1,🔴 ALERT
81,236,4,-0.020449686237320686,1,🔴 ALERT
81,237,3,-0.023929283169075166,1,🔴 ALERT
81,238,2,-0.025841440424400508,1,🔴 ALERT
81,239,1,-0.033301788194992854,1,🔴 ALERT
81,240,0,-0.010847205479140865,1,🔴 ALERT
82,1,213,0.048029378430563985,0,🟢 OK
82,2,212,0.006362040813655878,0,🟢 OK
82,3,211,0.024377023297967593,0,🟢 OK
82,4,210,0.031479607984913394,0,🟢 OK
82,5,209,0.052123801936226566,0,🟢 OK
82,6,208,0.04513367298306692,0,🟢 OK
82,7,207,0.03960916782483609,0,🟢 OK
82,8,206,0.04380841356001569,0,🟢 OK
82,9,205,0.04183929259420005,0,🟢 OK
82,10,204,0.03187229936807173,0,🟢 OK
82,11,203,0.04579224692560607,0,🟢 OK
82,12,202,0.049829170228694375,0,🟢 OK
82,13,201,0.05586002216790842,0,🟢 OK
82,14,200,0.047145256365650534,0,🟢 OK
82,15,199,0.04667342109407269,0,🟢 OK
82,16,198,0.048493544319788306,0,🟢 OK
82,17,197,0.03865557975616296,0,🟢 OK
82,18,196,0.051036023310108536,0,🟢 OK
82,19,195,0.03456709827149512,0,🟢 OK
82,20,194,0.061703519820642205,0,🟢 OK
82,21,193,0.05465818232743974,0,🟢 OK
82,22,192,0.05380485386398154,0,🟢 OK
82,23,191,0.06109792333441044,0,🟢 OK
82,24,190,0.047183730094829124,0,🟢 OK
82,25,189,0.049040213639611197,0,🟢 OK
82,26,188,0.04903658376594627,0,🟢 OK
82,27,187,0.05609399909362106,0,🟢 OK
82,28,186,0.049835327693467324,0,🟢 OK
82,29,185,0.0517341936001775,0,🟢 OK
82,30,184,0.05591963169560732,0,🟢 OK
82,31,183,0.04735879796665077,0,🟢 OK
82,32,182,0.061737001059789576,0,🟢 OK
82,33,181,0.047005852314985996,0,🟢 OK
82,34,180,0.05283514053145533,0,🟢 OK
82,35,179,0.058434178143409565,0,🟢 OK
82,36,178,0.045979035105521815,0,🟢 OK
82,37,177,0.04982679177402938,0,🟢 OK
82,38,176,0.057353023089790456,0,🟢 OK
82,39,175,0.0485672117475584,0,🟢 OK
82,40,174,0.034038266267819084,0,🟢 OK
82,41,173,0.03317172146708519,0,🟢 OK
82,42,172,0.048144521454698275,0,🟢 OK
82,43,171,0.045072820637926836,0,🟢 OK
82,44,170,0.039075403611396664,0,🟢 OK
82,45,169,0.029561025716399125,0,🟢 OK
82,46,168,0.034076207509253886,0,🟢 OK
82,47,167,0.03739668506953664,0,🟢 OK
82,48,166,0.049439046723342484,0,🟢 OK
82,49,165,0.06601488863377425,0,🟢 OK
82,50,164,0.0632804753011616,0,🟢 OK
82,51,163,0.06507412503241,0,🟢 OK
82,52,162,0.06298184599131523,0,🟢 OK
82,53,161,0.07007477257308142,0,🟢 OK
82,54,160,0.07426068005412317,0,🟢 OK
82,55,159,0.06874031204536035,0,🟢 OK
82,56,158,0.06356209634405696,0,🟢 OK
82,57,157,0.06457650190934139,0,🟢 OK
82,58,156,0.06447366396946613,0,🟢 OK
82,59,155,0.06559731498481502,0,🟢 OK
82,60,154,0.0641796001481938,0,🟢 OK
82,61,153,0.06199768794700544,0,🟢 OK
82,62,152,0.05619783362285291,0,🟢 OK
82,63,151,0.06261951731334386,0,🟢 OK
82,64,150,0.0644860333095888,0,🟢 OK
82,65,149,0.0769584177293261,0,🟢 OK
82,66,148,0.07751712280341228,0,🟢 OK
82,67,147,0.08426698653349857,0,🟢 OK
82,68,146,0.07130452346099492,0,🟢 OK
82,69,145,0.07661409278050574,0,🟢 OK
82,70,144,0.07143514182912919,0,🟢 OK
82,71,143,0.06296642281893239,0,🟢 OK
82,72,142,0.06907065682063179,0,🟢 OK
82,73,141,0.07102766361452267,0,🟢 OK
82,74,140,0.07849658645017626,0,🟢 OK
82,75,139,0.0776134019873378,0,🟢 OK
82,76,138,0.05776717369227469,0,🟢 OK
82,77,137,0.06948560857644442,0,🟢 OK
82,78,136,0.07602088730368578,0,🟢 OK
82,79,135,0.06842698050700935,0,🟢 OK
82,80,134,0.08503974327939828,0,🟢 OK
82,81,133,0.0639730235891307,0,🟢 OK
82,82,132,0.08069466148148613,0,🟢 OK
82,83,131,0.07969267659578322,0,🟢 OK
82,84,130,0.07722871823193789,0,🟢 OK
82,85,129,0.08369157499627411,0,🟢 OK
82,86,128,0.0913438035264924,0,🟢 OK
82,87,127,0.08350200894413823,0,🟢 OK
82,88,126,0.063122156901607,0,🟢 OK
82,89,125,0.05465065390189355,0,🟢 OK
82,90,124,0.0501306139887685,0,🟢 OK
82,91,123,0.05500677593690095,0,🟢 OK
82,92,122,0.062356460011229686,0,🟢 OK
82,93,121,0.06921440770744114,0,🟢 OK
82,94,120,0.0631048710528957,0,🟢 OK
82,95,119,0.06205058627947019,0,🟢 OK
82,96,118,0.05894911747425535,0,🟢 OK
82,97,117,0.05534292600315538,0,🟢 OK
82,98,116,0.06222914395476248,0,🟢 OK
82,99,115,0.06823489005597272,0,🟢 OK
82,100,114,0.0661633069944832,0,🟢 OK
82,101,113,0.07123900622278806,0,🟢 OK
82,102,112,0.05518265665680161,0,🟢 OK
82,103,111,0.06351911882301114,0,🟢 OK
82,104,110,0.055644133124239215,0,🟢 OK
82,105,109,0.06486187107435049,0,🟢 OK
82,106,108,0.06806283475045644,0,🟢 OK
82,107,107,0.08440459428665775,0,🟢 OK
82,108,106,0.07498151481444715,0,🟢 OK
82,109,105,0.06921129263136905,0,🟢 OK
82,110,104,0.08069068775505356,0,🟢 OK
82,111,103,0.0816411849799274,0,🟢 OK
82,112,102,0.0791584416697339,0,🟢 OK
82,113,101,0.07575299076674297,0,🟢 OK
82,114,100,0.07280712978572279,0,🟢 OK
82,115,99,0.08082635204562955,0,🟢 OK
82,116,98,0.08191368359034673,0,🟢 OK
82,117,97,0.08367085181469064,0,🟢 OK
82,118,96,0.08494719444350712,0,🟢 OK
82,119,95,0.08941176435177667,0,🟢 OK
82,120,94,0.07401795580993425,0,🟢 OK
82,121,93,0.07538938008026891,0,🟢 OK
82,122,92,0.07726141262579284,0,🟢 OK
82,123,91,0.07508313463996164,0,🟢 OK
82,124,90,0.06711840322231094,0,🟢 OK
82,125,89,0.05330177924231594,0,🟢 OK
82,126,88,0.05058680958452805,0,🟢 OK
82,127,87,0.052154581322773896,0,🟢 OK
82,128,86,0.05185262511127031,0,🟢 OK
82,129,85,0.04892188989654056,0,🟢 OK
82,130,84,0.05870652881970034,0,🟢 OK
82,131,83,0.038876411521961474,0,🟢 OK
82,132,82,0.03421244839215065,0,🟢 OK
82,133,81,0.04563263295233333,0,🟢 OK
82,134,80,0.03421015653875248,0,🟢 OK
82,135,79,0.07390014884339369,0,🟢 OK
82,136,78,0.076240439877649,0,🟢 OK
82,137,77,0.07662330452509397,0,🟢 OK
82,138,76,0.07241827048458671,0,🟢 OK
82,139,75,0.07184491086360373,0,🟢 OK
82,140,74,0.08202089010003988,0,🟢 OK
82,141,73,0.08725959529006438,0,🟢 OK
82,142,72,0.08375260381734767,0,🟢 OK
82,143,71,0.08433074951534453,0,🟢 OK
82,144,70,0.0753654833561701,0,🟢 OK
82,145,69,0.08035761544060827,0,🟢 OK
82,146,68,0.06862086525025218,0,🟢 OK
82,147,67,0.0782528250250274,0,🟢 OK
82,148,66,0.07015149235761498,0,🟢 OK
82,149,65,0.07132109610202603,0,🟢 OK
82,150,64,0.08079038794065291,0,🟢 OK
82,151,63,0.09004110355214595,0,🟢 OK
82,152,62,0.08741940746674326,0,🟢 OK
82,153,61,0.08032984528717124,0,🟢 OK
82,154,60,0.08455533031551782,0,🟢 OK
82,155,59,0.0930184138209384,0,🟢 OK
82,156,58,0.08399418977756684,0,🟢 OK
82,157,57,0.07410015982715751,0,🟢 OK
82,158,56,0.08010107822979118,0,🟢 OK
82,159,55,0.08694895538873698,0,🟢 OK
82,160,54,0.08607184127114931,0,🟢 OK
82,161,53,0.09643504884642107,0,🟢 OK
82,162,52,0.0964625020368467,0,🟢 OK
82,163,51,0.07964360170013796,0,🟢 OK
82,164,50,0.09209221045298321,0,🟢 OK
82,165,49,0.09716979189443886,0,🟢 OK
82,166,48,0.10167511928382478,0,🟢 OK
82,167,47,0.09095299995337564,0,🟢 OK
82,168,46,0.09146250211030621,0,🟢 OK
82,169,45,0.09651272074958367,0,🟢 OK
82,170,44,0.0718341620136066,0,🟢 OK
82,171,43,0.07781392606424742,0,🟢 OK
82,172,42,0.08395329678594521,0,🟢 OK
82,173,41,0.07384427612112787,0,🟢 OK
82,174,40,0.07205816566693307,0,🟢 OK
82,175,39,0.06246768033092931,0,🟢 OK
82,176,38,0.06682125050103332,0,🟢 OK
82,177,37,0.08022937687968013,0,🟢 OK
82,178,36,0.07910634377000725,0,🟢 OK
82,179,35,0.08582176534841401,0,🟢 OK
82,180,34,0.09294334141542815,0,🟢 OK
82,181,33,0.07641477901975208,0,🟢 OK
82,182,32,0.06188659924390694,0,🟢 OK
82,183,31,0.0633715591103785,0,🟢 OK
82,184,30,0.08031667278460969,0,🟢 OK
82,185,29,0.07391653087788197,0,🟢 OK
82,186,28,0.06972342761923978,0,🟢 OK
82,187,27,0.0761599250460151,0,🟢 OK
82,188,26,0.07773090564353619,0,🟢 OK
82,189,25,0.07399928421726681,0,🟢 OK
82,190,24,0.06143306852231051,0,🟢 OK
82,191,23,0.058322661422461286,0,🟢 OK
82,192,22,0.050367668160085255,0,🟢 OK
82,193,21,0.05077291169715237,0,🟢 OK
82,194,20,0.027978233459608537,0,🟢 OK
82,195,19,0.015057301636012155,0,🟢 OK
82,196,18,0.011452319964083746,0,🟢 OK
82,197,17,0.00032530853732748444,0,🟢 OK
82,198,16,-0.006692463094492895,1,🟢 OK
82,199,15,-0.021680378517173526,1,🟢 OK
82,200,14,-0.035465974547558954,1,🟢 OK
82,201,13,-0.03174864556445245,1,🟢 OK
82,202,12,-0.04892686587492778,1,🟢 OK
82,203,11,-0.03885506108417591,1,🟢 OK
82,204,10,-0.023667980930944355,1,🟢 OK
82,205,9,-0.0303244941327091,1,🟢 OK
82,206,8,-0.03456059356433183,1,🟢 OK
82,207,7,-0.031398671599158656,1,🟢 OK
82,208,6,-0.021870029985266992,1,🟢 OK
82,209,5,-0.03518910450138246,1,🔴 ALERT
82,210,4,-0.037735530714212984,1,🔴 ALERT
82,211,3,-0.04273006949966429,1,🔴 ALERT
82,212,2,-0.03827286375624683,1,🔴 ALERT
82,213,1,-0.04547361380750914,1,🔴 ALERT
82,214,0,-0.05553385501422359,1,🔴 ALERT
83,1,292,0.06169999567871998,0,🟢 OK
83,2,291,0.00646915631825884,0,🟢 OK
83,3,290,-0.010099926811864113,0,🟢 OK
83,4,289,-0.00019780948016723254,0,🟢 OK
83,5,288,0.014319219542842265,0,🟢 OK
83,6,287,0.04018378985876986,0,🟢 OK
83,7,286,0.023030630433796717,0,🟢 OK
83,8,285,0.04154910866643213,0,🟢 OK
83,9,284,0.047589547533647136,0,🟢 OK
83,10,283,0.041357032726426934,0,🟢 OK
83,11,282,0.03542917666523848,0,🟢 OK
83,12,281,0.026750256829715602,0,🟢 OK
83,13,280,0.01951650795181753,0,🟢 OK
83,14,279,0.020777122461452746,0,🟢 OK
83,15,278,0.013563501400679578,0,🟢 OK
83,16,277,0.023342638069295762,0,🟢 OK
83,17,276,0.02646063694770212,0,🟢 OK
83,18,275,0.014212114370088347,0,🟢 OK
83,19,274,0.01742484369665398,0,🟢 OK
83,20,273,0.009129082758412066,0,🟢 OK
83,21,272,0.013346336561397887,0,🟢 OK
83,22,271,0.02000188416510429,0,🟢 OK
83,23,270,0.005432765503338932,0,🟢 OK
83,24,269,0.016301421450749032,0,🟢 OK
83,25,268,0.03258987606179753,0,🟢 OK
83,26,267,0.034726084125045464,0,🟢 OK
83,27,266,0.03818188068834438,0,🟢 OK
83,28,265,0.035616581918238965,0,🟢 OK
83,29,264,0.03449015071103101,0,🟢 OK
83,30,263,0.03728815421993009,0,🟢 OK
83,31,262,0.04263826712579699,0,🟢 OK
83,32,261,0.04754054656055934,0,🟢 OK
83,33,260,0.051971750982821585,0,🟢 OK
83,34,259,0.050212546012025905,0,🟢 OK
83,35,258,0.04229364707103894,0,🟢 OK
83,36,257,0.03973340067790199,0,🟢 OK
83,37,256,0.04909558979807788,0,🟢 OK
83,38,255,0.049782185482077745,0,🟢 OK
83,39,254,0.05068669029338341,0,🟢 OK
83,40,253,0.03885946230202664,0,🟢 OK
83,41,252,0.0349362116888326,0,🟢 OK
83,42,251,0.041390637973238165,0,🟢 OK
83,43,250,0.0328078679662579,0,🟢 OK
83,44,249,0.03094833291555743,0,🟢 OK
83,45,248,0.0363371649448086,0,🟢 OK
83,46,247,0.03967139855444357,0,🟢 OK
83,47,246,0.04220030295870658,0,🟢 OK
83,48,245,0.05910786492929321,0,🟢 OK
83,49,244,0.04436215908303054,0,🟢 OK
83,50,243,0.026758757489630913,0,🟢 OK
83,51,242,0.02218236058655365,0,🟢 OK
83,52,241,0.01812913435760738,0,🟢 OK
83,53,240,0.034712289828918885,0,🟢 OK
83,54,239,0.024414997383574777,0,🟢 OK
83,55,238,0.017707436904498886,0,🟢 OK
83,56,237,0.011056692916748323,0,🟢 OK
83,57,236,0.016730087196276666,0,🟢 OK
83,58,235,0.02319837222580179,0,🟢 OK
83,59,234,0.02584182270382468,0,🟢 OK
83,60,233,0.04352070231621258,0,🟢 OK
83,61,232,0.05782418231154618,0,🟢 OK
83,62,231,0.06786012229557636,0,🟢 OK
83,63,230,0.06858515949695343,0,🟢 OK
83,64,229,0.07688077358262224,0,🟢 OK
83,65,228,0.06996555479747785,0,🟢 OK
83,66,227,0.06609119798854113,0,🟢 OK
83,67,226,0.07370333836322568,0,🟢 OK
83,68,225,0.06412411770713505,0,🟢 OK
83,69,224,0.06141966558421175,0,🟢 OK
83,70,223,0.06173426194391202,0,🟢 OK
83,71,222,0.06387534704787573,0,🟢 OK
83,72,221,0.0654572375377463,0,🟢 OK
83,73,220,0.06785022415732805,0,🟢 OK
83,74,219,0.06312184801255938,0,🟢 OK
83,75,218,0.06472752651273428,0,🟢 OK
83,76,217,0.053520515487934295,0,🟢 OK
83,77,216,0.05464771552185166,0,🟢 OK
83,78,215,0.05291597171975748,0,🟢 OK
83,79,214,0.053505037238957553,0,🟢 OK
83,80,213,0.05173822549752388,0,🟢 OK
83,81,212,0.04997738632929599,0,🟢 OK
83,82,211,0.03491823190592519,0,🟢 OK
83,83,210,0.04128943831893289,0,🟢 OK
83,84,209,0.04179937242390741,0,🟢 OK
83,85,208,0.04314584913026276,0,🟢 OK
83,86,207,0.05010118263717506,0,🟢 OK
83,87,206,0.042471911944607366,0,🟢 OK
83,88,205,0.050365061423113255,0,🟢 OK
83,89,204,0.05703030217316796,0,🟢 OK
83,90,203,0.058465271915420725,0,🟢 OK
83,91,202,0.030046593619923956,0,🟢 OK
83,92,201,0.038929729654922696,0,🟢 OK
83,93,200,0.04552902358470162,0,🟢 OK
83,94,199,0.057660809423230486,0,🟢 OK
83,95,198,0.06332632328169324,0,🟢 OK
83,96,197,0.06465804472126485,0,🟢 OK
83,97,196,0.05944781808667787,0,🟢 OK
83,98,195,0.05742884985235097,0,🟢 OK
83,99,194,0.0517412033088156,0,🟢 OK
83,100,193,0.06286352021845265,0,🟢 OK
83,101,192,0.06444515373420634,0,🟢 OK
83,102,191,0.05203934117224873,0,🟢 OK
83,103,190,0.03977846038521704,0,🟢 OK
83,104,189,0.04852881428950423,0,🟢 OK
83,105,188,0.05872248170418565,0,🟢 OK
83,106,187,0.047586276645672165,0,🟢 OK
83,107,186,0.0548716794868192,0,🟢 OK
83,108,185,0.05735953555483375,0,🟢 OK
83,109,184,0.06235367350132792,0,🟢 OK
83,110,183,0.06713532426636848,0,🟢 OK
83,111,182,0.08380136209212818,0,🟢 OK
83,112,181,0.07871820755518727,0,🟢 OK
83,113,180,0.08599205824647327,0,🟢 OK
83,114,179,0.09114582247924446,0,🟢 OK
83,115,178,0.09071880245463271,0,🟢 OK
83,116,177,0.09335270777313942,0,🟢 OK
83,117,176,0.07317078413962941,0,🟢 OK
83,118,175,0.07187507364955825,0,🟢 OK
83,119,174,0.07682686188320759,0,🟢 OK
83,120,173,0.07281054214723243,0,🟢 OK
83,121,172,0.07846051070094678,0,🟢 OK
83,122,171,0.07636832421622736,0,🟢 OK
83,123,170,0.07545696737591318,0,🟢 OK
83,124,169,0.08075685089519286,0,🟢 OK
83,125,168,0.08374010535980525,0,🟢 OK
83,126,167,0.07932764408551835,0,🟢 OK
83,127,166,0.09447270732328833,0,🟢 OK
83,128,165,0.09232086182912336,0,🟢 OK
83,129,164,0.08374921146671688,0,🟢 OK
83,130,163,0.08364991769867314,0,🟢 OK
83,131,162,0.08941953715260015,0,🟢 OK
83,132,161,0.08997523679039254,0,🟢 OK
83,133,160,0.0987108790519649,0,🟢 OK
83,134,159,0.09645992344672594,0,🟢 OK
83,135,158,0.10195402165672673,0,🟢 OK
83,136,157,0.10630789126392887,0,🟢 OK
83,137,156,0.10694904453828014,0,🟢 OK
83,138,155,0.0949048905944202,0,🟢 OK
83,139,154,0.07514235638710198,0,🟢 OK
83,140,153,0.07719165358595681,0,🟢 OK
83,141,152,0.07943731962659073,0,🟢 OK
83,142,151,0.08014835152603883,0,🟢 OK
83,143,150,0.09183167285279836,0,🟢 OK
83,144,149,0.07976706397670957,0,🟢 OK
83,145,148,0.07904339510752506,0,🟢 OK
83,146,147,0.07813693503899555,0,🟢 OK
83,147,146,0.08483597590097408,0,🟢 OK
83,148,145,0.08265188379637572,0,🟢 OK
83,149,144,0.0945375345439547,0,🟢 OK
83,150,143,0.09090833274334403,0,🟢 OK
83,151,142,0.08614398431771247,0,🟢 OK
83,152,141,0.08460371828462632,0,🟢 OK
83,153,140,0.09307299825492082,0,🟢 OK
83,154,139,0.10419880484532307,0,🟢 OK
83,155,138,0.09192229986177403,0,🟢 OK
83,156,137,0.09060133730810382,0,🟢 OK
83,157,136,0.09067417643723141,0,🟢 OK
83,158,135,0.1069983445309115,0,🟢 OK
83,159,134,0.10593661954301992,0,🟢 OK
83,160,133,0.10969159213169533,0,🟢 OK
83,161,132,0.10378552424096193,0,🟢 OK
83,162,131,0.11313866809849943,0,🟢 OK
83,163,130,0.10321049955619965,0,🟢 OK
83,164,129,0.1110922299549128,0,🟢 OK
83,165,128,0.10790550956152706,0,🟢 OK
83,166,127,0.11331526185880486,0,🟢 OK
83,167,126,0.1174102586812596,0,🟢 OK
83,168,125,0.11514872656920089,0,🟢 OK
83,169,124,0.11113458655141845,0,🟢 OK
83,170,123,0.09249977759832506,0,🟢 OK
83,171,122,0.09949877296235543,0,🟢 OK
83,172,121,0.09195686680031273,0,🟢 OK
83,173,120,0.08114262411652501,0,🟢 OK
83,174,119,0.08972209154173233,0,🟢 OK
83,175,118,0.08710875224047965,0,🟢 OK
83,176,117,0.08971378595090546,0,🟢 OK
83,177,116,0.08773520840399118,0,🟢 OK
83,178,115,0.08488975355551054,0,🟢 OK
83,179,114,0.09450255748732483,0,🟢 OK
83,180,113,0.10459406482893119,0,🟢 OK
83,181,112,0.10830502991203828,0,🟢 OK
83,182,111,0.10501602033973717,0,🟢 OK
83,183,110,0.10834450863932515,0,🟢 OK
83,184,109,0.10764902524380487,0,🟢 OK
83,185,108,0.10071806419380153,0,🟢 OK
83,186,107,0.11035745950067738,0,🟢 OK
83,187,106,0.11310303870912553,0,🟢 OK
83,188,105,0.12551399999649476,0,🟢 OK
83,189,104,0.11763818959568734,0,🟢 OK
83,190,103,0.1196531740053336,0,🟢 OK
83,191,102,0.12081621928963882,0,🟢 OK
83,192,101,0.12329850306018603,0,🟢 OK
83,193,100,0.12241572638299175,0,🟢 OK
83,194,99,0.11890202827094437,0,🟢 OK
83,195,98,0.12278631285786556,0,🟢 OK
83,196,97,0.12388861538963025,0,🟢 OK
83,197,96,0.12149655649055546,0,🟢 OK
83,198,95,0.12179822189145839,0,🟢 OK
83,199,94,0.12814157677101423,0,🟢 OK
83,200,93,0.1282068861256394,0,🟢 OK
83,201,92,0.1268393239958273,0,🟢 OK
83,202,91,0.1333321894484208,0,🟢 OK
83,203,90,0.12884036420354683,0,🟢 OK
83,204,89,0.13181577069761524,0,🟢 OK
83,205,88,0.1319759050766286,0,🟢 OK
83,206,87,0.12920891318898187,0,🟢 OK
83,207,86,0.12946339077730534,0,🟢 OK
83,208,85,0.12360013449529628,0,🟢 OK
83,209,84,0.12482775453458983,0,🟢 OK
83,210,83,0.12704871967429443,0,🟢 OK
83,211,82,0.13016663967677722,0,🟢 OK
83,212,81,0.1275770485536304,0,🟢 OK
83,213,80,0.12896319964036235,0,🟢 OK
83,214,79,0.11911970642427,0,🟢 OK
83,215,78,0.11492187407733129,0,🟢 OK
83,216,77,0.10683437742794039,0,🟢 OK
83,217,76,0.1184277862363815,0,🟢 OK
83,218,75,0.12377059555686859,0,🟢 OK
83,219,74,0.11804505730541232,0,🟢 OK
83,220,73,0.12765105784724579,0,🟢 OK
83,221,72,0.12599744957211978,0,🟢 OK
83,222,71,0.12745005095606488,0,🟢 OK
83,223,70,0.12763904430966216,0,🟢 OK
83,224,69,0.11972782718503222,0,🟢 OK
83,225,68,0.11456005520135826,0,🟢 OK
83,226,67,0.11335937739269225,0,🟢 OK
83,227,66,0.11234374084544813,0,🟢 OK
83,228,65,0.11844381916325258,0,🟢 OK
83,229,64,0.10971082653316488,0,🟢 OK
83,230,63,0.10867845245075114,0,🟢 OK
83,231,62,0.10996664288091673,0,🟢 OK
83,232,61,0.11002454579601662,0,🟢 OK
83,233,60,0.1035885666590537,0,🟢 OK
83,234,59,0.10889534231124315,0,🟢 OK
83,235,58,0.11022030392753218,0,🟢 OK
83,236,57,0.11296933711186863,0,🟢 OK
83,237,56,0.11277062381407943,0,🟢 OK
83,238,55,0.0983307528119074,0,🟢 OK
83,239,54,0.09904953581313697,0,🟢 OK
83,240,53,0.10125378200012958,0,🟢 OK
83,241,52,0.08546596371802401,0,🟢 OK
83,242,51,0.08555366152936317,0,🟢 OK
83,243,50,0.07755381039159936,0,🟢 OK
83,244,49,0.07048942425992138,0,🟢 OK
83,245,48,0.06904626725420093,0,🟢 OK
83,246,47,0.0848827965009607,0,🟢 OK
83,247,46,0.08026309696084255,0,🟢 OK
83,248,45,0.07876008480932789,0,🟢 OK
83,249,44,0.0685395601725548,0,🟢 OK
83,250,43,0.05144245553072624,0,🟢 OK
83,251,42,0.051722085620891256,0,🟢 OK
83,252,41,0.053054776941432846,0,🟢 OK
83,253,40,0.03755911543244039,0,🟢 OK
83,254,39,0.036256368310069176,0,🟢 OK
83,255,38,0.01461410057259993,0,🟢 OK
83,256,37,0.020401738665073554,0,🟢 OK
83,257,36,0.030225739565518328,0,🟢 OK
83,258,35,0.007759737875588091,0,🟢 OK
83,259,34,0.013200930581825976,0,🟢 OK
83,260,33,0.016019066989876596,0,🟢 OK
83,261,32,0.016321563219600765,0,🟢 OK
83,262,31,0.004617750848488478,0,🟢 OK
83,263,30,0.014561035909598563,0,🟢 OK
83,264,29,0.011346253300189346,0,🟢 OK
83,265,28,-0.016346549845377756,1,🟢 OK
83,266,27,-0.003993006991465098,1,🟢 OK
83,267,26,-0.0151977828814015,1,🟢 OK
83,268,25,-0.001947110976601496,1,🟢 OK
83,269,24,-0.015022226531412386,1,🟢 OK
83,270,23,-0.018793735311222082,1,🟢 OK
83,271,22,-0.014915072891896752,1,🟢 OK
83,272,21,-0.004965961432124577,1,🟢 OK
83,273,20,-0.012415452045054232,1,🟢 OK
83,274,19,-0.009461281658891929,1,🟢 OK
83,275,18,-0.015148567385400158,1,🟢 OK
83,276,17,-0.011488263472114957,1,🟢 OK
83,277,16,-0.008664659934843,1,🟢 OK
83,278,15,-0.01717996798167354,1,🔴 ALERT
83,279,14,-0.01988477938558786,1,🔴 ALERT
83,280,13,-0.023280570167455328,1,🔴 ALERT
83,281,12,-0.017976453910783508,1,🔴 ALERT
83,282,11,-0.018026378650265795,1,🔴 ALERT
83,283,10,-0.027543728446253746,1,🔴 ALERT
83,284,9,-0.029066378362947343,1,🔴 ALERT
83,285,8,-0.030207090551909954,1,🔴 ALERT
83,286,7,-0.0413744955373716,1,🔴 ALERT
83,287,6,-0.04134687342585419,1,🔴 ALERT
83,288,5,-0.03357164935721901,1,🔴 ALERT
83,289,4,-0.033533416072920375,1,🔴 ALERT
83,290,3,-0.024029993247947523,1,🔴 ALERT
83,291,2,-0.02504583668187843,1,🔴 ALERT
83,292,1,-0.030926984366432375,1,🔴 ALERT
83,293,0,-0.02605263996992835,1,🔴 ALERT
84,1,266,0.0817467228636875,0,🟢 OK
84,2,265,0.03415626352574502,0,🟢 OK
84,3,264,0.058781641334063384,0,🟢 OK
84,4,263,0.0591642095154461,0,🟢 OK
84,5,262,0.07362107798952566,0,🟢 OK
84,6,261,0.08194553650267344,0,🟢 OK
84,7,260,0.10239784492917031,0,🟢 OK
84,8,259,0.10489014362246624,0,🟢 OK
84,9,258,0.11179636932549125,0,🟢 OK
84,10,257,0.11951406135537257,0,🟢 OK
84,11,256,0.12138731570237127,0,🟢 OK
84,12,255,0.11957969062924656,0,🟢 OK
84,13,254,0.11453554398546656,0,🟢 OK
84,14,253,0.1173790388748644,0,🟢 OK
84,15,252,0.10926867431287013,0,🟢 OK
84,16,251,0.11310840318137233,0,🟢 OK
84,17,250,0.11201386175419886,0,🟢 OK
84,18,249,0.10707881269112424,0,🟢 OK
84,19,248,0.1054850944761439,0,🟢 OK
84,20,247,0.09912613182397378,0,🟢 OK
84,21,246,0.10036090184185154,0,🟢 OK
84,22,245,0.10072565966271463,0,🟢 OK
84,23,244,0.09722498595436291,0,🟢 OK
84,24,243,0.09181693628277698,0,🟢 OK
84,25,242,0.08069083258002802,0,🟢 OK
84,26,241,0.07149788164530113,0,🟢 OK
84,27,240,0.06007450067524733,0,🟢 OK
84,28,239,0.08381637039555834,0,🟢 OK
84,29,238,0.07989776275396121,0,🟢 OK
84,30,237,0.09191062032549718,0,🟢 OK
84,31,236,0.08523406273006151,0,🟢 OK
84,32,235,0.08411122163873813,0,🟢 OK
84,33,234,0.08051681115114079,0,🟢 OK
84,34,233,0.09697553708399043,0,🟢 OK
84,35,232,0.0992046455946376,0,🟢 OK
84,36,231,0.0985305043859036,0,🟢 OK
84,37,230,0.09464683463436585,0,🟢 OK
84,38,229,0.09635154946429086,0,🟢 OK
84,39,228,0.09493638488109957,0,🟢 OK
84,40,227,0.09569843661840183,0,🟢 OK
84,41,226,0.09986122679268372,0,🟢 OK
84,42,225,0.0960465053334289,0,🟢 OK
84,43,224,0.09031162623012945,0,🟢 OK
84,44,223,0.10178476420369026,0,🟢 OK
84,45,222,0.10104711098091346,0,🟢 OK
84,46,221,0.10046820575158599,0,🟢 OK
84,47,220,0.10867520434578354,0,🟢 OK
84,48,219,0.10795927591809412,0,🟢 OK
84,49,218,0.09346910538639402,0,🟢 OK
84,50,217,0.09431678288416778,0,🟢 OK
84,51,216,0.10930321285787409,0,🟢 OK
84,52,215,0.10791589539959157,0,🟢 OK
84,53,214,0.09952178659232153,0,🟢 OK
84,54,213,0.097088096254143,0,🟢 OK
84,55,212,0.09361650136708888,0,🟢 OK
84,56,211,0.09397429352517,0,🟢 OK
84,57,210,0.09122466684945207,0,🟢 OK
84,58,209,0.09081835521730675,0,🟢 OK
84,59,208,0.08181673966554648,0,🟢 OK
84,60,207,0.09195241115367297,0,🟢 OK
84,61,206,0.09316193065065209,0,🟢 OK
84,62,205,0.10141565299599886,0,🟢 OK
84,63,204,0.10779910604244908,0,🟢 OK
84,64,203,0.09588769956206061,0,🟢 OK
84,65,202,0.10007406085178544,0,🟢 OK
84,66,201,0.09936592390291765,0,🟢 OK
84,67,200,0.0973046709628429,0,🟢 OK
84,68,199,0.09605622016154575,0,🟢 OK
84,69,198,0.10536103041258654,0,🟢 OK
84,70,197,0.08022669274154559,0,🟢 OK
84,71,196,0.0888615580790661,0,🟢 OK
84,72,195,0.09454342904448693,0,🟢 OK
84,73,194,0.08708694865429473,0,🟢 OK
84,74,193,0.09609634617483509,0,🟢 OK
84,75,192,0.09576283146146658,0,🟢 OK
84,76,191,0.09648671500455375,0,🟢 OK
84,77,190,0.07887282728215522,0,🟢 OK
84,78,189,0.0878955809043308,0,🟢 OK
84,79,188,0.07518104866825004,0,🟢 OK
84,80,187,0.08064536661818411,0,🟢 OK
84,81,186,0.07780881473308016,0,🟢 OK
84,82,185,0.07410564100592365,0,🟢 OK
84,83,184,0.08418352189181716,0,🟢 OK
84,84,183,0.07372869912733981,0,🟢 OK
84,85,182,0.07650252312630473,0,🟢 OK
84,86,181,0.07883471077336651,0,🟢 OK
84,87,180,0.0770373253853675,0,🟢 OK
84,88,179,0.07527057575199853,0,🟢 OK
84,89,178,0.05383016203486446,0,🟢 OK
84,90,177,0.07802559885744847,0,🟢 OK
84,91,176,0.08058428612924373,0,🟢 OK
84,92,175,0.06993379036211933,0,🟢 OK
84,93,174,0.07105765177001488,0,🟢 OK
84,94,173,0.08277904811059822,0,🟢 OK
84,95,172,0.0873514752864179,0,🟢 OK
84,96,171,0.07928133410360699,0,🟢 OK
84,97,170,0.08018920426463244,0,🟢 OK
84,98,169,0.08855171666823142,0,🟢 OK
84,99,168,0.09086251264793899,0,🟢 OK
84,100,167,0.0864728206249894,0,🟢 OK
84,101,166,0.09065882350254567,0,🟢 OK
84,102,165,0.09583179665378938,0,🟢 OK
84,103,164,0.09595630087167578,0,🟢 OK
84,104,163,0.08734226720678878,0,🟢 OK
84,105,162,0.08939327189190255,0,🟢 OK
84,106,161,0.09579790036860603,0,🟢 OK
84,107,160,0.09472991142202802,0,🟢 OK
84,108,159,0.08995475222467547,0,🟢 OK
84,109,158,0.08387402126553384,0,🟢 OK
84,110,157,0.09113932039723771,0,🟢 OK
84,111,156,0.08874821928936982,0,🟢 OK
84,112,155,0.09021336739424829,0,🟢 OK
84,113,154,0.08904442516983191,0,🟢 OK
84,114,153,0.09501238399040163,0,🟢 OK
84,115,152,0.08359562840546075,0,🟢 OK
84,116,151,0.07354931011139287,0,🟢 OK
84,117,150,0.08161549196974816,0,🟢 OK
84,118,149,0.07864437107713507,0,🟢 OK
84,119,148,0.07655431726779854,0,🟢 OK
84,120,147,0.08251547319439267,0,🟢 OK
84,121,146,0.09389278402355239,0,🟢 OK
84,122,145,0.08720998395231772,0,🟢 OK
84,123,144,0.0759452554108011,0,🟢 OK
84,124,143,0.05337712225998148,0,🟢 OK
84,125,142,0.05265880477710483,0,🟢 OK
84,126,141,0.05584583048894681,0,🟢 OK
84,127,140,0.07093618472048446,0,🟢 OK
84,128,139,0.0743561752456996,0,🟢 OK
84,129,138,0.07209974097930455,0,🟢 OK
84,130,137,0.05893815171887273,0,🟢 OK
84,131,136,0.07035823716970091,0,🟢 OK
84,132,135,0.0885480082153638,0,🟢 OK
84,133,134,0.08503629954403813,0,🟢 OK
84,134,133,0.0832403730194875,0,🟢 OK
84,135,132,0.08274988918082526,0,🟢 OK
84,136,131,0.07712949186175672,0,🟢 OK
84,137,130,0.0878907392928086,0,🟢 OK
84,138,129,0.0894788782027593,0,🟢 OK
84,139,128,0.08391471467905726,0,🟢 OK
84,140,127,0.07916685266761431,0,🟢 OK
84,141,126,0.07335968935952247,0,🟢 OK
84,142,125,0.07380037910487702,0,🟢 OK
84,143,124,0.08452956541807344,0,🟢 OK
84,144,123,0.07564830742907536,0,🟢 OK
84,145,122,0.07575935333757555,0,🟢 OK
84,146,121,0.07857835450299183,0,🟢 OK
84,147,120,0.07939341861579641,0,🟢 OK
84,148,119,0.09097039599568624,0,🟢 OK
84,149,118,0.0885222771993065,0,🟢 OK
84,150,117,0.09239065839445698,0,🟢 OK
84,151,116,0.08335964270670165,0,🟢 OK
84,152,115,0.08177879025804424,0,🟢 OK
84,153,114,0.07875356430960806,0,🟢 OK
84,154,113,0.07589582771812109,0,🟢 OK
84,155,112,0.0777384769147278,0,🟢 OK
84,156,111,0.06915308745820609,0,🟢 OK
84,157,110,0.056196260382530616,0,🟢 OK
84,158,109,0.05473237882317489,0,🟢 OK
84,159,108,0.04627331186444966,0,🟢 OK
84,160,107,0.03902307664072924,0,🟢 OK
84,161,106,0.06173677410602674,0,🟢 OK
84,162,105,0.05480810003295722,0,🟢 OK
84,163,104,0.047592919774066544,0,🟢 OK
84,164,103,0.07166010072669987,0,🟢 OK
84,165,102,0.08001880281409862,0,🟢 OK
84,166,101,0.08534322037212083,0,🟢 OK
84,167,100,0.08010780036537979,0,🟢 OK
84,168,99,0.07574975503529208,0,🟢 OK
84,169,98,0.06924844239514777,0,🟢 OK
84,170,97,0.060889328526414765,0,🟢 OK
84,171,96,0.0653233639061988,0,🟢 OK
84,172,95,0.06702195312946074,0,🟢 OK
84,173,94,0.06970176523640381,0,🟢 OK
84,174,93,0.04583670902161224,0,🟢 OK
84,175,92,0.045440919730806384,0,🟢 OK
84,176,91,0.04305731970429616,0,🟢 OK
84,177,90,0.04325485798067569,0,🟢 OK
84,178,89,0.04394878242063077,0,🟢 OK
84,179,88,0.04736211135611623,0,🟢 OK
84,180,87,0.03689587365355812,0,🟢 OK
84,181,86,0.032703573040579526,0,🟢 OK
84,182,85,0.031702678707491605,0,🟢 OK
84,183,84,0.032222920685588796,0,🟢 OK
84,184,83,0.03548867453812665,0,🟢 OK
84,185,82,0.04061002596068186,0,🟢 OK
84,186,81,0.04224931325843251,0,🟢 OK
84,187,80,0.0430539900855858,0,🟢 OK
84,188,79,0.047265167883190684,0,🟢 OK
84,189,78,0.04757139029598467,0,🟢 OK
84,190,77,0.043153529716382866,0,🟢 OK
84,191,76,0.050432389264107313,0,🟢 OK
84,192,75,0.06534385538210696,0,🟢 OK
84,193,74,0.05309496134729946,0,🟢 OK
84,194,73,0.038525749581360236,0,🟢 OK
84,195,72,0.042219543172414886,0,🟢 OK
84,196,71,0.0497062766492497,0,🟢 OK
84,197,70,0.04323859623740872,0,🟢 OK
84,198,69,0.038616971682746803,0,🟢 OK
84,199,68,0.0397618771078051,0,🟢 OK
84,200,67,0.039909468067788945,0,🟢 OK
84,201,66,0.02184402426045029,0,🟢 OK
84,202,65,0.026266644443257714,0,🟢 OK
84,203,64,0.02630370283818212,0,🟢 OK
84,204,63,0.022748476524719896,0,🟢 OK
84,205,62,0.020356804605593304,0,🟢 OK
84,206,61,0.013620445824569005,0,🟢 OK
84,207,60,0.011449531300410709,0,🟢 OK
84,208,59,0.009354653388749856,0,🟢 OK
84,209,58,0.015942708644385517,0,🟢 OK
84,210,57,0.016521277175801208,0,🟢 OK
84,211,56,0.015477190361008808,0,🟢 OK
84,212,55,0.010461443820936278,0,🟢 OK
84,213,54,0.003409205852449637,0,🟢 OK
84,214,53,-0.011024289175909807,1,🟢 OK
84,215,52,-0.006731908005164766,1,🟢 OK
84,216,51,-0.006803943190209716,1,🟢 OK
84,217,50,-0.01080505544034116,1,🟢 OK
84,218,49,-0.0036992535099509283,1,🟢 OK
84,219,48,-0.009934681337367524,1,🟢 OK
84,220,47,-0.008961251333376441,1,🟢 OK
84,221,46,-0.01350193324854565,1,🟢 OK
84,222,45,-0.01078595965814555,1,🟢 OK
84,223,44,-0.010908006904578715,1,🟢 OK
84,224,43,-0.0036591937195156188,1,🟢 OK
84,225,42,-0.01687660731941365,1,🟢 OK
84,226,41,-0.02719718154646633,1,🟢 OK
84,227,40,-0.029811012822166694,1,🟢 OK
84,228,39,-0.033114916554867424,1,🔴 ALERT
84,229,38,-0.030388387007043827,1,🔴 ALERT
84,230,37,-0.029829214106832258,1,🔴 ALERT
84,231,36,-0.03211987838450847,1,🔴 ALERT
84,232,35,-0.029457575504709843,1,🔴 ALERT
84,233,34,-0.030086021379323036,1,🔴 ALERT
84,234,33,-0.021982299395091665,1,🔴 ALERT
84,235,32,-0.03652962374635693,1,🔴 ALERT
84,236,31,-0.017486107745540047,1,🔴 ALERT
84,237,30,-0.023051436030664063,1,🔴 ALERT
84,238,29,-0.014881954916396878,1,🔴 ALERT
84,239,28,-0.02081554127146057,1,🔴 ALERT
84,240,27,-0.014913466840128509,1,🔴 ALERT
84,241,26,-0.031532460572988086,1,🔴 ALERT
84,242,25,-0.029454557802986114,1,🔴 ALERT
84,243,24,-0.03694962193064755,1,🔴 ALERT
84,244,23,-0.03239311854520377,1,🔴 ALERT
84,245,22,-0.022809454969244136,1,🔴 ALERT
84,246,21,-0.028395161251918433,1,🔴 ALERT
84,247,20,-0.04481164047687136,1,🔴 ALERT
84,248,19,-0.03364328545864781,1,🔴 ALERT
84,249,18,-0.040820295486594604,1,🔴 ALERT
84,250,17,-0.048695644018003637,1,🔴 ALERT
84,251,16,-0.03259704749164438,1,🔴 ALERT
84,252,15,-0.032466839549348814,1,🔴 ALERT
84,253,14,-0.04348750127144463,1,🔴 ALERT
84,254,13,-0.05009123651696479,1,🔴 ALERT
84,255,12,-0.05238953120868772,1,🔴 ALERT
84,256,11,-0.0466516735913165,1,🔴 ALERT
84,257,10,-0.059325074391449406,1,🔴 ALERT
84,258,9,-0.04727611285560096,1,🔴 ALERT
84,259,8,-0.0431005821262721,1,🔴 ALERT
84,260,7,-0.04726342510720427,1,🔴 ALERT
84,261,6,-0.039029217566377006,1,🔴 ALERT
84,262,5,-0.038607938233896744,1,🔴 ALERT
84,263,4,-0.04033654816584753,1,🔴 ALERT
84,264,3,-0.03252607911191985,1,🔴 ALERT
84,265,2,-0.035073922701521876,1,🔴 ALERT
84,266,1,-0.03790915420538421,1,🔴 ALERT
84,267,0,-0.037118558655105716,1,🔴 ALERT
85,1,187,0.10027766651602427,0,🟢 OK
85,2,186,0.054619732514326114,0,🟢 OK
85,3,185,0.08733804366982495,0,🟢 OK
85,4,184,0.1074568975573833,0,🟢 OK
85,5,183,0.1154902802965247,0,🟢 OK
85,6,182,0.10659003295529096,0,🟢 OK
85,7,181,0.10364319332272925,0,🟢 OK
85,8,180,0.11458197433651435,0,🟢 OK
85,9,179,0.09789063957672278,0,🟢 OK
85,10,178,0.09918585227824922,0,🟢 OK
85,11,177,0.09996568603769856,0,🟢 OK
85,12,176,0.11057210197742195,0,🟢 OK
85,13,175,0.10894467408328606,0,🟢 OK
85,14,174,0.10314690576805863,0,🟢 OK
85,15,173,0.11289865823319278,0,🟢 OK
85,16,172,0.11414056961449193,0,🟢 OK
85,17,171,0.11224026656516034,0,🟢 OK
85,18,170,0.09902188166691966,0,🟢 OK
85,19,169,0.11925600004127912,0,🟢 OK
85,20,168,0.12233112627129977,0,🟢 OK
85,21,167,0.12236207721400794,0,🟢 OK
85,22,166,0.11946944098214896,0,🟢 OK
85,23,165,0.11896495912975963,0,🟢 OK
85,24,164,0.12206370716844933,0,🟢 OK
85,25,163,0.12471041477540695,0,🟢 OK
85,26,162,0.1238418086205445,0,🟢 OK
85,27,161,0.11331524338593979,0,🟢 OK
85,28,160,0.1096457927584028,0,🟢 OK
85,29,159,0.11538213534413488,0,🟢 OK
85,30,158,0.10546434733515808,0,🟢 OK
85,31,157,0.10455418665259941,0,🟢 OK
85,32,156,0.10157865421704121,0,🟢 OK
85,33,155,0.10451833420663259,0,🟢 OK
85,34,154,0.10207770108665642,0,🟢 OK
85,35,153,0.1167372692948343,0,🟢 OK
85,36,152,0.12208953176315618,0,🟢 OK
85,37,151,0.128289820084161,0,🟢 OK
85,38,150,0.12658710199728995,0,🟢 OK
85,39,149,0.11457705414598623,0,🟢 OK
85,40,148,0.10804401191306062,0,🟢 OK
85,41,147,0.11412202148428152,0,🟢 OK
85,42,146,0.11919963769530234,0,🟢 OK
85,43,145,0.11221084655493835,0,🟢 OK
85,44,144,0.10383294285136963,0,🟢 OK
85,45,143,0.10835613344628875,0,🟢 OK
85,46,142,0.10874233879882611,0,🟢 OK
85,47,141,0.11905331467692198,0,🟢 OK
85,48,140,0.11687335512000907,0,🟢 OK
85,49,139,0.11905814525536562,0,🟢 OK
85,50,138,0.12209512191909883,0,🟢 OK
85,51,137,0.12011989715993587,0,🟢 OK
85,52,136,0.12204625421768023,0,🟢 OK
85,53,135,0.12368445768199365,0,🟢 OK
85,54,134,0.12640482967741895,0,🟢 OK
85,55,133,0.12486390691912413,0,🟢 OK
85,56,132,0.118080660656178,0,🟢 OK
85,57,131,0.1131384573642002,0,🟢 OK
85,58,130,0.12181826743730612,0,🟢 OK
85,59,129,0.11372183760717042,0,🟢 OK
85,60,128,0.11780466206124318,0,🟢 OK
85,61,127,0.11932878461005914,0,🟢 OK
85,62,126,0.11903285985260709,0,🟢 OK
85,63,125,0.11277934821594332,0,🟢 OK
85,64,124,0.10960001933352131,0,🟢 OK
85,65,123,0.12196831614835058,0,🟢 OK
85,66,122,0.1186362016250962,0,🟢 OK
85,67,121,0.12301255470432859,0,🟢 OK
85,68,120,0.12230170059955309,0,🟢 OK
85,69,119,0.1262820210332557,0,🟢 OK
85,70,118,0.11871974262808382,0,🟢 OK
85,71,117,0.12072222762265367,0,🟢 OK
85,72,116,0.12321144504836767,0,🟢 OK
85,73,115,0.12400038905916005,0,🟢 OK
85,74,114,0.12373845308410969,0,🟢 OK
85,75,113,0.1240282824210906,0,🟢 OK
85,76,112,0.11668296757592933,0,🟢 OK
85,77,111,0.11930591688896819,0,🟢 OK
85,78,110,0.12331165510490566,0,🟢 OK
85,79,109,0.12127757763848279,0,🟢 OK
85,80,108,0.1234437926621128,0,🟢 OK
85,81,107,0.12547311742456257,0,🟢 OK
85,82,106,0.11953832874502662,0,🟢 OK
85,83,105,0.12013697486930774,0,🟢 OK
85,84,104,0.11510551744973735,0,🟢 OK
85,85,103,0.1129827323611422,0,🟢 OK
85,86,102,0.11642736375031121,0,🟢 OK
85,87,101,0.11362322505251204,0,🟢 OK
85,88,100,0.11147930024318381,0,🟢 OK
85,89,99,0.11269758562857535,0,🟢 OK
85,90,98,0.11612491686113902,0,🟢 OK
85,91,97,0.11010257959724895,0,🟢 OK
85,92,96,0.11269164083824795,0,🟢 OK
85,93,95,0.11235594151470912,0,🟢 OK
85,94,94,0.09540246319856599,0,🟢 OK
85,95,93,0.10873343592808554,0,🟢 OK
85,96,92,0.11079550288446899,0,🟢 OK
85,97,91,0.10772517919708169,0,🟢 OK
85,98,90,0.10839267711322026,0,🟢 OK
85,99,89,0.08934479515184163,0,🟢 OK
85,100,88,0.0948941321021119,0,🟢 OK
85,101,87,0.10035874812036466,0,🟢 OK
85,102,86,0.09818646913809326,0,🟢 OK
85,103,85,0.10394628009657791,0,🟢 OK
85,104,84,0.10203972516852716,0,🟢 OK
85,105,83,0.10717962408380688,0,🟢 OK
85,106,82,0.1115404853889394,0,🟢 OK
85,107,81,0.10553517310136418,0,🟢 OK
85,108,80,0.10401296527933557,0,🟢 OK
85,109,79,0.10731985878428307,0,🟢 OK
85,110,78,0.11619449680063132,0,🟢 OK
85,111,77,0.11136127738141649,0,🟢 OK
85,112,76,0.11416685342063981,0,🟢 OK
85,113,75,0.1092687789312658,0,🟢 OK
85,114,74,0.11433947502776437,0,🟢 OK
85,115,73,0.11324131209687788,0,🟢 OK
85,116,72,0.1131022876664653,0,🟢 OK
85,117,71,0.1062057756871625,0,🟢 OK
85,118,70,0.10848768135773107,0,🟢 OK
85,119,69,0.10402312457761836,0,🟢 OK
85,120,68,0.09793244109041421,0,🟢 OK
85,121,67,0.10914066349329749,0,🟢 OK
85,122,66,0.10167953814100683,0,🟢 OK
85,123,65,0.09397269777738998,0,🟢 OK
85,124,64,0.09518839465884238,0,🟢 OK
85,125,63,0.08666516213549064,0,🟢 OK
85,126,62,0.09422333314894943,0,🟢 OK
85,127,61,0.09622813304669675,0,🟢 OK
85,128,60,0.08959384864872327,0,🟢 OK
85,129,59,0.08626690786651658,0,🟢 OK
85,130,58,0.0897723081625143,0,🟢 OK
85,131,57,0.08912059259057165,0,🟢 OK
85,132,56,0.09685855340552224,0,🟢 OK
85,133,55,0.0910732039428146,0,🟢 OK
85,134,54,0.07446364839337122,0,🟢 OK
85,135,53,0.07028051065535895,0,🟢 OK
85,136,52,0.07168615575795761,0,🟢 OK
85,137,51,0.0779613089166526,0,🟢 OK
85,138,50,0.07683105310530824,0,🟢 OK
85,139,49,0.0757349155076194,0,🟢 OK
85,140,48,0.06757476808453439,0,🟢 OK
85,141,47,0.06384643447529825,0,🟢 OK
85,142,46,0.06715918135498439,0,🟢 OK
85,143,45,0.05968768863031931,0,🟢 OK
85,144,44,0.08034412853103584,0,🟢 OK
85,145,43,0.06354107359432004,0,🟢 OK
85,146,42,0.06569933920414939,0,🟢 OK
85,147,41,0.07006718657315758,0,🟢 OK
85,148,40,0.06980113044190095,0,🟢 OK
85,149,39,0.06954591107209646,0,🟢 OK
85,150,38,0.06159249719142368,0,🟢 OK
85,151,37,0.05615708005230302,0,🟢 OK
85,152,36,0.04215908298077564,0,🟢 OK
85,153,35,0.029540300558931976,0,🟢 OK
85,154,34,0.02481193896808298,0,🟢 OK
85,155,33,0.02435860566184972,0,🟢 OK
85,156,32,0.027649900318922394,0,🟢 OK
85,157,31,0.026680832073783023,0,🟢 OK
85,158,30,0.018596343998485032,0,🟢 OK
85,159,29,0.01716077622519091,0,🟢 OK
85,160,28,0.0036237453442306,0,🟢 OK
85,161,27,-0.015938199320363,1,🟢 OK
85,162,26,0.006912639572715096,0,🟢 OK
85,163,25,-0.007409772390184477,1,🟢 OK
85,164,24,-0.01737120373475942,1,🟢 OK
85,165,23,-0.008144494043212824,1,🟢 OK
85,166,22,-0.010735043828086988,1,🟢 OK
85,167,21,-0.01475684686951706,1,🟢 OK
85,168,20,-0.013623648220476237,1,🟢 OK
85,169,19,-0.01361392782473081,1,🟢 OK
85,170,18,-0.021782087729237953,1,🟢 OK
85,171,17,-0.005155961739503945,1,🟢 OK
85,172,16,-0.007171145193067607,1,🟢 OK
85,173,15,-0.016964137572363258,1,🟢 OK
85,174,14,-0.025659931481195386,1,🔴 ALERT
85,175,13,-0.04045522146621516,1,🔴 ALERT
85,176,12,-0.02832637742732269,1,🔴 ALERT
85,177,11,-0.030060268776582966,1,🔴 ALERT
85,178,10,-0.029669254846001913,1,🔴 ALERT
85,179,9,-0.039016352235034635,1,🔴 ALERT
85,180,8,-0.02270740406693217,1,🔴 ALERT
85,181,7,-0.027092046043664664,1,🔴 ALERT
85,182,6,-0.023651221035670966,1,🔴 ALERT
85,183,5,-0.02951079215987895,1,🔴 ALERT
85,184,4,-0.026567505739040542,1,🔴 ALERT
85,185,3,-0.025501088726914922,1,🔴 ALERT
85,186,2,-0.03169327554060497,1,🔴 ALERT
85,187,1,-0.04032478429811048,1,🔴 ALERT
85,188,0,-0.02993545207662962,1,🔴 ALERT
86,1,277,0.07768392191891277,0,🟢 OK
86,2,276,0.020570249698581955,0,🟢 OK
86,3,275,0.02641600821141671,0,🟢 OK
86,4,274,0.06715131358424398,0,🟢 OK
86,5,273,0.060205669253438565,0,🟢 OK
86,6,272,0.07086166205081279,0,🟢 OK
86,7,271,0.07656146049023732,0,🟢 OK
86,8,270,0.07074108675677537,0,🟢 OK
86,9,269,0.08888865347258057,0,🟢 OK
86,10,268,0.09776276042178328,0,🟢 OK
86,11,267,0.09996396710334038,0,🟢 OK
86,12,266,0.11542842111842228,0,🟢 OK
86,13,265,0.11626507874299508,0,🟢 OK
86,14,264,0.11426651615158867,0,🟢 OK
86,15,263,0.11863920159792696,0,🟢 OK
86,16,262,0.11190362347779531,0,🟢 OK
86,17,261,0.11743156052675174,0,🟢 OK
86,18,260,0.12451095343012497,0,🟢 OK
86,19,259,0.11955396922415568,0,🟢 OK
86,20,258,0.11701028656060758,0,🟢 OK
86,21,257,0.11401761580755221,0,🟢 OK
86,22,256,0.11370739075942032,0,🟢 OK
86,23,255,0.10947337156055792,0,🟢 OK
86,24,254,0.11008171048242782,0,🟢 OK
86,25,253,0.0992247460434692,0,🟢 OK
86,26,252,0.096880669347153,0,🟢 OK
86,27,251,0.10205812776982187,0,🟢 OK
86,28,250,0.11125623368078474,0,🟢 OK
86,29,249,0.11574649983968088,0,🟢 OK
86,30,248,0.11960394160336163,0,🟢 OK
86,31,247,0.11544561371657791,0,🟢 OK
86,32,246,0.1117173783327502,0,🟢 OK
86,33,245,0.10628007033878145,0,🟢 OK
86,34,244,0.10593940858743961,0,🟢 OK
86,35,243,0.11587924512030912,0,🟢 OK
86,36,242,0.11247178703545607,0,🟢 OK
86,37,241,0.11074663566756732,0,🟢 OK
86,38,240,0.10938419541948596,0,🟢 OK
86,39,239,0.11292687686764658,0,🟢 OK
86,40,238,0.1134804668951056,0,🟢 OK
86,41,237,0.1184632322751204,0,🟢 OK
86,42,236,0.12474836003540657,0,🟢 OK
86,43,235,0.12581490785540628,0,🟢 OK
86,44,234,0.12421292462064698,0,🟢 OK
86,45,233,0.11979742639903557,0,🟢 OK
86,46,232,0.1263528450171698,0,🟢 OK
86,47,231,0.12480437499056074,0,🟢 OK
86,48,230,0.1209019080473831,0,🟢 OK
86,49,229,0.12157794669630734,0,🟢 OK
86,50,228,0.11963008388178165,0,🟢 OK
86,51,227,0.12805564383156143,0,🟢 OK
86,52,226,0.12258158593768015,0,🟢 OK
86,53,225,0.1335886187125797,0,🟢 OK
86,54,224,0.13207221761428517,0,🟢 OK
86,55,223,0.11926690297616055,0,🟢 OK
86,56,222,0.11879081980507794,0,🟢 OK
86,57,221,0.13142327743995058,0,🟢 OK
86,58,220,0.1292840908239598,0,🟢 OK
86,59,219,0.13104138659981374,0,🟢 OK
86,60,218,0.12431567444212627,0,🟢 OK
86,61,217,0.11808641004778792,0,🟢 OK
86,62,216,0.12530343944391603,0,🟢 OK
86,63,215,0.13266200802539346,0,🟢 OK
86,64,214,0.13930553851783373,0,🟢 OK
86,65,213,0.13797390453517083,0,🟢 OK
86,66,212,0.13525095136448673,0,🟢 OK
86,67,211,0.1360643290300596,0,🟢 OK
86,68,210,0.1362076148877291,0,🟢 OK
86,69,209,0.13375813042468543,0,🟢 OK
86,70,208,0.13040705349552723,0,🟢 OK
86,71,207,0.13179804338564327,0,🟢 OK
86,72,206,0.13041260232056412,0,🟢 OK
86,73,205,0.1298812814752517,0,🟢 OK
86,74,204,0.12630258442768816,0,🟢 OK
86,75,203,0.12964442627186945,0,🟢 OK
86,76,202,0.13158370012665604,0,🟢 OK
86,77,201,0.12618818597217707,0,🟢 OK
86,78,200,0.12179755890736971,0,🟢 OK
86,79,199,0.1263569935958675,0,🟢 OK
86,80,198,0.12280473233343187,0,🟢 OK
86,81,197,0.11190206654757534,0,🟢 OK
86,82,196,0.1103801608712317,0,🟢 OK
86,83,195,0.12375812743363918,0,🟢 OK
86,84,194,0.12190970194559653,0,🟢 OK
86,85,193,0.12084595339633802,0,🟢 OK
86,86,192,0.12012166023260062,0,🟢 OK
86,87,191,0.1187055878106083,0,🟢 OK
86,88,190,0.11909694764036538,0,🟢 OK
86,89,189,0.12400013221246386,0,🟢 OK
86,90,188,0.12288855281435007,0,🟢 OK
86,91,187,0.12391823756281889,0,🟢 OK
86,92,186,0.12579753115598907,0,🟢 OK
86,93,185,0.1230588171879552,0,🟢 OK
86,94,184,0.12140867764212276,0,🟢 OK
86,95,183,0.12134964179890023,0,🟢 OK
86,96,182,0.13433277039674402,0,🟢 OK
86,97,181,0.12955523632777166,0,🟢 OK
86,98,180,0.1303906657977708,0,🟢 OK
86,99,179,0.12789715295070125,0,🟢 OK
86,100,178,0.13052463776852868,0,🟢 OK
86,101,177,0.13049566480723068,0,🟢 OK
86,102,176,0.13220279679281355,0,🟢 OK
86,103,175,0.12899755188180523,0,🟢 OK
86,104,174,0.11832001133833425,0,🟢 OK
86,105,173,0.12231669486067082,0,🟢 OK
86,106,172,0.11569517926882872,0,🟢 OK
86,107,171,0.11871747907655256,0,🟢 OK
86,108,170,0.12002632305550537,0,🟢 OK
86,109,169,0.11836315448517853,0,🟢 OK
86,110,168,0.11635080083737032,0,🟢 OK
86,111,167,0.11308596240694196,0,🟢 OK
86,112,166,0.11761613336434068,0,🟢 OK
86,113,165,0.12394805983675755,0,🟢 OK
86,114,164,0.12879310188245274,0,🟢 OK
86,115,163,0.12798474772238744,0,🟢 OK
86,116,162,0.12782087434642642,0,🟢 OK
86,117,161,0.12929505246309947,0,🟢 OK
86,118,160,0.12401817757550726,0,🟢 OK
86,119,159,0.13139467184494835,0,🟢 OK
86,120,158,0.1302811637599539,0,🟢 OK
86,121,157,0.13121841292298214,0,🟢 OK
86,122,156,0.1299940429351754,0,🟢 OK
86,123,155,0.1338128947747223,0,🟢 OK
86,124,154,0.1311196501836298,0,🟢 OK
86,125,153,0.13007001528557022,0,🟢 OK
86,126,152,0.1267673181445747,0,🟢 OK
86,127,151,0.12984790110474576,0,🟢 OK
86,128,150,0.130671230149772,0,🟢 OK
86,129,149,0.12358773054712496,0,🟢 OK
86,130,148,0.12278869857552205,0,🟢 OK
86,131,147,0.12597298651544842,0,🟢 OK
86,132,146,0.1251556852922378,0,🟢 OK
86,133,145,0.1194613831918725,0,🟢 OK
86,134,144,0.1294035467119784,0,🟢 OK
86,135,143,0.11942793259107298,0,🟢 OK
86,136,142,0.12913888902221737,0,🟢 OK
86,137,141,0.12613089132921063,0,🟢 OK
86,138,140,0.11639660193127621,0,🟢 OK
86,139,139,0.1127579381853821,0,🟢 OK
86,140,138,0.11483020338921279,0,🟢 OK
86,141,137,0.1151159966432162,0,🟢 OK
86,142,136,0.0982661676349062,0,🟢 OK
86,143,135,0.09564268241646035,0,🟢 OK
86,144,134,0.09174490105805416,0,🟢 OK
86,145,133,0.09054728983829469,0,🟢 OK
86,146,132,0.11325845236156867,0,🟢 OK
86,147,131,0.11930980450735512,0,🟢 OK
86,148,130,0.11302160522744026,0,🟢 OK
86,149,129,0.1078549876039781,0,🟢 OK
86,150,128,0.1129920946736937,0,🟢 OK
86,151,127,0.10813317143542184,0,🟢 OK
86,152,126,0.08800149187942152,0,🟢 OK
86,153,125,0.08809414138231642,0,🟢 OK
86,154,124,0.09298408866493857,0,🟢 OK
86,155,123,0.09193518112457905,0,🟢 OK
86,156,122,0.09145675564873201,0,🟢 OK
86,157,121,0.08801842988883801,0,🟢 OK
86,158,120,0.08802313752955249,0,🟢 OK
86,159,119,0.09384072874311516,0,🟢 OK
86,160,118,0.09425681681519532,0,🟢 OK
86,161,117,0.10216373105211879,0,🟢 OK
86,162,116,0.10764605481767314,0,🟢 OK
86,163,115,0.09952459001176428,0,🟢 OK
86,164,114,0.10756142706695682,0,🟢 OK
86,165,113,0.10425766500000688,0,🟢 OK
86,166,112,0.10122162568067206,0,🟢 OK
86,167,111,0.1063204584871249,0,🟢 OK
86,168,110,0.10667574968244353,0,🟢 OK
86,169,109,0.09842357328478846,0,🟢 OK
86,170,108,0.1011977652838652,0,🟢 OK
86,171,107,0.0998919982041569,0,🟢 OK
86,172,106,0.10206338845877466,0,🟢 OK
86,173,105,0.09223642079775107,0,🟢 OK
86,174,104,0.08570310970825123,0,🟢 OK
86,175,103,0.07077025873920251,0,🟢 OK
86,176,102,0.06550327359522057,0,🟢 OK
86,177,101,0.06897817802620149,0,🟢 OK
86,178,100,0.08257121121545485,0,🟢 OK
86,179,99,0.08690207321627808,0,🟢 OK
86,180,98,0.07614458067712088,0,🟢 OK
86,181,97,0.07729156788879848,0,🟢 OK
86,182,96,0.06820467793803936,0,🟢 OK
86,183,95,0.07047252037483509,0,🟢 OK
86,184,94,0.08173156647889962,0,🟢 OK
86,185,93,0.09379435795399782,0,🟢 OK
86,186,92,0.07896155968709495,0,🟢 OK
86,187,91,0.07996699768661719,0,🟢 OK
86,188,90,0.06508913768537256,0,🟢 OK
86,189,89,0.06371017955709046,0,🟢 OK
86,190,88,0.07146387822113198,0,🟢 OK
86,191,87,0.06900952291101908,0,🟢 OK
86,192,86,0.0654794092669625,0,🟢 OK
86,193,85,0.06773529437448034,0,🟢 OK
86,194,84,0.06899298025255285,0,🟢 OK
86,195,83,0.07500712005627136,0,🟢 OK
86,196,82,0.0790395968738164,0,🟢 OK
86,197,81,0.08915488665927407,0,🟢 OK
86,198,80,0.0792428721508075,0,🟢 OK
86,199,79,0.08470849938910946,0,🟢 OK
86,200,78,0.08448287187224246,0,🟢 OK
86,201,77,0.09186661787747413,0,🟢 OK
86,202,76,0.09128724045988423,0,🟢 OK
86,203,75,0.07566273572133392,0,🟢 OK
86,204,74,0.07607193407999113,0,🟢 OK
86,205,73,0.05968733739588228,0,🟢 OK
86,206,72,0.061267619609384094,0,🟢 OK
86,207,71,0.05847326987224577,0,🟢 OK
86,208,70,0.05649857776047229,0,🟢 OK
86,209,69,0.03984126654066511,0,🟢 OK
86,210,68,0.052552349200808535,0,🟢 OK
86,211,67,0.05189073220078955,0,🟢 OK
86,212,66,0.04585545049259426,0,🟢 OK
86,213,65,0.04261761085245719,0,🟢 OK
86,214,64,0.04819319893873142,0,🟢 OK
86,215,63,0.042274015449126845,0,🟢 OK
86,216,62,0.025773315454961976,0,🟢 OK
86,217,61,0.007831338091511597,0,🟢 OK
86,218,60,0.02346389457222603,0,🟢 OK
86,219,59,0.0359013415026041,0,🟢 OK
86,220,58,0.034473128315308466,0,🟢 OK
86,221,57,0.028421404865933086,0,🟢 OK
86,222,56,0.02028600362861155,0,🟢 OK
86,223,55,0.01765021460014765,0,🟢 OK
86,224,54,-0.0003235471018260272,1,🟢 OK
86,225,53,0.019800871262905084,0,🟢 OK
86,226,52,0.0074425164371223484,0,🟢 OK
86,227,51,0.013773248848312325,0,🟢 OK
86,228,50,0.007942879123252533,0,🟢 OK
86,229,49,-0.00018863750462860818,1,🟢 OK
86,230,48,0.0062967312881788695,0,🟢 OK
86,231,47,0.004033594123810769,0,🟢 OK
86,232,46,0.009426311527957087,0,🟢 OK
86,233,45,0.024490168005293744,0,🟢 OK
86,234,44,0.02158145583640575,0,🟢 OK
86,235,43,0.01982962793189208,0,🟢 OK
86,236,42,0.015442745625268484,0,🟢 OK
86,237,41,0.012849266794709546,0,🟢 OK
86,238,40,0.00485213279196528,0,🟢 OK
86,239,39,0.0005974012904033099,0,🟢 OK
86,240,38,-0.004365897968222288,1,🟢 OK
86,241,37,-0.009274421463128069,1,🟢 OK
86,242,36,-0.017325839878315263,1,🟢 OK
86,243,35,-0.012237297456900276,1,🟢 OK
86,244,34,-0.01654194303016343,1,🟢 OK
86,245,33,-0.01141154120766219,1,🟢 OK
86,246,32,-0.013620353751576109,1,🟢 OK
86,247,31,-0.011782228920053761,1,🟢 OK
86,248,30,-0.020598982058490534,1,🟢 OK
86,249,29,-0.029602774602474402,1,🟢 OK
86,250,28,-0.03132197980282281,1,🟢 OK
86,251,27,-0.02856761383774098,1,🟢 OK
86,252,26,-0.027338458648788255,1,🔴 ALERT
86,253,25,-0.041560681686165224,1,🔴 ALERT
86,254,24,-0.038596535583547587,1,🔴 ALERT
86,255,23,-0.041372766174300524,1,🔴 ALERT
86,256,22,-0.04901859712961876,1,🔴 ALERT
86,257,21,-0.03448171635417896,1,🔴 ALERT
86,258,20,-0.05080695179785444,1,🔴 ALERT
86,259,19,-0.0441585294211273,1,🔴 ALERT
86,260,18,-0.048758090055494696,1,🔴 ALERT
86,261,17,-0.04779422910879849,1,🔴 ALERT
86,262,16,-0.04772195692973369,1,🔴 ALERT
86,263,15,-0.04806322843538058,1,🔴 ALERT
86,264,14,-0.047836461867156066,1,🔴 ALERT
86,265,13,-0.04900812060609672,1,🔴 ALERT
86,266,12,-0.04143738131010588,1,🔴 ALERT
86,267,11,-0.048648645652752065,1,🔴 ALERT
86,268,10,-0.044706127461518474,1,🔴 ALERT
86,269,9,-0.04025626476922817,1,🔴 ALERT
86,270,8,-0.03157784559818466,1,🔴 ALERT
86,271,7,-0.033652176527075084,1,🔴 ALERT
86,272,6,-0.023712639578169048,1,🔴 ALERT
86,273,5,-0.02256306771723826,1,🔴 ALERT
86,274,4,-0.024022889179030504,1,🔴 ALERT
86,275,3,-0.021534347464669867,1,🔴 ALERT
86,276,2,-0.02803005676415571,1,🔴 ALERT
86,277,1,-0.02496225531730889,1,🔴 ALERT
86,278,0,-0.030623436910714563,1,🔴 ALERT
87,1,177,0.0956946656001546,0,🟢 OK
87,2,176,0.04160149887768888,0,🟢 OK
87,3,175,0.034585610080303086,0,🟢 OK
87,4,174,0.053568054673374554,0,🟢 OK
87,5,173,0.06691786973335456,0,🟢 OK
87,6,172,0.09209704266798358,0,🟢 OK
87,7,171,0.0971082861086201,0,🟢 OK
87,8,170,0.10035369255117338,0,🟢 OK
87,9,169,0.10398936468392306,0,🟢 OK
87,10,168,0.10030943674232656,0,🟢 OK
87,11,167,0.11612845623805468,0,🟢 OK
87,12,166,0.11720956986412373,0,🟢 OK
87,13,165,0.11937585474942208,0,🟢 OK
87,14,164,0.12511751936840937,0,🟢 OK
87,15,163,0.12729198915965695,0,🟢 OK
87,16,162,0.11680356115878138,0,🟢 OK
87,17,161,0.1172079158744409,0,🟢 OK
87,18,160,0.12361929070190014,0,🟢 OK
87,19,159,0.12200031731774869,0,🟢 OK
87,20,158,0.11331971255981316,0,🟢 OK
87,21,157,0.10373951465017145,0,🟢 OK
87,22,156,0.10673465067144938,0,🟢 OK
87,23,155,0.11182332922246901,0,🟢 OK
87,24,154,0.11067649767509241,0,🟢 OK
87,25,153,0.11510244741553816,0,🟢 OK
87,26,152,0.11821627398612239,0,🟢 OK
87,27,151,0.11998604901459292,0,🟢 OK
87,28,150,0.11451634237017266,0,🟢 OK
87,29,149,0.10435233125376747,0,🟢 OK
87,30,148,0.12319350335073675,0,🟢 OK
87,31,147,0.11988284938725957,0,🟢 OK
87,32,146,0.10653603120487193,0,🟢 OK
87,33,145,0.10820205938286503,0,🟢 OK
87,34,144,0.10472712610260515,0,🟢 OK
87,35,143,0.12072780244839543,0,🟢 OK
87,36,142,0.1221670766600585,0,🟢 OK
87,37,141,0.11933098059939418,0,🟢 OK
87,38,140,0.11449712242468346,0,🟢 OK
87,39,139,0.09903913531046182,0,🟢 OK
87,40,138,0.09243708328127764,0,🟢 OK
87,41,137,0.09013677247480362,0,🟢 OK
87,42,136,0.1097483966405749,0,🟢 OK
87,43,135,0.10618789055649047,0,🟢 OK
87,44,134,0.10688543579208948,0,🟢 OK
87,45,133,0.10953209951873488,0,🟢 OK
87,46,132,0.1079129417419129,0,🟢 OK
87,47,131,0.11748504974471935,0,🟢 OK
87,48,130,0.11863568577716799,0,🟢 OK
87,49,129,0.1176114256859132,0,🟢 OK
87,50,128,0.11366369084943101,0,🟢 OK
87,51,127,0.09681518395955807,0,🟢 OK
87,52,126,0.10815704052720387,0,🟢 OK
87,53,125,0.10752719462539462,0,🟢 OK
87,54,124,0.09860348679542547,0,🟢 OK
87,55,123,0.103053889285111,0,🟢 OK
87,56,122,0.10371083619536386,0,🟢 OK
87,57,121,0.11445743265522385,0,🟢 OK
87,58,120,0.12255636219638238,0,🟢 OK
87,59,119,0.11854823833178346,0,🟢 OK
87,60,118,0.12175370399257174,0,🟢 OK
87,61,117,0.12736484693374872,0,🟢 OK
87,62,116,0.13197991050051017,0,🟢 OK
87,63,115,0.1193696171418922,0,🟢 OK
87,64,114,0.09964488317525277,0,🟢 OK
87,65,113,0.10315539183452171,0,🟢 OK
87,66,112,0.09782126644051015,0,🟢 OK
87,67,111,0.106153458542388,0,🟢 OK
87,68,110,0.09331965675070159,0,🟢 OK
87,69,109,0.10365108567928122,0,🟢 OK
87,70,108,0.10048429553354488,0,🟢 OK
87,71,107,0.10400586171134257,0,🟢 OK
87,72,106,0.10405597473502876,0,🟢 OK
87,73,105,0.09377900956516261,0,🟢 OK
87,74,104,0.11559226350714186,0,🟢 OK
87,75,103,0.1166321269342146,0,🟢 OK
87,76,102,0.12309380086929506,0,🟢 OK
87,77,101,0.11977306402415439,0,🟢 OK
87,78,100,0.13369320219742886,0,🟢 OK
87,79,99,0.12703702859883215,0,🟢 OK
87,80,98,0.1296571516645718,0,🟢 OK
87,81,97,0.12583822234624964,0,🟢 OK
87,82,96,0.12399683620863095,0,🟢 OK
87,83,95,0.11898577922991788,0,🟢 OK
87,84,94,0.11490085732773442,0,🟢 OK
87,85,93,0.12119967691781697,0,🟢 OK
87,86,92,0.12580463788571883,0,🟢 OK
87,87,91,0.12520480799780542,0,🟢 OK
87,88,90,0.12554945158782443,0,🟢 OK
87,89,89,0.1291070601946932,0,🟢 OK
87,90,88,0.11947334875222615,0,🟢 OK
87,91,87,0.11467849923405637,0,🟢 OK
87,92,86,0.1182163178882028,0,🟢 OK
87,93,85,0.11829524719237428,0,🟢 OK
87,94,84,0.11608479944835381,0,🟢 OK
87,95,83,0.11771778920276615,0,🟢 OK
87,96,82,0.11199879638237498,0,🟢 OK
87,97,81,0.09984090370956444,0,🟢 OK
87,98,80,0.0879908902256194,0,🟢 OK
87,99,79,0.10913153045228041,0,🟢 OK
87,100,78,0.10498812004600305,0,🟢 OK
87,101,77,0.09854270413511396,0,🟢 OK
87,102,76,0.08827210986287082,0,🟢 OK
87,103,75,0.09210439413284888,0,🟢 OK
87,104,74,0.10826892614940409,0,🟢 OK
87,105,73,0.10483877900269106,0,🟢 OK
87,106,72,0.10477110888935459,0,🟢 OK
87,107,71,0.10426145129840675,0,🟢 OK
87,108,70,0.10067331132653728,0,🟢 OK
87,109,69,0.09449112927919168,0,🟢 OK
87,110,68,0.09735960769441815,0,🟢 OK
87,111,67,0.09165667251785581,0,🟢 OK
87,112,66,0.0931806997038323,0,🟢 OK
87,113,65,0.05620649548317175,0,🟢 OK
87,114,64,0.06722480189377855,0,🟢 OK
87,115,63,0.0675212978399628,0,🟢 OK
87,116,62,0.06735617862727306,0,🟢 OK
87,117,61,0.06981702041912774,0,🟢 OK
87,118,60,0.0666492468476308,0,🟢 OK
87,119,59,0.06111208088041392,0,🟢 OK
87,120,58,0.06227076297721296,0,🟢 OK
87,121,57,0.05933511242048373,0,🟢 OK
87,122,56,0.0671813941567419,0,🟢 OK
87,123,55,0.07581476924418645,0,🟢 OK
87,124,54,0.07316638274548842,0,🟢 OK
87,125,53,0.07982046615464955,0,🟢 OK
87,126,52,0.0805782808636617,0,🟢 OK
87,127,51,0.0773509031674518,0,🟢 OK
87,128,50,0.08317650342778904,0,🟢 OK
87,129,49,0.07817640188339808,0,🟢 OK
87,130,48,0.0730783899031276,0,🟢 OK
87,131,47,0.07322313486748155,0,🟢 OK
87,132,46,0.06813549216987425,0,🟢 OK
87,133,45,0.058610924369174255,0,🟢 OK
87,134,44,0.062112579622493724,0,🟢 OK
87,135,43,0.057412052184101336,0,🟢 OK
87,136,42,0.04686442715772038,0,🟢 OK
87,137,41,0.05589066594138936,0,🟢 OK
87,138,40,0.04896159972031455,0,🟢 OK
87,139,39,0.04741120059161141,0,🟢 OK
87,140,38,0.040731582467423255,0,🟢 OK
87,141,37,0.0435648265384625,0,🟢 OK
87,142,36,0.022445784134464686,0,🟢 OK
87,143,35,0.008140235524786543,0,🟢 OK
87,144,34,0.0155990995858592,0,🟢 OK
87,145,33,0.022897869071829724,0,🟢 OK
87,146,32,0.019832237523206286,0,🟢 OK
87,147,31,0.010616621235396473,0,🟢 OK
87,148,30,0.01449533220847704,0,🟢 OK
87,149,29,-0.0009608111326149249,1,🟢 OK
87,150,28,0.011525340645960225,0,🟢 OK
87,151,27,0.010726239018632122,0,🟢 OK
87,152,26,0.01499085896966823,0,🟢 OK
87,153,25,0.0052490095704064155,0,🟢 OK
87,154,24,0.007389724255329189,0,🟢 OK
87,155,23,0.001930369150404232,0,🟢 OK
87,156,22,0.0018036439457322917,0,🟢 OK
87,157,21,-0.0026175085810435927,1,🟢 OK
87,158,20,-0.00874379308891704,1,🟢 OK
87,159,19,-0.013911129131287225,1,🟢 OK
87,160,18,-0.015584821707186669,1,🟢 OK
87,161,17,-0.013018300963610785,1,🟢 OK
87,162,16,-0.009904273555537246,1,🟢 OK
87,163,15,-0.014892942600862713,1,🟢 OK
87,164,14,-0.018166093496540858,1,🟢 OK
87,165,13,-0.014371576557911214,1,🟢 OK
87,166,12,-0.012566071520734412,1,🟢 OK
87,167,11,-0.01589726120195334,1,🟢 OK
87,168,10,-0.018216393213481674,1,🟢 OK
87,169,9,-0.015209653850495553,1,🔴 ALERT
87,170,8,-0.015547735752766134,1,🔴 ALERT
87,171,7,-0.013920099575762457,1,🔴 ALERT
87,172,6,-0.020005120435729773,1,🔴 ALERT
87,173,5,-0.023880738603279883,1,🔴 ALERT
87,174,4,-0.02941042995366383,1,🔴 ALERT
87,175,3,-0.035225053440852694,1,🔴 ALERT
87,176,2,-0.0283049987179258,1,🔴 ALERT
87,177,1,-0.035139265731543246,1,🔴 ALERT
87,178,0,-0.03275355040754635,1,🔴 ALERT
88,1,212,0.07601096940983504,0,🟢 OK
88,2,211,-0.03216857944705742,0,🟢 OK
88,3,210,-0.007414963683429976,0,🟢 OK
88,4,209,0.01530322538723955,0,🟢 OK
88,5,208,0.04986865613046321,0,🟢 OK
88,6,207,0.0678753518560149,0,🟢 OK
88,7,206,0.06963545209007749,0,🟢 OK
88,8,205,0.06679395672158195,0,🟢 OK
88,9,204,0.07794702510922952,0,🟢 OK
88,10,203,0.08334710145182311,0,🟢 OK
88,11,202,0.10219991746375306,0,🟢 OK
88,12,201,0.0968877870257473,0,🟢 OK
88,13,200,0.0908114352085928,0,🟢 OK
88,14,199,0.0913069564974987,0,🟢 OK
88,15,198,0.09087100445315216,0,🟢 OK
88,16,197,0.09217433233899269,0,🟢 OK
88,17,196,0.09641136262589589,0,🟢 OK
88,18,195,0.1091846218097196,0,🟢 OK
88,19,194,0.09839797021485475,0,🟢 OK
88,20,193,0.10239275206082371,0,🟢 OK
88,21,192,0.09945603358378008,0,🟢 OK
88,22,191,0.10444994189943757,0,🟢 OK
88,23,190,0.10599654723138968,0,🟢 OK
88,24,189,0.10232831204991871,0,🟢 OK
88,25,188,0.10120778157148547,0,🟢 OK
88,26,187,0.10045896928713055,0,🟢 OK
88,27,186,0.10193177281848304,0,🟢 OK
88,28,185,0.11203438247013181,0,🟢 OK
88,29,184,0.11183663916657843,0,🟢 OK
88,30,183,0.10457590856805371,0,🟢 OK
88,31,182,0.10422858551417014,0,🟢 OK
88,32,181,0.0933821152854083,0,🟢 OK
88,33,180,0.09691521098200179,0,🟢 OK
88,34,179,0.10555482142245576,0,🟢 OK
88,35,178,0.09932554749054623,0,🟢 OK
88,36,177,0.10117893900754565,0,🟢 OK
88,37,176,0.10901368443165571,0,🟢 OK
88,38,175,0.10278507209945736,0,🟢 OK
88,39,174,0.1065073580463588,0,🟢 OK
88,40,173,0.09907217047195971,0,🟢 OK
88,41,172,0.10617621021194223,0,🟢 OK
88,42,171,0.10428761731530878,0,🟢 OK
88,43,170,0.10024798395598833,0,🟢 OK
88,44,169,0.09900028832474439,0,🟢 OK
88,45,168,0.09279801524726011,0,🟢 OK
88,46,167,0.09445775128974238,0,🟢 OK
88,47,166,0.08858702620275422,0,🟢 OK
88,48,165,0.07362592846795235,0,🟢 OK
88,49,164,0.07086216876801787,0,🟢 OK
88,50,163,0.08550053291241994,0,🟢 OK
88,51,162,0.0750679774861639,0,🟢 OK
88,52,161,0.0866315016493025,0,🟢 OK
88,53,160,0.09052226287567627,0,🟢 OK
88,54,159,0.09167949042114465,0,🟢 OK
88,55,158,0.10005844563106964,0,🟢 OK
88,56,157,0.09395963244212752,0,🟢 OK
88,57,156,0.09442462394816575,0,🟢 OK
88,58,155,0.10533530772262878,0,🟢 OK
88,59,154,0.10906747449932575,0,🟢 OK
88,60,153,0.10755090112157173,0,🟢 OK
88,61,152,0.11658976515307062,0,🟢 OK
88,62,151,0.10919999687668402,0,🟢 OK
88,63,150,0.10637292085728284,0,🟢 OK
88,64,149,0.10805209852267267,0,🟢 OK
88,65,148,0.10916350618633308,0,🟢 OK
88,66,147,0.11245685274107814,0,🟢 OK
88,67,146,0.11587249005907557,0,🟢 OK
88,68,145,0.1127033663225449,0,🟢 OK
88,69,144,0.10538020515019697,0,🟢 OK
88,70,143,0.11291836324891752,0,🟢 OK
88,71,142,0.1066545634638924,0,🟢 OK
88,72,141,0.10974815310163355,0,🟢 OK
88,73,140,0.11386582556221159,0,🟢 OK
88,74,139,0.11932915984388026,0,🟢 OK
88,75,138,0.11638292041903725,0,🟢 OK
88,76,137,0.10717739540861282,0,🟢 OK
88,77,136,0.10845414043439566,0,🟢 OK
88,78,135,0.09939325774047791,0,🟢 OK
88,79,134,0.11596451382002532,0,🟢 OK
88,80,133,0.09825462879989749,0,🟢 OK
88,81,132,0.09555929231403493,0,🟢 OK
88,82,131,0.10000336233564588,0,🟢 OK
88,83,130,0.09313072790435634,0,🟢 OK
88,84,129,0.10435979196435075,0,🟢 OK
88,85,128,0.10326607409224159,0,🟢 OK
88,86,127,0.10494690025503617,0,🟢 OK
88,87,126,0.11489859821733339,0,🟢 OK
88,88,125,0.11847452620699483,0,🟢 OK
88,89,124,0.11787244749980075,0,🟢 OK
88,90,123,0.11340407355749732,0,🟢 OK
88,91,122,0.10704221595596691,0,🟢 OK
88,92,121,0.0888436763744771,0,🟢 OK
88,93,120,0.0839591878023831,0,🟢 OK
88,94,119,0.09904571036479137,0,🟢 OK
88,95,118,0.0784637794859856,0,🟢 OK
88,96,117,0.07692222796869674,0,🟢 OK
88,97,116,0.08057638368119141,0,🟢 OK
88,98,115,0.08801505565563117,0,🟢 OK
88,99,114,0.08961354638171237,0,🟢 OK
88,100,113,0.10535944308543027,0,🟢 OK
88,101,112,0.10477635078084457,0,🟢 OK
88,102,111,0.09746178215992723,0,🟢 OK
88,103,110,0.10463124625411885,0,🟢 OK
88,104,109,0.10157026713266742,0,🟢 OK
88,105,108,0.10710182004201513,0,🟢 OK
88,106,107,0.10855501976713011,0,🟢 OK
88,107,106,0.10459123322787722,0,🟢 OK
88,108,105,0.09828964585021,0,🟢 OK
88,109,104,0.09382429126423686,0,🟢 OK
88,110,103,0.09902989949265828,0,🟢 OK
88,111,102,0.09743468750960743,0,🟢 OK
88,112,101,0.10169172276350658,0,🟢 OK
88,113,100,0.10845801519420839,0,🟢 OK
88,114,99,0.11702103912074602,0,🟢 OK
88,115,98,0.11118842007691976,0,🟢 OK
88,116,97,0.10765873827671457,0,🟢 OK
88,117,96,0.11658891383387282,0,🟢 OK
88,118,95,0.12170374306839737,0,🟢 OK
88,119,94,0.11533708059629061,0,🟢 OK
88,120,93,0.11731841779101193,0,🟢 OK
88,121,92,0.12079312487922439,0,🟢 OK
88,122,91,0.11257347260559125,0,🟢 OK
88,123,90,0.1122494852960349,0,🟢 OK
88,124,89,0.1174903131094106,0,🟢 OK
88,125,88,0.11471499941065494,0,🟢 OK
88,126,87,0.11710130460734158,0,🟢 OK
88,127,86,0.10796679650305352,0,🟢 OK
88,128,85,0.1090026795725334,0,🟢 OK
88,129,84,0.10492861611985066,0,🟢 OK
88,130,83,0.10897783797549143,0,🟢 OK
88,131,82,0.10221303632290335,0,🟢 OK
88,132,81,0.10828335371244485,0,🟢 OK
88,133,80,0.10566971769024225,0,🟢 OK
88,134,79,0.10708223771709957,0,🟢 OK
88,135,78,0.09887763140135336,0,🟢 OK
88,136,77,0.10099768782013835,0,🟢 OK
88,137,76,0.10947264937883039,0,🟢 OK
88,138,75,0.11115529893803744,0,🟢 OK
88,139,74,0.10842250348688454,0,🟢 OK
88,140,73,0.11057187263513346,0,🟢 OK
88,141,72,0.10890475344190065,0,🟢 OK
88,142,71,0.10405882683546158,0,🟢 OK
88,143,70,0.09974661745471519,0,🟢 OK
88,144,69,0.08529656756140874,0,🟢 OK
88,145,68,0.08469474539465699,0,🟢 OK
88,146,67,0.08103304417559087,0,🟢 OK
88,147,66,0.08593916247035088,0,🟢 OK
88,148,65,0.08732937922259548,0,🟢 OK
88,149,64,0.0653636427427754,0,🟢 OK
88,150,63,0.04901884044363691,0,🟢 OK
88,151,62,0.06385961088826031,0,🟢 OK
88,152,61,0.0656169701818563,0,🟢 OK
88,153,60,0.0805642340250321,0,🟢 OK
88,154,59,0.0737727260182276,0,🟢 OK
88,155,58,0.09209943090906675,0,🟢 OK
88,156,57,0.09011696982174844,0,🟢 OK
88,157,56,0.10601989807897999,0,🟢 OK
88,158,55,0.09730391558976109,0,🟢 OK
88,159,54,0.0855787407199714,0,🟢 OK
88,160,53,0.08371437685611527,0,🟢 OK
88,161,52,0.06888368797501965,0,🟢 OK
88,162,51,0.0682150184007056,0,🟢 OK
88,163,50,0.06936133657654864,0,🟢 OK
88,164,49,0.060664283357183935,0,🟢 OK
88,165,48,0.06131361333714902,0,🟢 OK
88,166,47,0.054504928307769096,0,🟢 OK
88,167,46,0.06837856295126737,0,🟢 OK
88,168,45,0.0682921081159481,0,🟢 OK
88,169,44,0.06382938983902697,0,🟢 OK
88,170,43,0.0724121073209576,0,🟢 OK
88,171,42,0.06216464875979555,0,🟢 OK
88,172,41,0.07167805410067113,0,🟢 OK
88,173,40,0.042661850973807036,0,🟢 OK
88,174,39,0.05715420243236591,0,🟢 OK
88,175,38,0.03991550218081863,0,🟢 OK
88,176,37,0.04259779447432499,0,🟢 OK
88,177,36,0.05088760567527045,0,🟢 OK
88,178,35,0.029311706739302446,0,🟢 OK
88,179,34,0.009599532219344009,0,🟢 OK
88,180,33,0.01841720717385331,0,🟢 OK
88,181,32,0.028018582811686232,0,🟢 OK
88,182,31,0.014575331730263374,0,🟢 OK
88,183,30,0.017962840793821766,0,🟢 OK
88,184,29,0.010914426010519562,0,🟢 OK
88,185,28,0.029244087825230636,0,🟢 OK
88,186,27,0.03101348409637472,0,🟢 OK
88,187,26,0.022111884004342275,0,🟢 OK
88,188,25,0.0222289296192007,0,🟢 OK
88,189,24,0.020387504166862525,0,🟢 OK
88,190,23,0.0069284695766587134,0,🟢 OK
88,191,22,0.005709490234329873,0,🟢 OK
88,192,21,-0.00017344326287416223,1,🟢 OK
88,193,20,-0.000993689633964956,1,🟢 OK
88,194,19,-0.006292010176248697,1,🟢 OK
88,195,18,-0.014419102989946309,1,🟢 OK
88,196,17,-0.021443281346566923,1,🟢 OK
88,197,16,-0.04096557058833972,1,🟢 OK
88,198,15,-0.04588550100916433,1,🟢 OK
88,199,14,-0.040232110791522335,1,🟢 OK
88,200,13,-0.044764792346342674,1,🟢 OK
88,201,12,-0.043277276188155356,1,🟢 OK
88,202,11,-0.05001251569994869,1,🟢 OK
88,203,10,-0.0484453117459398,1,🟢 OK
88,204,9,-0.04986593132943473,1,🟢 OK
88,205,8,-0.04536458108579,1,🔴 ALERT
88,206,7,-0.04237380357633391,1,🔴 ALERT
88,207,6,-0.02807842456072862,1,🔴 ALERT
88,208,5,-0.03803527500751969,1,🔴 ALERT
88,209,4,-0.045988581110009474,1,🔴 ALERT
88,210,3,-0.048976866149154974,1,🔴 ALERT
88,211,2,-0.045462560876169955,1,🔴 ALERT
88,212,1,-0.05085324969550298,1,🔴 ALERT
88,213,0,-0.04813672629042476,1,🔴 ALERT
89,1,216,0.05287529590074064,0,🟢 OK
89,2,215,0.013299332011579068,0,🟢 OK
89,3,214,-0.00838006230002164,0,🟢 OK
89,4,213,0.013692161625783739,0,🟢 OK
89,5,212,0.023346882106660527,0,🟢 OK
89,6,211,0.02361279165073077,0,🟢 OK
89,7,210,0.044520343851336686,0,🟢 OK
89,8,209,0.04811808930560041,0,🟢 OK
89,9,208,0.06375793928632434,0,🟢 OK
89,10,207,0.07178645175451676,0,🟢 OK
89,11,206,0.07447568330108811,0,🟢 OK
89,12,205,0.0848369731634574,0,🟢 OK
89,13,204,0.09442933758120364,0,🟢 OK
89,14,203,0.1046029675242412,0,🟢 OK
89,15,202,0.1085104041363309,0,🟢 OK
89,16,201,0.10799720351171621,0,🟢 OK
89,17,200,0.09889833540937176,0,🟢 OK
89,18,199,0.10200230913538577,0,🟢 OK
89,19,198,0.1076403948750147,0,🟢 OK
89,20,197,0.10457260534871193,0,🟢 OK
89,21,196,0.10446501493261534,0,🟢 OK
89,22,195,0.1028330701515141,0,🟢 OK
89,23,194,0.10373336395047539,0,🟢 OK
89,24,193,0.10582488978501547,0,🟢 OK
89,25,192,0.0978161506901224,0,🟢 OK
89,26,191,0.09740591437020013,0,🟢 OK
89,27,190,0.10545079087969517,0,🟢 OK
89,28,189,0.10366885738250126,0,🟢 OK
89,29,188,0.09728679486549752,0,🟢 OK
89,30,187,0.09692700826911999,0,🟢 OK
89,31,186,0.09208115953663737,0,🟢 OK
89,32,185,0.08739055606462859,0,🟢 OK
89,33,184,0.09276279850958485,0,🟢 OK
89,34,183,0.09761598663784166,0,🟢 OK
89,35,182,0.09660152463683652,0,🟢 OK
89,36,181,0.09528359304318684,0,🟢 OK
89,37,180,0.1054936826314643,0,🟢 OK
89,38,179,0.10750241890603746,0,🟢 OK
89,39,178,0.11586112802407966,0,🟢 OK
89,40,177,0.11602370403085766,0,🟢 OK
89,41,176,0.10488410580252949,0,🟢 OK
89,42,175,0.10475538100145065,0,🟢 OK
89,43,174,0.10009066827648655,0,🟢 OK
89,44,173,0.10443385852838666,0,🟢 OK
89,45,172,0.10183317485363819,0,🟢 OK
89,46,171,0.09757390609030264,0,🟢 OK
89,47,170,0.07878528495291587,0,🟢 OK
89,48,169,0.08755114839738043,0,🟢 OK
89,49,168,0.08944926474254894,0,🟢 OK
89,50,167,0.08745328333724744,0,🟢 OK
89,51,166,0.09529421869764354,0,🟢 OK
89,52,165,0.08953720364571638,0,🟢 OK
89,53,164,0.09357765783724176,0,🟢 OK
89,54,163,0.09811118927175466,0,🟢 OK
89,55,162,0.09784773572562377,0,🟢 OK
89,56,161,0.09794079018510826,0,🟢 OK
89,57,160,0.08916062940818287,0,🟢 OK
89,58,159,0.08890856216288634,0,🟢 OK
89,59,158,0.08534060704799595,0,🟢 OK
89,60,157,0.08283579965340487,0,🟢 OK
89,61,156,0.08380732899276183,0,🟢 OK
89,62,155,0.08394942416392015,0,🟢 OK
89,63,154,0.0960238022692933,0,🟢 OK
89,64,153,0.10631289725914683,0,🟢 OK
89,65,152,0.10544851589301452,0,🟢 OK
89,66,151,0.10746544719215395,0,🟢 OK
89,67,150,0.09891820188578648,0,🟢 OK
89,68,149,0.10489011982361052,0,🟢 OK
89,69,148,0.11197530634652103,0,🟢 OK
89,70,147,0.11614411151670528,0,🟢 OK
89,71,146,0.10859429434184265,0,🟢 OK
89,72,145,0.10921562739501567,0,🟢 OK
89,73,144,0.10546346232810372,0,🟢 OK
89,74,143,0.10601616390566582,0,🟢 OK
89,75,142,0.08366881296796469,0,🟢 OK
89,76,141,0.08105095782568195,0,🟢 OK
89,77,140,0.08424161434967559,0,🟢 OK
89,78,139,0.08025755290073938,0,🟢 OK
89,79,138,0.06714833010101295,0,🟢 OK
89,80,137,0.05530291163175338,0,🟢 OK
89,81,136,0.05475560633789334,0,🟢 OK
89,82,135,0.06235497261320311,0,🟢 OK
89,83,134,0.07147209812429328,0,🟢 OK
89,84,133,0.07216775988120744,0,🟢 OK
89,85,132,0.09279172882062175,0,🟢 OK
89,86,131,0.09760463791612967,0,🟢 OK
89,87,130,0.09891208988657407,0,🟢 OK
89,88,129,0.10293798965900924,0,🟢 OK
89,89,128,0.10469133774337458,0,🟢 OK
89,90,127,0.11273652551380264,0,🟢 OK
89,91,126,0.11731540247145295,0,🟢 OK
89,92,125,0.11021222218354615,0,🟢 OK
89,93,124,0.1074457696449827,0,🟢 OK
89,94,123,0.11404425370292309,0,🟢 OK
89,95,122,0.0991331951490313,0,🟢 OK
89,96,121,0.0953723500253752,0,🟢 OK
89,97,120,0.10016909657943535,0,🟢 OK
89,98,119,0.09663910070654019,0,🟢 OK
89,99,118,0.09808841967627391,0,🟢 OK
89,100,117,0.10907461961182574,0,🟢 OK
89,101,116,0.10548313711841978,0,🟢 OK
89,102,115,0.10744451471422906,0,🟢 OK
89,103,114,0.10119802915666781,0,🟢 OK
89,104,113,0.1030057361245621,0,🟢 OK
89,105,112,0.1072157423967201,0,🟢 OK
89,106,111,0.11426802666356017,0,🟢 OK
89,107,110,0.11188202598139119,0,🟢 OK
89,108,109,0.10494803033995992,0,🟢 OK
89,109,108,0.10324635738593485,0,🟢 OK
89,110,107,0.11082688427722714,0,🟢 OK
89,111,106,0.11578794098303896,0,🟢 OK
89,112,105,0.11585430508632633,0,🟢 OK
89,113,104,0.11083001054338076,0,🟢 OK
89,114,103,0.11225793172186532,0,🟢 OK
89,115,102,0.1124328728082768,0,🟢 OK
89,116,101,0.10874574902981804,0,🟢 OK
89,117,100,0.11530514829147309,0,🟢 OK
89,118,99,0.11828792377631209,0,🟢 OK
89,119,98,0.11410048229905789,0,🟢 OK
89,120,97,0.10980821321749185,0,🟢 OK
89,121,96,0.10469909137193656,0,🟢 OK
89,122,95,0.10224523700767257,0,🟢 OK
89,123,94,0.11471461685752482,0,🟢 OK
89,124,93,0.11651856120393128,0,🟢 OK
89,125,92,0.11745149814676031,0,🟢 OK
89,126,91,0.12013735456860203,0,🟢 OK
89,127,90,0.11255314132212785,0,🟢 OK
89,128,89,0.10640734564677728,0,🟢 OK
89,129,88,0.1072614479424252,0,🟢 OK
89,130,87,0.11508675557702691,0,🟢 OK
89,131,86,0.11773604456331016,0,🟢 OK
89,132,85,0.12020493935727605,0,🟢 OK
89,133,84,0.11838335019648327,0,🟢 OK
89,134,83,0.11329248292868455,0,🟢 OK
89,135,82,0.10868844614748285,0,🟢 OK
89,136,81,0.10790783397961906,0,🟢 OK
89,137,80,0.11262888398177423,0,🟢 OK
89,138,79,0.11553576122039577,0,🟢 OK
89,139,78,0.11405728022714445,0,🟢 OK
89,140,77,0.11058681394005887,0,🟢 OK
89,141,76,0.11715349195493685,0,🟢 OK
89,142,75,0.11709457668817208,0,🟢 OK
89,143,74,0.11656430583912203,0,🟢 OK
89,144,73,0.1106236262319823,0,🟢 OK
89,145,72,0.11767077884426075,0,🟢 OK
89,146,71,0.11520637350858187,0,🟢 OK
89,147,70,0.11735632719187133,0,🟢 OK
89,148,69,0.13324670859847182,0,🟢 OK
89,149,68,0.1274366548909317,0,🟢 OK
89,150,67,0.12330751732869633,0,🟢 OK
89,151,66,0.11650323223456499,0,🟢 OK
89,152,65,0.11645695271342021,0,🟢 OK
89,153,64,0.11960383071257513,0,🟢 OK
89,154,63,0.10727574635845838,0,🟢 OK
89,155,62,0.10239180870011788,0,🟢 OK
89,156,61,0.09589726168234813,0,🟢 OK
89,157,60,0.10119805828677719,0,🟢 OK
89,158,59,0.10883642889443867,0,🟢 OK
89,159,58,0.11504662635554769,0,🟢 OK
89,160,57,0.10380432786339194,0,🟢 OK
89,161,56,0.09679786534030022,0,🟢 OK
89,162,55,0.0969554564520208,0,🟢 OK
89,163,54,0.09358839965478338,0,🟢 OK
89,164,53,0.09966759132301317,0,🟢 OK
89,165,52,0.10219631109593053,0,🟢 OK
89,166,51,0.09507452123335547,0,🟢 OK
89,167,50,0.08803679116197144,0,🟢 OK
89,168,49,0.08972310953015056,0,🟢 OK
89,169,48,0.08450822173281403,0,🟢 OK
89,170,47,0.08565984255112019,0,🟢 OK
89,171,46,0.07316278917334812,0,🟢 OK
89,172,45,0.07848393992210739,0,🟢 OK
89,173,44,0.08018226707473108,0,🟢 OK
89,174,43,0.07615413046552089,0,🟢 OK
89,175,42,0.05067026082072207,0,🟢 OK
89,176,41,0.05129610790775452,0,🟢 OK
89,177,40,0.05517063340387529,0,🟢 OK
89,178,39,0.06546676775030008,0,🟢 OK
89,179,38,0.06073793958182888,0,🟢 OK
89,180,37,0.051909179063605926,0,🟢 OK
89,181,36,0.05237669696525865,0,🟢 OK
89,182,35,0.0508617693961374,0,🟢 OK
89,183,34,0.031894430153560915,0,🟢 OK
89,184,33,0.02554681814774834,0,🟢 OK
89,185,32,0.03646961925574371,0,🟢 OK
89,186,31,0.03908083705705029,0,🟢 OK
89,187,30,0.03664608155881688,0,🟢 OK
89,188,29,0.02429817858424199,0,🟢 OK
89,189,28,0.016996817728092806,0,🟢 OK
89,190,27,0.004866269414519064,0,🟢 OK
89,191,26,0.001639104043849926,0,🟢 OK
89,192,25,0.010257701972825384,0,🟢 OK
89,193,24,0.008288445868331107,0,🟢 OK
89,194,23,-0.0068974998885587,1,🟢 OK
89,195,22,-0.01235970146464771,1,🟢 OK
89,196,21,-0.01064407679781565,1,🟢 OK
89,197,20,-0.015436659405830833,1,🟢 OK
89,198,19,-0.01935829420273849,1,🟢 OK
89,199,18,-0.03541360828544726,1,🟢 OK
89,200,17,-0.03365463562439874,1,🟢 OK
89,201,16,-0.02902040913356896,1,🟢 OK
89,202,15,-0.041470028395722,1,🟢 OK
89,203,14,-0.04110189483349047,1,🟢 OK
89,204,13,-0.03319921297318296,1,🟢 OK
89,205,12,-0.02772228037527913,1,🔴 ALERT
89,206,11,-0.02498547961443731,1,🔴 ALERT
89,207,10,-0.03110488783941545,1,🔴 ALERT
89,208,9,-0.02952202869728604,1,🔴 ALERT
89,209,8,-0.031742786234248976,1,🔴 ALERT
89,210,7,-0.03676485074533242,1,🔴 ALERT
89,211,6,-0.034079372315341416,1,🔴 ALERT
89,212,5,-0.03413214871096537,1,🔴 ALERT
89,213,4,-0.03119256648171176,1,🔴 ALERT
89,214,3,-0.03577147007853321,1,🔴 ALERT
89,215,2,-0.03691490357210381,1,🔴 ALERT
89,216,1,-0.032350538864425515,1,🔴 ALERT
89,217,0,-0.04040319199585052,1,🔴 ALERT
90,1,153,0.08889172360853281,0,🟢 OK
90,2,152,0.0315893563096154,0,🟢 OK
90,3,151,0.05343385266559919,0,🟢 OK
90,4,150,0.06450150116736642,0,🟢 OK
90,5,149,0.06762232561185016,0,🟢 OK
90,6,148,0.07643352302130252,0,🟢 OK
90,7,147,0.0931417023966386,0,🟢 OK
90,8,146,0.10231276723772553,0,🟢 OK
90,9,145,0.09718854967839907,0,🟢 OK
90,10,144,0.09962724502317771,0,🟢 OK
90,11,143,0.10408502999107194,0,🟢 OK
90,12,142,0.09763715468617118,0,🟢 OK
90,13,141,0.0974215332205568,0,🟢 OK
90,14,140,0.08744862502721162,0,🟢 OK
90,15,139,0.08855582486229824,0,🟢 OK
90,16,138,0.08000197202305198,0,🟢 OK
90,17,137,0.08017397326055048,0,🟢 OK
90,18,136,0.0731544618881696,0,🟢 OK
90,19,135,0.07724518523271706,0,🟢 OK
90,20,134,0.08568263305879437,0,🟢 OK
90,21,133,0.07840796677731748,0,🟢 OK
90,22,132,0.0737736834789447,0,🟢 OK
90,23,131,0.06966081751583708,0,🟢 OK
90,24,130,0.0759198674995204,0,🟢 OK
90,25,129,0.05669366661099512,0,🟢 OK
90,26,128,0.06612819382207225,0,🟢 OK
90,27,127,0.06491464615307913,0,🟢 OK
90,28,126,0.050838913079964076,0,🟢 OK
90,29,125,0.050232436113997525,0,🟢 OK
90,30,124,0.055023946644378596,0,🟢 OK
90,31,123,0.049136624830731446,0,🟢 OK
90,32,122,0.0653719838462683,0,🟢 OK
90,33,121,0.07395641867648867,0,🟢 OK
90,34,120,0.07093984636066603,0,🟢 OK
90,35,119,0.0876275766387477,0,🟢 OK
90,36,118,0.08807471607320594,0,🟢 OK
90,37,117,0.0843601063216779,0,🟢 OK
90,38,116,0.0889978518968444,0,🟢 OK
90,39,115,0.08303449401253687,0,🟢 OK
90,40,114,0.08856952307645583,0,🟢 OK
90,41,113,0.08396066558726617,0,🟢 OK
90,42,112,0.07019778470107363,0,🟢 OK
90,43,111,0.07706789458060853,0,🟢 OK
90,44,110,0.07692775406486724,0,🟢 OK
90,45,109,0.07145623999646245,0,🟢 OK
90,46,108,0.0876530133362442,0,🟢 OK
90,47,107,0.0898676833162399,0,🟢 OK
90,48,106,0.09077585142558542,0,🟢 OK
90,49,105,0.07790347292241195,0,🟢 OK
90,50,104,0.07763926469724486,0,🟢 OK
90,51,103,0.08726531600869014,0,🟢 OK
90,52,102,0.07506876569352533,0,🟢 OK
90,53,101,0.07827969599596635,0,🟢 OK
90,54,100,0.10288304798094228,0,🟢 OK
90,55,99,0.09363080668754548,0,🟢 OK
90,56,98,0.08868957280419437,0,🟢 OK
90,57,97,0.0809487849673256,0,🟢 OK
90,58,96,0.08098520987490238,0,🟢 OK
90,59,95,0.08982755079026489,0,🟢 OK
90,60,94,0.08830866841885526,0,🟢 OK
90,61,93,0.0824184072273213,0,🟢 OK
90,62,92,0.078884326536875,0,🟢 OK
90,63,91,0.08128417378183772,0,🟢 OK
90,64,90,0.08562245704302113,0,🟢 OK
90,65,89,0.09314116582506293,0,🟢 OK
90,66,88,0.11178874673546751,0,🟢 OK
90,67,87,0.11039504680730361,0,🟢 OK
90,68,86,0.11346191686020635,0,🟢 OK
90,69,85,0.11838958353339418,0,🟢 OK
90,70,84,0.11064861673682713,0,🟢 OK
90,71,83,0.11022632921988729,0,🟢 OK
90,72,82,0.10788238486238805,0,🟢 OK
90,73,81,0.1141108005985571,0,🟢 OK
90,74,80,0.1220033319967857,0,🟢 OK
90,75,79,0.12084579023180608,0,🟢 OK
90,76,78,0.11956627119038782,0,🟢 OK
90,77,77,0.1100426401073793,0,🟢 OK
90,78,76,0.1046243400503356,0,🟢 OK
90,79,75,0.10076470430008427,0,🟢 OK
90,80,74,0.1029948023395898,0,🟢 OK
90,81,73,0.09853511720197555,0,🟢 OK
90,82,72,0.09992206856048041,0,🟢 OK
90,83,71,0.10153387702914796,0,🟢 OK
90,84,70,0.10923896664566246,0,🟢 OK
90,85,69,0.1142898309705403,0,🟢 OK
90,86,68,0.0983246756096301,0,🟢 OK
90,87,67,0.09999034750740937,0,🟢 OK
90,88,66,0.10152252953783597,0,🟢 OK
90,89,65,0.09684842346014233,0,🟢 OK
90,90,64,0.0940452403285924,0,🟢 OK
90,91,63,0.09701572192239172,0,🟢 OK
90,92,62,0.10093433224770448,0,🟢 OK
90,93,61,0.10000829130089178,0,🟢 OK
90,94,60,0.09676218651120044,0,🟢 OK
90,95,59,0.10358353675740656,0,🟢 OK
90,96,58,0.12289251491005371,0,🟢 OK
90,97,57,0.12550448155188443,0,🟢 OK
90,98,56,0.1219408819344609,0,🟢 OK
90,99,55,0.13118673358699068,0,🟢 OK
90,100,54,0.12712241194206542,0,🟢 OK
90,101,53,0.13133810730270173,0,🟢 OK
90,102,52,0.12453909221750031,0,🟢 OK
90,103,51,0.12727461096809212,0,🟢 OK
90,104,50,0.13451346803338404,0,🟢 OK
90,105,49,0.13368280770334523,0,🟢 OK
90,106,48,0.11979684461150719,0,🟢 OK
90,107,47,0.12889949501271147,0,🟢 OK
90,108,46,0.13299937701209402,0,🟢 OK
90,109,45,0.12742264303056522,0,🟢 OK
90,110,44,0.12429952620582746,0,🟢 OK
90,111,43,0.12658803062447532,0,🟢 OK
90,112,42,0.12162176838372324,0,🟢 OK
90,113,41,0.11534533115212359,0,🟢 OK
90,114,40,0.12747196182477843,0,🟢 OK
90,115,39,0.12190224255000748,0,🟢 OK
90,116,38,0.12259513480203255,0,🟢 OK
90,117,37,0.11866846848298357,0,🟢 OK
90,118,36,0.11969555732245613,0,🟢 OK
90,119,35,0.11132615361492387,0,🟢 OK
90,120,34,0.11938289782744022,0,🟢 OK
90,121,33,0.1059833678643467,0,🟢 OK
90,122,32,0.10519539031845276,0,🟢 OK
90,123,31,0.10689344198964579,0,🟢 OK
90,124,30,0.09630342750910703,0,🟢 OK
90,125,29,0.08537518427792834,0,🟢 OK
90,126,28,0.07277834800896127,0,🟢 OK
90,127,27,0.07725873220279217,0,🟢 OK
90,128,26,0.07072257001462895,0,🟢 OK
90,129,25,0.05504506479264154,0,🟢 OK
90,130,24,0.048380392846430975,0,🟢 OK
90,131,23,0.055322666766981,0,🟢 OK
90,132,22,0.05487314587619074,0,🟢 OK
90,133,21,0.03594739423389176,0,🟢 OK
90,134,20,0.024591932653790394,0,🟢 OK
90,135,19,0.025763387239029878,0,🟢 OK
90,136,18,0.02462248184930138,0,🟢 OK
90,137,17,0.023459025706711267,0,🟢 OK
90,138,16,0.006903102744123868,0,🟢 OK
90,139,15,-0.011807794658901472,1,🟢 OK
90,140,14,-0.019819198844537644,1,🟢 OK
90,141,13,-0.016132246866544908,1,🟢 OK
90,142,12,-0.011928116921433585,1,🟢 OK
90,143,11,-0.020185699542959123,1,🟢 OK
90,144,10,-0.004084294182147841,1,🟢 OK
90,145,9,-0.019605636322237774,1,🟢 OK
90,146,8,-0.02025990211213413,1,🟢 OK
90,147,7,-0.018959589924759546,1,🟢 OK
90,148,6,-0.025204412694366796,1,🟢 OK
90,149,5,-0.02661036941933481,1,🟢 OK
90,150,4,-0.03211796487484575,1,🟢 OK
90,151,3,-0.040108420507901976,1,🟢 OK
90,152,2,-0.039088464136755485,1,🔴 ALERT
90,153,1,-0.058511874615267856,1,🔴 ALERT
90,154,0,-0.07124673820265504,1,🔴 ALERT
91,1,134,0.10282367497003131,0,🟢 OK
91,2,133,0.03923830526687133,0,🟢 OK
91,3,132,0.054580811654997674,0,🟢 OK
91,4,131,0.05999336820537554,0,🟢 OK
91,5,130,0.057215994973267625,0,🟢 OK
91,6,129,0.05274414881087153,0,🟢 OK
91,7,128,0.050793145163702536,0,🟢 OK
91,8,127,0.0446745790536231,0,🟢 OK
91,9,126,0.05936126215928034,0,🟢 OK
91,10,125,0.062473039667002794,0,🟢 OK
91,11,124,0.05582771988194446,0,🟢 OK
91,12,123,0.06704367625505625,0,🟢 OK
91,13,122,0.06671050059351152,0,🟢 OK
91,14,121,0.062112392935755045,0,🟢 OK
91,15,120,0.08102005884252306,0,🟢 OK
91,16,119,0.08792965785535284,0,🟢 OK
91,17,118,0.09096184438131094,0,🟢 OK
91,18,117,0.0880428787757831,0,🟢 OK
91,19,116,0.08627161884052964,0,🟢 OK
91,20,115,0.08335871739543055,0,🟢 OK
91,21,114,0.0949570389315928,0,🟢 OK
91,22,113,0.09089201281677384,0,🟢 OK
91,23,112,0.0829185470038592,0,🟢 OK
91,24,111,0.08846007491713576,0,🟢 OK
91,25,110,0.09315483501784899,0,🟢 OK
91,26,109,0.08008997294567977,0,🟢 OK
91,27,108,0.08600657796869626,0,🟢 OK
91,28,107,0.0886543718579797,0,🟢 OK
91,29,106,0.08057076925344431,0,🟢 OK
91,30,105,0.07800549874983298,0,🟢 OK
91,31,104,0.07657439883640899,0,🟢 OK
91,32,103,0.07776163093139715,0,🟢 OK
91,33,102,0.06866472570132409,0,🟢 OK
91,34,101,0.0616297287363628,0,🟢 OK
91,35,100,0.056861658888148314,0,🟢 OK
91,36,99,0.060872575910885574,0,🟢 OK
91,37,98,0.058632371262701655,0,🟢 OK
91,38,97,0.05622747699040681,0,🟢 OK
91,39,96,0.05615287640495886,0,🟢 OK
91,40,95,0.06610561486276967,0,🟢 OK
91,41,94,0.059705733678579176,0,🟢 OK
91,42,93,0.0710635065372332,0,🟢 OK
91,43,92,0.07690782281613234,0,🟢 OK
91,44,91,0.07459939038180624,0,🟢 OK
91,45,90,0.07875065761786665,0,🟢 OK
91,46,89,0.08003174867115098,0,🟢 OK
91,47,88,0.08362736938354426,0,🟢 OK
91,48,87,0.07470521050760959,0,🟢 OK
91,49,86,0.07391443556734728,0,🟢 OK
91,50,85,0.07586951204450088,0,🟢 OK
91,51,84,0.07700292695359662,0,🟢 OK
91,52,83,0.08333479458316068,0,🟢 OK
91,53,82,0.08964042553953855,0,🟢 OK
91,54,81,0.08515146553093633,0,🟢 OK
91,55,80,0.07789604816193213,0,🟢 OK
91,56,79,0.07343923550155407,0,🟢 OK
91,57,78,0.08059807514315998,0,🟢 OK
91,58,77,0.07407565477346562,0,🟢 OK
91,59,76,0.06473355537995135,0,🟢 OK
91,60,75,0.07061096367360337,0,🟢 OK
91,61,74,0.08025066259721864,0,🟢 OK
91,62,73,0.079234488787572,0,🟢 OK
91,63,72,0.0746004305455299,0,🟢 OK
91,64,71,0.07356074204080748,0,🟢 OK
91,65,70,0.06344892730008378,0,🟢 OK
91,66,69,0.07092352176140909,0,🟢 OK
91,67,68,0.07012309797422195,0,🟢 OK
91,68,67,0.07071310266741437,0,🟢 OK
91,69,66,0.07385301051192017,0,🟢 OK
91,70,65,0.07875088344240394,0,🟢 OK
91,71,64,0.08591760105528312,0,🟢 OK
91,72,63,0.08411170387194111,0,🟢 OK
91,73,62,0.06913827585501281,0,🟢 OK
91,74,61,0.0743898499036571,0,🟢 OK
91,75,60,0.0651461061951652,0,🟢 OK
91,76,59,0.05779643622041647,0,🟢 OK
91,77,58,0.04666599802412391,0,🟢 OK
91,78,57,0.043294285171991465,0,🟢 OK
91,79,56,0.04762864151340013,0,🟢 OK
91,80,55,0.042890422219560465,0,🟢 OK
91,81,54,0.05237293976631979,0,🟢 OK
91,82,53,0.04666360185299662,0,🟢 OK
91,83,52,0.04982466440422606,0,🟢 OK
91,84,51,0.022023324712631187,0,🟢 OK
91,85,50,0.021196355639777675,0,🟢 OK
91,86,49,0.025913608950516143,0,🟢 OK
91,87,48,0.016924394992130554,0,🟢 OK
91,88,47,0.01866701101999424,0,🟢 OK
91,89,46,0.017750041216964496,0,🟢 OK
91,90,45,0.01213067726526551,0,🟢 OK
91,91,44,0.00700784969136814,0,🟢 OK
91,92,43,0.013708275104592604,0,🟢 OK
91,93,42,0.026838408068705688,0,🟢 OK
91,94,41,0.019573219430898403,0,🟢 OK
91,95,40,0.020100540665038025,0,🟢 OK
91,96,39,0.024144371370681206,0,🟢 OK
91,97,38,0.011988889655076218,0,🟢 OK
91,98,37,0.021213706140353727,0,🟢 OK
91,99,36,0.010600285991135439,0,🟢 OK
91,100,35,0.004746308520772069,0,🟢 OK
91,101,34,-0.0026335554867642497,1,🟢 OK
91,102,33,-0.003268458836029664,1,🟢 OK
91,103,32,-0.000995547602754998,1,🟢 OK
91,104,31,-0.005812137735316969,1,🟢 OK
91,105,30,0.0022698307092906544,0,🟢 OK
91,106,29,0.0009510652092022953,0,🟢 OK
91,107,28,0.004096485177518483,0,🟢 OK
91,108,27,0.00653337041437374,0,🟢 OK
91,109,26,-0.010501993974344037,1,🟢 OK
91,110,25,0.0014049748344365787,0,🟢 OK
91,111,24,-0.01383520908076108,1,🟢 OK
91,112,23,-0.00985483459710168,1,🟢 OK
91,113,22,-0.00903853091647766,1,🟢 OK
91,114,21,-0.006909362112916151,1,🟢 OK
91,115,20,-0.01934768360611061,1,🟢 OK
91,116,19,-0.02534022641920286,1,🟢 OK
91,117,18,-0.034885572759848715,1,🟢 OK
91,118,17,-0.03409204566929591,1,🟢 OK
91,119,16,-0.02169510323124424,1,🟢 OK
91,120,15,-0.0204520557572182,1,🟢 OK
91,121,14,-0.02033282443676898,1,🟢 OK
91,122,13,-0.02092244614370886,1,🔴 ALERT
91,123,12,-0.02126142842658918,1,🔴 ALERT
91,124,11,-0.02293708174776654,1,🔴 ALERT
91,125,10,-0.016304066546148355,1,🔴 ALERT
91,126,9,-0.024336092417101662,1,🔴 ALERT
91,127,8,-0.023972072012859225,1,🔴 ALERT
91,128,7,-0.02412743482972879,1,🔴 ALERT
91,129,6,-0.03315818400886372,1,🔴 ALERT
91,130,5,-0.03298383721997278,1,🔴 ALERT
91,131,4,-0.029377931932805135,1,🔴 ALERT
91,132,3,-0.02964570904059194,1,🔴 ALERT
91,133,2,-0.0272251903732732,1,🔴 ALERT
91,134,1,-0.022546092218122316,1,🔴 ALERT
91,135,0,-0.0179105122806954,1,🔴 ALERT
92,1,340,0.11775566124673131,0,🟢 OK
92,2,339,0.045081694675855155,0,🟢 OK
92,3,338,0.032796134208426364,0,🟢 OK
92,4,337,0.04687862663294695,0,🟢 OK
92,5,336,0.07101655056647893,0,🟢 OK
92,6,335,0.07710114780536387,0,🟢 OK
92,7,334,0.08601689585552247,0,🟢 OK
92,8,333,0.08476996895499272,0,🟢 OK
92,9,332,0.0939079441998184,0,🟢 OK
92,10,331,0.09990575135258817,0,🟢 OK
92,11,330,0.10479706420910007,0,🟢 OK
92,12,329,0.11052801229846065,0,🟢 OK
92,13,328,0.11630978084917881,0,🟢 OK
92,14,327,0.11233798944982404,0,🟢 OK
92,15,326,0.11554872428031415,0,🟢 OK
92,16,325,0.11189186906979859,0,🟢 OK
92,17,324,0.09988535477432858,0,🟢 OK
92,18,323,0.10055271273908101,0,🟢 OK
92,19,322,0.10574256565894197,0,🟢 OK
92,20,321,0.12059058427473279,0,🟢 OK
92,21,320,0.11770054681608,0,🟢 OK
92,22,319,0.12481378854440373,0,🟢 OK
92,23,318,0.1212032997675398,0,🟢 OK
92,24,317,0.11215408198748278,0,🟢 OK
92,25,316,0.12157951352801533,0,🟢 OK
92,26,315,0.11866641888190216,0,🟢 OK
92,27,314,0.11369913289428363,0,🟢 OK
92,28,313,0.10919858524187187,0,🟢 OK
92,29,312,0.10467814491286148,0,🟢 OK
92,30,311,0.09391566965685433,0,🟢 OK
92,31,310,0.09353381368556546,0,🟢 OK
92,32,309,0.07902386163531944,0,🟢 OK
92,33,308,0.07471920754516903,0,🟢 OK
92,34,307,0.07881481345987851,0,🟢 OK
92,35,306,0.07218754291037743,0,🟢 OK
92,36,305,0.08692153375291645,0,🟢 OK
92,37,304,0.09329415271414193,0,🟢 OK
92,38,303,0.09771055306853599,0,🟢 OK
92,39,302,0.09939471818642576,0,🟢 OK
92,40,301,0.11198621220156219,0,🟢 OK
92,41,300,0.1099040429745814,0,🟢 OK
92,42,299,0.11727210670242738,0,🟢 OK
92,43,298,0.1260733563098147,0,🟢 OK
92,44,297,0.1197537112842218,0,🟢 OK
92,45,296,0.11582313645124931,0,🟢 OK
92,46,295,0.11609669960402674,0,🟢 OK
92,47,294,0.11399526647045083,0,🟢 OK
92,48,293,0.11156704868719258,0,🟢 OK
92,49,292,0.11351936057779122,0,🟢 OK
92,50,291,0.11454208846450126,0,🟢 OK
92,51,290,0.12004140601862434,0,🟢 OK
92,52,289,0.12004096119840846,0,🟢 OK
92,53,288,0.12088360221977112,0,🟢 OK
92,54,287,0.11995890277337629,0,🟢 OK
92,55,286,0.1208441060066997,0,🟢 OK
92,56,285,0.12845793027684638,0,🟢 OK
92,57,284,0.11692716050460084,0,🟢 OK
92,58,283,0.11776677065944402,0,🟢 OK
92,59,282,0.11640109066355314,0,🟢 OK
92,60,281,0.1195421569996945,0,🟢 OK
92,61,280,0.12126556963987767,0,🟢 OK
92,62,279,0.11968547407030855,0,🟢 OK
92,63,278,0.12122963128104386,0,🟢 OK
92,64,277,0.12440140467080346,0,🟢 OK
92,65,276,0.1311009127213843,0,🟢 OK
92,66,275,0.13410180041873848,0,🟢 OK
92,67,274,0.13127643745693285,0,🟢 OK
92,68,273,0.12724754543330669,0,🟢 OK
92,69,272,0.12191051455825502,0,🟢 OK
92,70,271,0.11998286390529977,0,🟢 OK
92,71,270,0.12133931106101392,0,🟢 OK
92,72,269,0.11628847737992676,0,🟢 OK
92,73,268,0.1164526147743477,0,🟢 OK
92,74,267,0.12024432959155895,0,🟢 OK
92,75,266,0.10666487382492762,0,🟢 OK
92,76,265,0.10955691465562345,0,🟢 OK
92,77,264,0.10563449856317847,0,🟢 OK
92,78,263,0.11236013640440784,0,🟢 OK
92,79,262,0.11626251418515982,0,🟢 OK
92,80,261,0.11704992606212727,0,🟢 OK
92,81,260,0.11577739325526204,0,🟢 OK
92,82,259,0.1153296007963111,0,🟢 OK
92,83,258,0.11432725404385508,0,🟢 OK
92,84,257,0.12152445436280246,0,🟢 OK
92,85,256,0.11318198474653385,0,🟢 OK
92,86,255,0.11288451479889366,0,🟢 OK
92,87,254,0.1138144122373625,0,🟢 OK
92,88,253,0.11445278790370245,0,🟢 OK
92,89,252,0.10320261652106538,0,🟢 OK
92,90,251,0.11040893969859705,0,🟢 OK
92,91,250,0.10648030217565901,0,🟢 OK
92,92,249,0.11130817992830677,0,🟢 OK
92,93,248,0.10864553007279265,0,🟢 OK
92,94,247,0.1005673206209029,0,🟢 OK
92,95,246,0.10267336609426231,0,🟢 OK
92,96,245,0.10880708441188452,0,🟢 OK
92,97,244,0.11479121785360613,0,🟢 OK
92,98,243,0.11349068791010075,0,🟢 OK
92,99,242,0.10776466684566083,0,🟢 OK
92,100,241,0.10958811019773801,0,🟢 OK
92,101,240,0.1032034446388928,0,🟢 OK
92,102,239,0.10201917101078761,0,🟢 OK
92,103,238,0.12074745542620502,0,🟢 OK
92,104,237,0.11936618946775185,0,🟢 OK
92,105,236,0.1206249561516034,0,🟢 OK
92,106,235,0.12287181716115114,0,🟢 OK
92,107,234,0.12055366770534881,0,🟢 OK
92,108,233,0.12211085632905944,0,🟢 OK
92,109,232,0.11130086694141622,0,🟢 OK
92,110,231,0.09240715191288673,0,🟢 OK
92,111,230,0.09340771477523979,0,🟢 OK
92,112,229,0.09467765105103748,0,🟢 OK
92,113,228,0.10152968966663722,0,🟢 OK
92,114,227,0.11168305229316877,0,🟢 OK
92,115,226,0.11173898766389423,0,🟢 OK
92,116,225,0.10647536709357436,0,🟢 OK
92,117,224,0.09766133452900005,0,🟢 OK
92,118,223,0.1005960155937467,0,🟢 OK
92,119,222,0.11793292917460374,0,🟢 OK
92,120,221,0.12403798489070983,0,🟢 OK
92,121,220,0.12162148498543257,0,🟢 OK
92,122,219,0.11988253620730432,0,🟢 OK
92,123,218,0.12551320487314777,0,🟢 OK
92,124,217,0.1143382626010448,0,🟢 OK
92,125,216,0.09856335887201312,0,🟢 OK
92,126,215,0.10541464445848603,0,🟢 OK
92,127,214,0.10051350021900085,0,🟢 OK
92,128,213,0.10068632829427254,0,🟢 OK
92,129,212,0.10008456215555112,0,🟢 OK
92,130,211,0.1103936830729434,0,🟢 OK
92,131,210,0.11089005275150127,0,🟢 OK
92,132,209,0.09122460888531986,0,🟢 OK
92,133,208,0.09186856918402936,0,🟢 OK
92,134,207,0.1130434282476212,0,🟢 OK
92,135,206,0.1287213830038031,0,🟢 OK
92,136,205,0.11963833029580029,0,🟢 OK
92,137,204,0.12082651887796991,0,🟢 OK
92,138,203,0.11217812053143827,0,🟢 OK
92,139,202,0.11689136631802372,0,🟢 OK
92,140,201,0.11085108965511353,0,🟢 OK
92,141,200,0.11232014103951521,0,🟢 OK
92,142,199,0.12669238871113053,0,🟢 OK
92,143,198,0.12875781332812464,0,🟢 OK
92,144,197,0.12168196397448766,0,🟢 OK
92,145,196,0.12405017424368009,0,🟢 OK
92,146,195,0.1248552958297795,0,🟢 OK
92,147,194,0.12413593366598624,0,🟢 OK
92,148,193,0.12349662250553967,0,🟢 OK
92,149,192,0.12349974313688722,0,🟢 OK
92,150,191,0.1261015287374575,0,🟢 OK
92,151,190,0.12531838963993575,0,🟢 OK
92,152,189,0.12525724940083044,0,🟢 OK
92,153,188,0.11890416282582345,0,🟢 OK
92,154,187,0.1213742681688188,0,🟢 OK
92,155,186,0.11733616634163962,0,🟢 OK
92,156,185,0.11682378800714449,0,🟢 OK
92,157,184,0.12277481490349179,0,🟢 OK
92,158,183,0.11631872362382001,0,🟢 OK
92,159,182,0.11753938326113311,0,🟢 OK
92,160,181,0.12057377439995354,0,🟢 OK
92,161,180,0.11981670362004088,0,🟢 OK
92,162,179,0.11547006958511485,0,🟢 OK
92,163,178,0.11299518640492279,0,🟢 OK
92,164,177,0.11270309465406819,0,🟢 OK
92,165,176,0.1200816690078147,0,🟢 OK
92,166,175,0.12344397821241493,0,🟢 OK
92,167,174,0.11759239752626921,0,🟢 OK
92,168,173,0.11953322915483472,0,🟢 OK
92,169,172,0.11963353110560271,0,🟢 OK
92,170,171,0.11711142881039815,0,🟢 OK
92,171,170,0.11929407631508915,0,🟢 OK
92,172,169,0.11978442220574703,0,🟢 OK
92,173,168,0.11968909048418708,0,🟢 OK
92,174,167,0.11239098369192807,0,🟢 OK
92,175,166,0.12159726560376316,0,🟢 OK
92,176,165,0.1274880786859945,0,🟢 OK
92,177,164,0.12251378958103148,0,🟢 OK
92,178,163,0.11836196705596169,0,🟢 OK
92,179,162,0.12359764563901482,0,🟢 OK
92,180,161,0.12186420791382707,0,🟢 OK
92,181,160,0.12213860451357511,0,🟢 OK
92,182,159,0.11902416042987785,0,🟢 OK
92,183,158,0.1109641152060919,0,🟢 OK
92,184,157,0.10645810155241231,0,🟢 OK
92,185,156,0.10963390118244126,0,🟢 OK
92,186,155,0.10799833843651502,0,🟢 OK
92,187,154,0.08982154531602693,0,🟢 OK
92,188,153,0.09364825027592738,0,🟢 OK
92,189,152,0.10460497143711067,0,🟢 OK
92,190,151,0.115009364907596,0,🟢 OK
92,191,150,0.09965492239207308,0,🟢 OK
92,192,149,0.11631348428889021,0,🟢 OK
92,193,148,0.11201097063732829,0,🟢 OK
92,194,147,0.10973869743980569,0,🟢 OK
92,195,146,0.10972942787413148,0,🟢 OK
92,196,145,0.11482175509995968,0,🟢 OK
92,197,144,0.12164545952322359,0,🟢 OK
92,198,143,0.11561652991717403,0,🟢 OK
92,199,142,0.10055361066960472,0,🟢 OK
92,200,141,0.10707608807698793,0,🟢 OK
92,201,140,0.10063297226601992,0,🟢 OK
92,202,139,0.09713510537510267,0,🟢 OK
92,203,138,0.10271919610978558,0,🟢 OK
92,204,137,0.10660977796977411,0,🟢 OK
92,205,136,0.10507139161200335,0,🟢 OK
92,206,135,0.10917122911848204,0,🟢 OK
92,207,134,0.11451784521072528,0,🟢 OK
92,208,133,0.1302335016526181,0,🟢 OK
92,209,132,0.13677648497363593,0,🟢 OK
92,210,131,0.13107495484106174,0,🟢 OK
92,211,130,0.12863307194803336,0,🟢 OK
92,212,129,0.12638795411607995,0,🟢 OK
92,213,128,0.12838633433593621,0,🟢 OK
92,214,127,0.12987072088693374,0,🟢 OK
92,215,126,0.1286604983009011,0,🟢 OK
92,216,125,0.12773045104652703,0,🟢 OK
92,217,124,0.1277168880050648,0,🟢 OK
92,218,123,0.11580519379843496,0,🟢 OK
92,219,122,0.1037384479686091,0,🟢 OK
92,220,121,0.11256767514665877,0,🟢 OK
92,221,120,0.11602654481232394,0,🟢 OK
92,222,119,0.11541245299641972,0,🟢 OK
92,223,118,0.11209971003218572,0,🟢 OK
92,224,117,0.10863112192274055,0,🟢 OK
92,225,116,0.10766256825389858,0,🟢 OK
92,226,115,0.10630110991315722,0,🟢 OK
92,227,114,0.11320662918927915,0,🟢 OK
92,228,113,0.12101462749688813,0,🟢 OK
92,229,112,0.1246847714646615,0,🟢 OK
92,230,111,0.10882335158668899,0,🟢 OK
92,231,110,0.10988254549168985,0,🟢 OK
92,232,109,0.104775921377735,0,🟢 OK
92,233,108,0.10128840152427576,0,🟢 OK
92,234,107,0.09469047138851416,0,🟢 OK
92,235,106,0.07340379217973464,0,🟢 OK
92,236,105,0.07721652195120571,0,🟢 OK
92,237,104,0.09341925312026234,0,🟢 OK
92,238,103,0.08133357367170302,0,🟢 OK
92,239,102,0.0837033720603389,0,🟢 OK
92,240,101,0.07921662460982598,0,🟢 OK
92,241,100,0.07811754909406271,0,🟢 OK
92,242,99,0.08721890784255826,0,🟢 OK
92,243,98,0.0841817241601332,0,🟢 OK
92,244,97,0.09337340084262025,0,🟢 OK
92,245,96,0.08792593699499157,0,🟢 OK
92,246,95,0.09252545449657318,0,🟢 OK
92,247,94,0.07483152317706715,0,🟢 OK
92,248,93,0.07584591299680665,0,🟢 OK
92,249,92,0.06973013671829287,0,🟢 OK
92,250,91,0.06941589201622478,0,🟢 OK
92,251,90,0.07465236207423626,0,🟢 OK
92,252,89,0.05751038534393599,0,🟢 OK
92,253,88,0.05799194326492063,0,🟢 OK
92,254,87,0.06352606884312945,0,🟢 OK
92,255,86,0.06723426431649415,0,🟢 OK
92,256,85,0.07351224062836187,0,🟢 OK
92,257,84,0.07224302027354518,0,🟢 OK
92,258,83,0.07419350715934575,0,🟢 OK
92,259,82,0.07309425112561563,0,🟢 OK
92,260,81,0.07061265862401561,0,🟢 OK
92,261,80,0.08393549729960409,0,🟢 OK
92,262,79,0.08601309545498775,0,🟢 OK
92,263,78,0.07409187580477755,0,🟢 OK
92,264,77,0.07157103148464483,0,🟢 OK
92,265,76,0.06600783270510618,0,🟢 OK
92,266,75,0.06496399385854351,0,🟢 OK
92,267,74,0.05840269723280744,0,🟢 OK
92,268,73,0.06023249781762352,0,🟢 OK
92,269,72,0.064933332280675,0,🟢 OK
92,270,71,0.05842197684262984,0,🟢 OK
92,271,70,0.04771443011147075,0,🟢 OK
92,272,69,0.03722331813177121,0,🟢 OK
92,273,68,0.05747480398323007,0,🟢 OK
92,274,67,0.05137704974859897,0,🟢 OK
92,275,66,0.042441047685290334,0,🟢 OK
92,276,65,0.04910295187764946,0,🟢 OK
92,277,64,0.031234789213281156,0,🟢 OK
92,278,63,0.03194902960456547,0,🟢 OK
92,279,62,0.046811113874203114,0,🟢 OK
92,280,61,0.043601957223851406,0,🟢 OK
92,281,60,0.049407744908081086,0,🟢 OK
92,282,59,0.0476078678175495,0,🟢 OK
92,283,58,0.04989758722289134,0,🟢 OK
92,284,57,0.03182734594668313,0,🟢 OK
92,285,56,0.024790603083967855,0,🟢 OK
92,286,55,0.019331881693128106,0,🟢 OK
92,287,54,0.0175105919516767,0,🟢 OK
92,288,53,0.016667655760423616,0,🟢 OK
92,289,52,0.018993065771394813,0,🟢 OK
92,290,51,0.010547132016491545,0,🟢 OK
92,291,50,0.003612768236887831,0,🟢 OK
92,292,49,0.0026095183674691436,0,🟢 OK
92,293,48,-0.008735543485505537,1,🟢 OK
92,294,47,-0.011569193816903023,1,🟢 OK
92,295,46,-0.0185013629533316,1,🟢 OK
92,296,45,-0.002955188142073628,1,🟢 OK
92,297,44,-0.01180778367169999,1,🟢 OK
92,298,43,-0.002924406689201242,1,🟢 OK
92,299,42,-0.004691149680498108,1,🟢 OK
92,300,41,-0.006209836642863009,1,🟢 OK
92,301,40,-0.00838547978044002,1,🟢 OK
92,302,39,-0.012644855621137707,1,🟢 OK
92,303,38,0.00851437047505399,0,🟢 OK
92,304,37,-0.005138847171681449,1,🟢 OK
92,305,36,-0.0002280849081469638,1,🟢 OK
92,306,35,-0.004810550825335214,1,🟢 OK
92,307,34,0.0026285798645733216,0,🟢 OK
92,308,33,0.002153258808021863,0,🟢 OK
92,309,32,-0.0009596130615380227,1,🟢 OK
92,310,31,-0.010709465713754862,1,🟢 OK
92,311,30,-0.005771398539998307,1,🟢 OK
92,312,29,-0.01035857577222421,1,🟢 OK
92,313,28,-0.013650935561999145,1,🟢 OK
92,314,27,-0.009367837848906824,1,🟢 OK
92,315,26,-0.02197394466107938,1,🟢 OK
92,316,25,-0.0176703241297288,1,🔴 ALERT
92,317,24,-0.03255043223696796,1,🔴 ALERT
92,318,23,-0.037370273491618144,1,🔴 ALERT
92,319,22,-0.029706720597994618,1,🔴 ALERT
92,320,21,-0.03734450123253574,1,🔴 ALERT
92,321,20,-0.029217641187842758,1,🔴 ALERT
92,322,19,-0.028597153962849564,1,🔴 ALERT
92,323,18,-0.04325367281320491,1,🔴 ALERT
92,324,17,-0.04140571980720864,1,🔴 ALERT
92,325,16,-0.02874562670900005,1,🔴 ALERT
92,326,15,-0.026701582222366405,1,🔴 ALERT
92,327,14,-0.022287343133364668,1,🔴 ALERT
92,328,13,-0.03795015542339397,1,🔴 ALERT
92,329,12,-0.045665007593520324,1,🔴 ALERT
92,330,11,-0.03186763557144079,1,🔴 ALERT
92,331,10,-0.04513493683645742,1,🔴 ALERT
92,332,9,-0.04272160654591173,1,🔴 ALERT
92,333,8,-0.03137155868425867,1,🔴 ALERT
92,334,7,-0.030477603480069337,1,🔴 ALERT
92,335,6,-0.04363466200644428,1,🔴 ALERT
92,336,5,-0.03841120367267492,1,🔴 ALERT
92,337,4,-0.03437623746249674,1,🔴 ALERT
92,338,3,-0.02767135905118101,1,🔴 ALERT
92,339,2,-0.023829012462902366,1,🔴 ALERT
92,340,1,-0.024790728967334807,1,🔴 ALERT
92,341,0,-0.029406703213244567,1,🔴 ALERT
93,1,154,0.08532515660817375,0,🟢 OK
93,2,153,0.02434505356711747,0,🟢 OK
93,3,152,0.018031592756979242,0,🟢 OK
93,4,151,0.016076199967517246,0,🟢 OK
93,5,150,0.042243356798287945,0,🟢 OK
93,6,149,0.0448124151308964,0,🟢 OK
93,7,148,0.07862963329536515,0,🟢 OK
93,8,147,0.07701394929658151,0,🟢 OK
93,9,146,0.06330431325697039,0,🟢 OK
93,10,145,0.07220764106013017,0,🟢 OK
93,11,144,0.07539389659132606,0,🟢 OK
93,12,143,0.07031269679998892,0,🟢 OK
93,13,142,0.07008603523989831,0,🟢 OK
93,14,141,0.08367020720756019,0,🟢 OK
93,15,140,0.07262790292082649,0,🟢 OK
93,16,139,0.07622027920555202,0,🟢 OK
93,17,138,0.0720740086527622,0,🟢 OK
93,18,137,0.07042477972414035,0,🟢 OK
93,19,136,0.08976115605711044,0,🟢 OK
93,20,135,0.08843338876873574,0,🟢 OK
93,21,134,0.09604951405344947,0,🟢 OK
93,22,133,0.10062450996546568,0,🟢 OK
93,23,132,0.09590958632165797,0,🟢 OK
93,24,131,0.09439430370517338,0,🟢 OK
93,25,130,0.08952751645454554,0,🟢 OK
93,26,129,0.0858147751063475,0,🟢 OK
93,27,128,0.08497462385307286,0,🟢 OK
93,28,127,0.07856303388228975,0,🟢 OK
93,29,126,0.08766793534908662,0,🟢 OK
93,30,125,0.09415157572948663,0,🟢 OK
93,31,124,0.09106359220239868,0,🟢 OK
93,32,123,0.08796842096961949,0,🟢 OK
93,33,122,0.09044930060199147,0,🟢 OK
93,34,121,0.09675468985053193,0,🟢 OK
93,35,120,0.092366367798069,0,🟢 OK
93,36,119,0.09327198154174066,0,🟢 OK
93,37,118,0.08492085782204367,0,🟢 OK
93,38,117,0.09245690436722492,0,🟢 OK
93,39,116,0.08118202765716026,0,🟢 OK
93,40,115,0.09566188304538759,0,🟢 OK
93,41,114,0.09454525385329943,0,🟢 OK
93,42,113,0.09082141841167274,0,🟢 OK
93,43,112,0.09878018386495246,0,🟢 OK
93,44,111,0.10172363063054318,0,🟢 OK
93,45,110,0.09249615089742103,0,🟢 OK
93,46,109,0.09878500088469921,0,🟢 OK
93,47,108,0.10296235837312884,0,🟢 OK
93,48,107,0.09777036388760052,0,🟢 OK
93,49,106,0.09426854453081912,0,🟢 OK
93,50,105,0.10031202474833151,0,🟢 OK
93,51,104,0.08561171962029851,0,🟢 OK
93,52,103,0.08133494284955789,0,🟢 OK
93,53,102,0.08342571326299397,0,🟢 OK
93,54,101,0.08788434661208555,0,🟢 OK
93,55,100,0.07971097586546849,0,🟢 OK
93,56,99,0.07112261569360628,0,🟢 OK
93,57,98,0.07248507629805567,0,🟢 OK
93,58,97,0.08041781810811194,0,🟢 OK
93,59,96,0.07812305335425995,0,🟢 OK
93,60,95,0.09329980266793148,0,🟢 OK
93,61,94,0.08911590099229588,0,🟢 OK
93,62,93,0.0785037467082339,0,🟢 OK
93,63,92,0.06239015197433423,0,🟢 OK
93,64,91,0.060403566430560995,0,🟢 OK
93,65,90,0.07866234370119185,0,🟢 OK
93,66,89,0.08042722838935079,0,🟢 OK
93,67,88,0.08353848042281298,0,🟢 OK
93,68,87,0.08143160840392022,0,🟢 OK
93,69,86,0.0872110389377665,0,🟢 OK
93,70,85,0.09079576339717133,0,🟢 OK
93,71,84,0.0978228541937965,0,🟢 OK
93,72,83,0.09909983591478189,0,🟢 OK
93,73,82,0.11244422713191637,0,🟢 OK
93,74,81,0.11553945552988026,0,🟢 OK
93,75,80,0.12071822294752527,0,🟢 OK
93,76,79,0.10929106872295025,0,🟢 OK
93,77,78,0.11447152575987368,0,🟢 OK
93,78,77,0.11846125311121186,0,🟢 OK
93,79,76,0.11509487032174032,0,🟢 OK
93,80,75,0.10556267408035619,0,🟢 OK
93,81,74,0.1117507324445427,0,🟢 OK
93,82,73,0.10601137921519144,0,🟢 OK
93,83,72,0.11085088065914889,0,🟢 OK
93,84,71,0.11740190961270236,0,🟢 OK
93,85,70,0.12175102795972187,0,🟢 OK
93,86,69,0.1228132599507949,0,🟢 OK
93,87,68,0.12336004459651817,0,🟢 OK
93,88,67,0.11835628447131008,0,🟢 OK
93,89,66,0.11229128772960523,0,🟢 OK
93,90,65,0.11426248767069008,0,🟢 OK
93,91,64,0.11454342981436899,0,🟢 OK
93,92,63,0.1279035770056171,0,🟢 OK
93,93,62,0.121173627045431,0,🟢 OK
93,94,61,0.1185866901750951,0,🟢 OK
93,95,60,0.11786472583799884,0,🟢 OK
93,96,59,0.12313892545718325,0,🟢 OK
93,97,58,0.11745993201633975,0,🟢 OK
93,98,57,0.11355201868680692,0,🟢 OK
93,99,56,0.11401541107375068,0,🟢 OK
93,100,55,0.12066112748320051,0,🟢 OK
93,101,54,0.11302652017812986,0,🟢 OK
93,102,53,0.11893336498082735,0,🟢 OK
93,103,52,0.12682606674838687,0,🟢 OK
93,104,51,0.12482418904302844,0,🟢 OK
93,105,50,0.12383947934342715,0,🟢 OK
93,106,49,0.12512184884053612,0,🟢 OK
93,107,48,0.1256055086240514,0,🟢 OK
93,108,47,0.12286386913210173,0,🟢 OK
93,109,46,0.12065051954957434,0,🟢 OK
93,110,45,0.1211680401676874,0,🟢 OK
93,111,44,0.1232801616594098,0,🟢 OK
93,112,43,0.10212237451768275,0,🟢 OK
93,113,42,0.10910569381394264,0,🟢 OK
93,114,41,0.09176567611904296,0,🟢 OK
93,115,40,0.09871598392118536,0,🟢 OK
93,116,39,0.0871607480979531,0,🟢 OK
93,117,38,0.08096130912373461,0,🟢 OK
93,118,37,0.07807103781979347,0,🟢 OK
93,119,36,0.07846300290395203,0,🟢 OK
93,120,35,0.07252804282449798,0,🟢 OK
93,121,34,0.07325234082677512,0,🟢 OK
93,122,33,0.09988632164677785,0,🟢 OK
93,123,32,0.09765332823239709,0,🟢 OK
93,124,31,0.09452713367174526,0,🟢 OK
93,125,30,0.07049245653495761,0,🟢 OK
93,126,29,0.072349450104497,0,🟢 OK
93,127,28,0.07192158922842723,0,🟢 OK
93,128,27,0.07380110300676168,0,🟢 OK
93,129,26,0.07733845811148693,0,🟢 OK
93,130,25,0.06996025551587043,0,🟢 OK
93,131,24,0.062061609643775384,0,🟢 OK
93,132,23,0.0447996927006738,0,🟢 OK
93,133,22,0.03158294571485881,0,🟢 OK
93,134,21,0.036763134337035264,0,🟢 OK
93,135,20,0.028557951149031535,0,🟢 OK
93,136,19,0.007654660683643066,0,🟢 OK
93,137,18,0.002123361330190199,0,🟢 OK
93,138,17,-0.010644301783983012,1,🟢 OK
93,139,16,-0.025199715163340297,1,🟢 OK
93,140,15,-0.025657762687875896,1,🟢 OK
93,141,14,-0.014994675995882112,1,🟢 OK
93,142,13,-0.015117116287785448,1,🟢 OK
93,143,12,-0.008449731287314743,1,🟢 OK
93,144,11,-0.022488156137873805,1,🟢 OK
93,145,10,-0.02802275686436828,1,🟢 OK
93,146,9,-0.022474372428727518,1,🟢 OK
93,147,8,-0.014643190182647148,1,🟢 OK
93,148,7,-0.03561819414562628,1,🟢 OK
93,149,6,-0.03537648464977272,1,🔴 ALERT
93,150,5,-0.03791740163846591,1,🔴 ALERT
93,151,4,-0.055471913917855664,1,🔴 ALERT
93,152,3,-0.04190187625646258,1,🔴 ALERT
93,153,2,-0.03668994346497545,1,🔴 ALERT
93,154,1,-0.034927133655868636,1,🔴 ALERT
93,155,0,-0.03679042201939764,1,🔴 ALERT
94,1,257,0.10073942999499008,0,🟢 OK
94,2,256,0.046849773841742104,0,🟢 OK
94,3,255,0.07280041919595615,0,🟢 OK
94,4,254,0.08328686233392468,0,🟢 OK
94,5,253,0.09064534372406663,0,🟢 OK
94,6,252,0.10844785043474842,0,🟢 OK
94,7,251,0.1082783107115074,0,🟢 OK
94,8,250,0.11062771434577179,0,🟢 OK
94,9,249,0.1071893307343304,0,🟢 OK
94,10,248,0.11092152016183698,0,🟢 OK
94,11,247,0.10841876746752754,0,🟢 OK
94,12,246,0.099457332199756,0,🟢 OK
94,13,245,0.07831943774303052,0,🟢 OK
94,14,244,0.07704753671007752,0,🟢 OK
94,15,243,0.07767629812356602,0,🟢 OK
94,16,242,0.08551225803080531,0,🟢 OK
94,17,241,0.10258618949685006,0,🟢 OK
94,18,240,0.09428719211281211,0,🟢 OK
94,19,239,0.08433930841851617,0,🟢 OK
94,20,238,0.0907773499070828,0,🟢 OK
94,21,237,0.09330729794352216,0,🟢 OK
94,22,236,0.10421592653828571,0,🟢 OK
94,23,235,0.11872986130382279,0,🟢 OK
94,24,234,0.11525413477637109,0,🟢 OK
94,25,233,0.10483471071066758,0,🟢 OK
94,26,232,0.09416159264930479,0,🟢 OK
94,27,231,0.0860450227361731,0,🟢 OK
94,28,230,0.0728358960253353,0,🟢 OK
94,29,229,0.07164129048790441,0,🟢 OK
94,30,228,0.06582943965176752,0,🟢 OK
94,31,227,0.0839493774508121,0,🟢 OK
94,32,226,0.07933301629076372,0,🟢 OK
94,33,225,0.08365630737471808,0,🟢 OK
94,34,224,0.08770824117651566,0,🟢 OK
94,35,223,0.0992787512305,0,🟢 OK
94,36,222,0.0968972461274975,0,🟢 OK
94,37,221,0.10259204004585304,0,🟢 OK
94,38,220,0.10962564204176878,0,🟢 OK
94,39,219,0.11095099018958848,0,🟢 OK
94,40,218,0.11619372502473535,0,🟢 OK
94,41,217,0.11832518189274882,0,🟢 OK
94,42,216,0.11521110209331975,0,🟢 OK
94,43,215,0.11625942721027033,0,🟢 OK
94,44,214,0.1204042869595926,0,🟢 OK
94,45,213,0.11558140928211935,0,🟢 OK
94,46,212,0.10449735719635772,0,🟢 OK
94,47,211,0.10172343025955904,0,🟢 OK
94,48,210,0.0945337263662121,0,🟢 OK
94,49,209,0.09400881583748916,0,🟢 OK
94,50,208,0.09443811658150897,0,🟢 OK
94,51,207,0.0851478216206864,0,🟢 OK
94,52,206,0.08219455443231433,0,🟢 OK
94,53,205,0.08308157329674487,0,🟢 OK
94,54,204,0.09327258175927983,0,🟢 OK
94,55,203,0.09065490511994151,0,🟢 OK
94,56,202,0.09172839719602627,0,🟢 OK
94,57,201,0.08310205303611773,0,🟢 OK
94,58,200,0.08150896172887206,0,🟢 OK
94,59,199,0.08075874569511021,0,🟢 OK
94,60,198,0.08601787907042274,0,🟢 OK
94,61,197,0.09425678490536393,0,🟢 OK
94,62,196,0.09544274820018817,0,🟢 OK
94,63,195,0.10914340664695499,0,🟢 OK
94,64,194,0.09890210232603042,0,🟢 OK
94,65,193,0.08743745228154143,0,🟢 OK
94,66,192,0.07394924913893869,0,🟢 OK
94,67,191,0.07997687942337112,0,🟢 OK
94,68,190,0.07502929595529112,0,🟢 OK
94,69,189,0.08068621259878372,0,🟢 OK
94,70,188,0.0762054724247399,0,🟢 OK
94,71,187,0.06558434552188591,0,🟢 OK
94,72,186,0.07342518428593042,0,🟢 OK
94,73,185,0.07937955636453242,0,🟢 OK
94,74,184,0.08244403369970632,0,🟢 OK
94,75,183,0.1070057188104247,0,🟢 OK
94,76,182,0.10311595475603197,0,🟢 OK
94,77,181,0.11639523838852228,0,🟢 OK
94,78,180,0.12569624926715361,0,🟢 OK
94,79,179,0.12179649952325416,0,🟢 OK
94,80,178,0.12552766366778834,0,🟢 OK
94,81,177,0.12067034295364937,0,🟢 OK
94,82,176,0.12270315271868093,0,🟢 OK
94,83,175,0.12567093227448883,0,🟢 OK
94,84,174,0.1196273026766767,0,🟢 OK
94,85,173,0.11614865469041458,0,🟢 OK
94,86,172,0.1149742058372803,0,🟢 OK
94,87,171,0.11010422279862919,0,🟢 OK
94,88,170,0.09788603342959878,0,🟢 OK
94,89,169,0.10407180282026601,0,🟢 OK
94,90,168,0.10072013101938809,0,🟢 OK
94,91,167,0.08708087745167542,0,🟢 OK
94,92,166,0.09005796039592617,0,🟢 OK
94,93,165,0.0924366860594083,0,🟢 OK
94,94,164,0.08348256820206079,0,🟢 OK
94,95,163,0.0914583723731423,0,🟢 OK
94,96,162,0.08583342429538876,0,🟢 OK
94,97,161,0.08086366676217,0,🟢 OK
94,98,160,0.0896207540225773,0,🟢 OK
94,99,159,0.09171942303171832,0,🟢 OK
94,100,158,0.08491969956392681,0,🟢 OK
94,101,157,0.0975273552855897,0,🟢 OK
94,102,156,0.09628864565518208,0,🟢 OK
94,103,155,0.10132139912907373,0,🟢 OK
94,104,154,0.10152095254233601,0,🟢 OK
94,105,153,0.10388961390858059,0,🟢 OK
94,106,152,0.11051632250079313,0,🟢 OK
94,107,151,0.10898392824674219,0,🟢 OK
94,108,150,0.10245617462872647,0,🟢 OK
94,109,149,0.10616242929514652,0,🟢 OK
94,110,148,0.09764395888248323,0,🟢 OK
94,111,147,0.10453130544959205,0,🟢 OK
94,112,146,0.09887744848869956,0,🟢 OK
94,113,145,0.08504522122285185,0,🟢 OK
94,114,144,0.08323157922682584,0,🟢 OK
94,115,143,0.09040621584257702,0,🟢 OK
94,116,142,0.09184735589219811,0,🟢 OK
94,117,141,0.09430844730278792,0,🟢 OK
94,118,140,0.10962769749144136,0,🟢 OK
94,119,139,0.10878745954267266,0,🟢 OK
94,120,138,0.11175802102555793,0,🟢 OK
94,121,137,0.10900928786348757,0,🟢 OK
94,122,136,0.10368155821480346,0,🟢 OK
94,123,135,0.10103577338759934,0,🟢 OK
94,124,134,0.10184326041933023,0,🟢 OK
94,125,133,0.09776780096857651,0,🟢 OK
94,126,132,0.09605891191333338,0,🟢 OK
94,127,131,0.09958461867380825,0,🟢 OK
94,128,130,0.08804441402089197,0,🟢 OK
94,129,129,0.08783352089234175,0,🟢 OK
94,130,128,0.09022757707636087,0,🟢 OK
94,131,127,0.08974075521883068,0,🟢 OK
94,132,126,0.09304322917534347,0,🟢 OK
94,133,125,0.09348354787386126,0,🟢 OK
94,134,124,0.09217058420448548,0,🟢 OK
94,135,123,0.09228030831919454,0,🟢 OK
94,136,122,0.09916049935825438,0,🟢 OK
94,137,121,0.09787279798447801,0,🟢 OK
94,138,120,0.08969586236396299,0,🟢 OK
94,139,119,0.09196889627541144,0,🟢 OK
94,140,118,0.058975307779356945,0,🟢 OK
94,141,117,0.05794071046272814,0,🟢 OK
94,142,116,0.06104484558951845,0,🟢 OK
94,143,115,0.06205682944143043,0,🟢 OK
94,144,114,0.06131977584382614,0,🟢 OK
94,145,113,0.062428242339556184,0,🟢 OK
94,146,112,0.07059284482540029,0,🟢 OK
94,147,111,0.07983953235019409,0,🟢 OK
94,148,110,0.0822790947762096,0,🟢 OK
94,149,109,0.10234432505562924,0,🟢 OK
94,150,108,0.0839028918492048,0,🟢 OK
94,151,107,0.10176797442757374,0,🟢 OK
94,152,106,0.09797453166399955,0,🟢 OK
94,153,105,0.1001871414105982,0,🟢 OK
94,154,104,0.09065166762648091,0,🟢 OK
94,155,103,0.08333663837667987,0,🟢 OK
94,156,102,0.09176551753837064,0,🟢 OK
94,157,101,0.0902398420637236,0,🟢 OK
94,158,100,0.08808750434716789,0,🟢 OK
94,159,99,0.06354626047146728,0,🟢 OK
94,160,98,0.045332812810630174,0,🟢 OK
94,161,97,0.053173731316081274,0,🟢 OK
94,162,96,0.046361842122265684,0,🟢 OK
94,163,95,0.058655548498188825,0,🟢 OK
94,164,94,0.0676881208144432,0,🟢 OK
94,165,93,0.07417814397102396,0,🟢 OK
94,166,92,0.0629803585905046,0,🟢 OK
94,167,91,0.06521986695402981,0,🟢 OK
94,168,90,0.07474756454566017,0,🟢 OK
94,169,89,0.08726252237516235,0,🟢 OK
94,170,88,0.06958266342154484,0,🟢 OK
94,171,87,0.06780213005208396,0,🟢 OK
94,172,86,0.06987497465202597,0,🟢 OK
94,173,85,0.06837564650309136,0,🟢 OK
94,174,84,0.06510149672562615,0,🟢 OK
94,175,83,0.05699314212824125,0,🟢 OK
94,176,82,0.051661306311997834,0,🟢 OK
94,177,81,0.04207766830411486,0,🟢 OK
94,178,80,0.047929841058921285,0,🟢 OK
94,179,79,0.05146713359604971,0,🟢 OK
94,180,78,0.05694872031255094,0,🟢 OK
94,181,77,0.05821226464197632,0,🟢 OK
94,182,76,0.05511773107011175,0,🟢 OK
94,183,75,0.04569244309056053,0,🟢 OK
94,184,74,0.0457121250754311,0,🟢 OK
94,185,73,0.052344235700251485,0,🟢 OK
94,186,72,0.04307166988206934,0,🟢 OK
94,187,71,0.0416516701012265,0,🟢 OK
94,188,70,0.03586363854011365,0,🟢 OK
94,189,69,0.03198665267795059,0,🟢 OK
94,190,68,0.04524616042157348,0,🟢 OK
94,191,67,0.041465295460951734,0,🟢 OK
94,192,66,0.0333326024974524,0,🟢 OK
94,193,65,0.032559093330108035,0,🟢 OK
94,194,64,0.03087931321821835,0,🟢 OK
94,195,63,0.029695589267086653,0,🟢 OK
94,196,62,0.03816365167339958,0,🟢 OK
94,197,61,0.021440337293637424,0,🟢 OK
94,198,60,0.01725146821573259,0,🟢 OK
94,199,59,0.00529467716517662,0,🟢 OK
94,200,58,0.0037807637541262817,0,🟢 OK
94,201,57,-0.00864339788638624,1,🟢 OK
94,202,56,0.002255712060721171,0,🟢 OK
94,203,55,0.0018689892367360628,0,🟢 OK
94,204,54,-4.034237065464463e-05,1,🟢 OK
94,205,53,-0.001312830562265499,1,🟢 OK
94,206,52,-0.0022150955941169226,1,🟢 OK
94,207,51,-0.0060793122380099485,1,🟢 OK
94,208,50,-0.007424774732987305,1,🟢 OK
94,209,49,0.0014777919855559762,0,🟢 OK
94,210,48,0.01178965577246982,0,🟢 OK
94,211,47,0.0017552975534593784,0,🟢 OK
94,212,46,0.006319770388167334,0,🟢 OK
94,213,45,-0.0005292069145489409,1,🟢 OK
94,214,44,-0.017593090539055445,1,🟢 OK
94,215,43,0.0033130561215219956,0,🟢 OK
94,216,42,-0.003292755726388763,1,🟢 OK
94,217,41,-0.007766301382815977,1,🟢 OK
94,218,40,0.0006682705269021039,0,🟢 OK
94,219,39,-0.007905111383467833,1,🟢 OK
94,220,38,-0.0202622728912496,1,🟢 OK
94,221,37,-0.024241962462388744,1,🟢 OK
94,222,36,-0.028255268275895418,1,🟢 OK
94,223,35,-0.02167026663324767,1,🟢 OK
94,224,34,-0.0220045242377227,1,🟢 OK
94,225,33,-0.025034789466812146,1,🟢 OK
94,226,32,-0.02090607568818781,1,🟢 OK
94,227,31,-0.01941116129333298,1,🟢 OK
94,228,30,-0.02438219170816558,1,🔴 ALERT
94,229,29,-0.028165166787677554,1,🔴 ALERT
94,230,28,-0.019811917145654334,1,🔴 ALERT
94,231,27,-0.018273905950053404,1,🔴 ALERT
94,232,26,-0.01867367787945995,1,🔴 ALERT
94,233,25,-0.020644932402382188,1,🔴 ALERT
94,234,24,-0.025101180243400245,1,🔴 ALERT
94,235,23,-0.029660826333507417,1,🔴 ALERT
94,236,22,-0.028014437699712014,1,🔴 ALERT
94,237,21,-0.03720190642592469,1,🔴 ALERT
94,238,20,-0.03670222958141811,1,🔴 ALERT
94,239,19,-0.038922671350262505,1,🔴 ALERT
94,240,18,-0.040202104854523135,1,🔴 ALERT
94,241,17,-0.02818553154721115,1,🔴 ALERT
94,242,16,-0.01664747331561045,1,🔴 ALERT
94,243,15,-0.022743408302977053,1,🔴 ALERT
94,244,14,-0.025355068765930744,1,🔴 ALERT
94,245,13,-0.04433733993987832,1,🔴 ALERT
94,246,12,-0.059212017265056094,1,🔴 ALERT
94,247,11,-0.05241285980897081,1,🔴 ALERT
94,248,10,-0.0430770019949388,1,🔴 ALERT
94,249,9,-0.03554552412338674,1,🔴 ALERT
94,250,8,-0.03852731519531816,1,🔴 ALERT
94,251,7,-0.032853859206149916,1,🔴 ALERT
94,252,6,-0.01990658887543395,1,🔴 ALERT
94,253,5,-0.026061740478883766,1,🔴 ALERT
94,254,4,-0.028003961614396555,1,🔴 ALERT
94,255,3,-0.029404945961606144,1,🔴 ALERT
94,256,2,-0.026766963823714574,1,🔴 ALERT
94,257,1,-0.020152358153304517,1,🔴 ALERT
94,258,0,-0.030680195699662738,1,🔴 ALERT
95,1,282,-4.146352700051814e-05,0,🟢 OK
95,2,281,-0.0037025769993265234,0,🟢 OK
95,3,280,-0.009247343325472723,0,🟢 OK
95,4,279,-0.040636087404428145,0,🟢 OK
95,5,278,-0.017664983424724223,0,🟢 OK
95,6,277,-0.007165983214569183,0,🟢 OK
95,7,276,-0.012628816738959658,0,🟢 OK
95,8,275,-0.012814644670917641,0,🟢 OK
95,9,274,-0.012461858776063095,0,🟢 OK
95,10,273,-0.001487992040734687,0,🟢 OK
95,11,272,0.009699798237198687,0,🟢 OK
95,12,271,0.0001731331584586826,0,🟢 OK
95,13,270,0.017438293181056386,0,🟢 OK
95,14,269,0.01328942846322445,0,🟢 OK
95,15,268,0.012603224685429737,0,🟢 OK
95,16,267,0.023527555636868924,0,🟢 OK
95,17,266,0.04976290430634084,0,🟢 OK
95,18,265,0.020245326796344443,0,🟢 OK
95,19,264,0.021505965439361563,0,🟢 OK
95,20,263,0.04008898177076403,0,🟢 OK
95,21,262,0.023685532807352416,0,🟢 OK
95,22,261,0.016091518294414464,0,🟢 OK
95,23,260,0.010834913910992228,0,🟢 OK
95,24,259,0.019552190634801347,0,🟢 OK
95,25,258,0.02319353110685335,0,🟢 OK
95,26,257,0.029350339384779045,0,🟢 OK
95,27,256,0.028155199977439427,0,🟢 OK
95,28,255,0.04022043411295073,0,🟢 OK
95,29,254,0.02676794276201,0,🟢 OK
95,30,253,0.027212848794890776,0,🟢 OK
95,31,252,0.03280662663011197,0,🟢 OK
95,32,251,0.04621281817798495,0,🟢 OK
95,33,250,0.059313872914866395,0,🟢 OK
95,34,249,0.06206971327654337,0,🟢 OK
95,35,248,0.058358881850863964,0,🟢 OK
95,36,247,0.06435964380132936,0,🟢 OK
95,37,246,0.0680827194308376,0,🟢 OK
95,38,245,0.06523572241527414,0,🟢 OK
95,39,244,0.04773196459198725,0,🟢 OK
95,40,243,0.05536466720549815,0,🟢 OK
95,41,242,0.06913391900955862,0,🟢 OK
95,42,241,0.06301668991991444,0,🟢 OK
95,43,240,0.07265638612933323,0,🟢 OK
95,44,239,0.06622707043021842,0,🟢 OK
95,45,238,0.06680275093285809,0,🟢 OK
95,46,237,0.06545780584016614,0,🟢 OK
95,47,236,0.05273327195227134,0,🟢 OK
95,48,235,0.04789296691140266,0,🟢 OK
95,49,234,0.052371720248461984,0,🟢 OK
95,50,233,0.057694831114738,0,🟢 OK
95,51,232,0.03643835259231698,0,🟢 OK
95,52,231,0.0493805684533099,0,🟢 OK
95,53,230,0.052295355949941946,0,🟢 OK
95,54,229,0.05221878273256575,0,🟢 OK
95,55,228,0.05135163016877231,0,🟢 OK
95,56,227,0.06158412311875194,0,🟢 OK
95,57,226,0.06350906646610127,0,🟢 OK
95,58,225,0.0437160467697294,0,🟢 OK
95,59,224,0.06336625354692743,0,🟢 OK
95,60,223,0.06359229562513874,0,🟢 OK
95,61,222,0.07049123395166068,0,🟢 OK
95,62,221,0.06834379787495293,0,🟢 OK
95,63,220,0.054870697319764905,0,🟢 OK
95,64,219,0.050236292296032936,0,🟢 OK
95,65,218,0.030167951003223725,0,🟢 OK
95,66,217,0.028543340610302115,0,🟢 OK
95,67,216,0.040855371938517515,0,🟢 OK
95,68,215,0.04613778758965681,0,🟢 OK
95,69,214,0.04188919171779665,0,🟢 OK
95,70,213,0.037371915122594024,0,🟢 OK
95,71,212,0.03369040179302668,0,🟢 OK
95,72,211,0.040581261595039386,0,🟢 OK
95,73,210,0.051280829133828476,0,🟢 OK
95,74,209,0.06638187150285657,0,🟢 OK
95,75,208,0.08897056126132674,0,🟢 OK
95,76,207,0.09158914004962432,0,🟢 OK
95,77,206,0.09114801892882435,0,🟢 OK
95,78,205,0.09136213587918424,0,🟢 OK
95,79,204,0.08205386975800616,0,🟢 OK
95,80,203,0.08713958634975039,0,🟢 OK
95,81,202,0.08483355979510498,0,🟢 OK
95,82,201,0.0789783307117436,0,🟢 OK
95,83,200,0.06908063477437543,0,🟢 OK
95,84,199,0.0732639517575931,0,🟢 OK
95,85,198,0.07444970379540017,0,🟢 OK
95,86,197,0.08364048010311442,0,🟢 OK
95,87,196,0.0761687165965027,0,🟢 OK
95,88,195,0.08686885430182373,0,🟢 OK
95,89,194,0.08165376665187657,0,🟢 OK
95,90,193,0.08596049871911943,0,🟢 OK
95,91,192,0.08181034123621872,0,🟢 OK
95,92,191,0.08831810017301428,0,🟢 OK
95,93,190,0.07910640148173093,0,🟢 OK
95,94,189,0.07483665246059479,0,🟢 OK
95,95,188,0.06552105347510362,0,🟢 OK
95,96,187,0.06611965155514482,0,🟢 OK
95,97,186,0.05795523155968335,0,🟢 OK
95,98,185,0.06421427601982105,0,🟢 OK
95,99,184,0.057108590986127694,0,🟢 OK
95,100,183,0.0499719505635402,0,🟢 OK
95,101,182,0.04449572973884214,0,🟢 OK
95,102,181,0.05476881832260805,0,🟢 OK
95,103,180,0.06994945641325434,0,🟢 OK
95,104,179,0.07357010033311545,0,🟢 OK
95,105,178,0.07279964754651502,0,🟢 OK
95,106,177,0.06606956457391833,0,🟢 OK
95,107,176,0.06415609556110419,0,🟢 OK
95,108,175,0.06356993562032087,0,🟢 OK
95,109,174,0.07096336571827788,0,🟢 OK
95,110,173,0.07178940009210238,0,🟢 OK
95,111,172,0.0739329904547405,0,🟢 OK
95,112,171,0.0738002131480689,0,🟢 OK
95,113,170,0.07306484546301961,0,🟢 OK
95,114,169,0.07209091485253383,0,🟢 OK
95,115,168,0.07403533005968316,0,🟢 OK
95,116,167,0.07607130936709122,0,🟢 OK
95,117,166,0.08209738129813554,0,🟢 OK
95,118,165,0.08193658718575614,0,🟢 OK
95,119,164,0.08450806566359642,0,🟢 OK
95,120,163,0.08364898021997336,0,🟢 OK
95,121,162,0.08977892412122701,0,🟢 OK
95,122,161,0.0836035381335225,0,🟢 OK
95,123,160,0.08302703755973984,0,🟢 OK
95,124,159,0.08648045827283912,0,🟢 OK
95,125,158,0.08085233082023063,0,🟢 OK
95,126,157,0.08426699643764629,0,🟢 OK
95,127,156,0.08873336586412922,0,🟢 OK
95,128,155,0.09211207258782872,0,🟢 OK
95,129,154,0.0986417076276711,0,🟢 OK
95,130,153,0.0908755916712446,0,🟢 OK
95,131,152,0.08520663534500639,0,🟢 OK
95,132,151,0.09085327405385724,0,🟢 OK
95,133,150,0.0831698892629476,0,🟢 OK
95,134,149,0.08476940832113466,0,🟢 OK
95,135,148,0.08010551666667681,0,🟢 OK
95,136,147,0.09168326190661424,0,🟢 OK
95,137,146,0.09042195715187185,0,🟢 OK
95,138,145,0.0856980843287754,0,🟢 OK
95,139,144,0.08685600854293252,0,🟢 OK
95,140,143,0.08504001951602219,0,🟢 OK
95,141,142,0.08319094943589661,0,🟢 OK
95,142,141,0.08392888192855064,0,🟢 OK
95,143,140,0.07696238503583569,0,🟢 OK
95,144,139,0.07469636281495012,0,🟢 OK
95,145,138,0.08876510864580633,0,🟢 OK
95,146,137,0.09041353703905758,0,🟢 OK
95,147,136,0.084660061754677,0,🟢 OK
95,148,135,0.08365868839365542,0,🟢 OK
95,149,134,0.08443282900873422,0,🟢 OK
95,150,133,0.0873034641080217,0,🟢 OK
95,151,132,0.09527153383004705,0,🟢 OK
95,152,131,0.08134422132299207,0,🟢 OK
95,153,130,0.09188800683854792,0,🟢 OK
95,154,129,0.09300006670243405,0,🟢 OK
95,155,128,0.08136590244780628,0,🟢 OK
95,156,127,0.0897642076041883,0,🟢 OK
95,157,126,0.09718434764239126,0,🟢 OK
95,158,125,0.08826695165158382,0,🟢 OK
95,159,124,0.08574825592952495,0,🟢 OK
95,160,123,0.07268976584949738,0,🟢 OK
95,161,122,0.06595724735376451,0,🟢 OK
95,162,121,0.07648601674219513,0,🟢 OK
95,163,120,0.0686660291128996,0,🟢 OK
95,164,119,0.06723622856820766,0,🟢 OK
95,165,118,0.07557878611353902,0,🟢 OK
95,166,117,0.08147060932815231,0,🟢 OK
95,167,116,0.07524022635893202,0,🟢 OK
95,168,115,0.076667368209352,0,🟢 OK
95,169,114,0.08621495489873066,0,🟢 OK
95,170,113,0.08755026071231764,0,🟢 OK
95,171,112,0.09122812685411308,0,🟢 OK
95,172,111,0.09539799045981556,0,🟢 OK
95,173,110,0.09468892190399741,0,🟢 OK
95,174,109,0.08845100348816776,0,🟢 OK
95,175,108,0.0863842779438515,0,🟢 OK
95,176,107,0.09077763765840136,0,🟢 OK
95,177,106,0.08791559769572199,0,🟢 OK
95,178,105,0.08413462262124005,0,🟢 OK
95,179,104,0.0975493475569747,0,🟢 OK
95,180,103,0.09199828263623122,0,🟢 OK
95,181,102,0.105519881012686,0,🟢 OK
95,182,101,0.10709687738633283,0,🟢 OK
95,183,100,0.10915312237110658,0,🟢 OK
95,184,99,0.10711509574652922,0,🟢 OK
95,185,98,0.11200561695958788,0,🟢 OK
95,186,97,0.11069866121278121,0,🟢 OK
95,187,96,0.11420825581384503,0,🟢 OK
95,188,95,0.11727518673350446,0,🟢 OK
95,189,94,0.10577435104137495,0,🟢 OK
95,190,93,0.1025777112414642,0,🟢 OK
95,191,92,0.10294597062184763,0,🟢 OK
95,192,91,0.10010419970789297,0,🟢 OK
95,193,90,0.09525888239092978,0,🟢 OK
95,194,89,0.08985597369089371,0,🟢 OK
95,195,88,0.09023768290377154,0,🟢 OK
95,196,87,0.09251450541528883,0,🟢 OK
95,197,86,0.10122181397921332,0,🟢 OK
95,198,85,0.1044052080603784,0,🟢 OK
95,199,84,0.10107861948000896,0,🟢 OK
95,200,83,0.10240817960576132,0,🟢 OK
95,201,82,0.11491814220448021,0,🟢 OK
95,202,81,0.11416452479046257,0,🟢 OK
95,203,80,0.11644418531087009,0,🟢 OK
95,204,79,0.10641127255710875,0,🟢 OK
95,205,78,0.10583251787358616,0,🟢 OK
95,206,77,0.10946024362904333,0,🟢 OK
95,207,76,0.10211859741665752,0,🟢 OK
95,208,75,0.1068104826267896,0,🟢 OK
95,209,74,0.1162227079911427,0,🟢 OK
95,210,73,0.11539336897798613,0,🟢 OK
95,211,72,0.11445012098719637,0,🟢 OK
95,212,71,0.10642652307525874,0,🟢 OK
95,213,70,0.09666324206422283,0,🟢 OK
95,214,69,0.10270445640822534,0,🟢 OK
95,215,68,0.09349730812577084,0,🟢 OK
95,216,67,0.10148492559727795,0,🟢 OK
95,217,66,0.10422393821946324,0,🟢 OK
95,218,65,0.0980776445796761,0,🟢 OK
95,219,64,0.10163986828897703,0,🟢 OK
95,220,63,0.09610545269362036,0,🟢 OK
95,221,62,0.08883906203673819,0,🟢 OK
95,222,61,0.09126285163287201,0,🟢 OK
95,223,60,0.09191269339791608,0,🟢 OK
95,224,59,0.09167320710599247,0,🟢 OK
95,225,58,0.09258175690740694,0,🟢 OK
95,226,57,0.0910427341426498,0,🟢 OK
95,227,56,0.09000512469155508,0,🟢 OK
95,228,55,0.07926635339736404,0,🟢 OK
95,229,54,0.08575449801955504,0,🟢 OK
95,230,53,0.08140737394793629,0,🟢 OK
95,231,52,0.07842214604145564,0,🟢 OK
95,232,51,0.06397383452239952,0,🟢 OK
95,233,50,0.06613872813591815,0,🟢 OK
95,234,49,0.06367841563550075,0,🟢 OK
95,235,48,0.06820275149219834,0,🟢 OK
95,236,47,0.062290186991735,0,🟢 OK
95,237,46,0.04807282732545265,0,🟢 OK
95,238,45,0.034764018201254354,0,🟢 OK
95,239,44,0.046682104452187956,0,🟢 OK
95,240,43,0.034463400150627654,0,🟢 OK
95,241,42,0.02246624212024384,0,🟢 OK
95,242,41,0.030621962487509535,0,🟢 OK
95,243,40,0.03876617853013559,0,🟢 OK
95,244,39,0.015226482772115302,0,🟢 OK
95,245,38,0.0013936644901132444,0,🟢 OK
95,246,37,0.018681878783484207,0,🟢 OK
95,247,36,0.008841059456533629,0,🟢 OK
95,248,35,0.03273684282618555,0,🟢 OK
95,249,34,0.02299123588944807,0,🟢 OK
95,250,33,0.02570963027920886,0,🟢 OK
95,251,32,0.028655587890573098,0,🟢 OK
95,252,31,0.03493696926348666,0,🟢 OK
95,253,30,0.037495593256623605,0,🟢 OK
95,254,29,0.023746114044640998,0,🟢 OK
95,255,28,0.024571012157089345,0,🟢 OK
95,256,27,0.022278171380652134,0,🟢 OK
95,257,26,0.027661727896494848,0,🟢 OK
95,258,25,0.017517403455479474,0,🟢 OK
95,259,24,0.020768356343532413,0,🟢 OK
95,260,23,0.006381990762486245,0,🟢 OK
95,261,22,-0.005340437484520955,1,🟢 OK
95,262,21,0.0012265490659326694,0,🟢 OK
95,263,20,0.0027980320566891592,0,🟢 OK
95,264,19,-0.0006185968206176007,1,🟢 OK
95,265,18,-0.0136094812484846,1,🟢 OK
95,266,17,-0.010855162836110432,1,🟢 OK
95,267,16,-0.021808168154791918,1,🟢 OK
95,268,15,-0.015445777986467069,1,🟢 OK
95,269,14,-0.013895970556079495,1,🟢 OK
95,270,13,-0.018778418025074628,1,🟢 OK
95,271,12,-0.03540405815816938,1,🟢 OK
95,272,11,-0.04793992808356817,1,🟢 OK
95,273,10,-0.046399083916963124,1,🟢 OK
95,274,9,-0.048655126105667246,1,🟢 OK
95,275,8,-0.043823136372068694,1,🟢 OK
95,276,7,-0.051356904038487805,1,🔴 ALERT
95,277,6,-0.04463554564298544,1,🔴 ALERT
95,278,5,-0.036139038293760084,1,🔴 ALERT
95,279,4,-0.031117373802132087,1,🔴 ALERT
95,280,3,-0.04010312711487918,1,🔴 ALERT
95,281,2,-0.03283530351485531,1,🔴 ALERT
95,282,1,-0.035844684610372046,1,🔴 ALERT
95,283,0,-0.06023449952115911,1,🔴 ALERT
96,1,335,0.06768188847502105,0,🟢 OK
96,2,334,-0.003843259179740821,0,🟢 OK
96,3,333,0.02462503477027378,0,🟢 OK
96,4,332,0.05260547312566666,0,🟢 OK
96,5,331,0.08155550135200046,0,🟢 OK
96,6,330,0.08096923736223993,0,🟢 OK
96,7,329,0.08251065496866011,0,🟢 OK
96,8,328,0.08341005760798231,0,🟢 OK
96,9,327,0.0906192207760732,0,🟢 OK
96,10,326,0.09313661715461835,0,🟢 OK
96,11,325,0.10133011504766698,0,🟢 OK
96,12,324,0.08175930096619588,0,🟢 OK
96,13,323,0.08722678460750793,0,🟢 OK
96,14,322,0.09380247593060659,0,🟢 OK
96,15,321,0.09578920312745598,0,🟢 OK
96,16,320,0.09494811745478848,0,🟢 OK
96,17,319,0.09669323571599403,0,🟢 OK
96,18,318,0.09153895665755529,0,🟢 OK
96,19,317,0.09728130631674631,0,🟢 OK
96,20,316,0.09585058168802973,0,🟢 OK
96,21,315,0.09737524677628329,0,🟢 OK
96,22,314,0.10960607144308293,0,🟢 OK
96,23,313,0.10295244543672571,0,🟢 OK
96,24,312,0.09402578836041581,0,🟢 OK
96,25,311,0.0995423974684655,0,🟢 OK
96,26,310,0.10179550782231561,0,🟢 OK
96,27,309,0.09652589181504723,0,🟢 OK
96,28,308,0.10483816449576072,0,🟢 OK
96,29,307,0.10679438390623841,0,🟢 OK
96,30,306,0.10694478050559608,0,🟢 OK
96,31,305,0.10108668155229822,0,🟢 OK
96,32,304,0.10025599463389273,0,🟢 OK
96,33,303,0.10864986803028509,0,🟢 OK
96,34,302,0.11337834205679426,0,🟢 OK
96,35,301,0.11263537408695912,0,🟢 OK
96,36,300,0.11144959855763781,0,🟢 OK
96,37,299,0.11352566500458622,0,🟢 OK
96,38,298,0.11398486461586188,0,🟢 OK
96,39,297,0.09942890085304518,0,🟢 OK
96,40,296,0.1027884689010759,0,🟢 OK
96,41,295,0.10538469383648486,0,🟢 OK
96,42,294,0.10767603334300163,0,🟢 OK
96,43,293,0.10139836555115134,0,🟢 OK
96,44,292,0.10235005572620853,0,🟢 OK
96,45,291,0.11218144708631267,0,🟢 OK
96,46,290,0.10752192812402728,0,🟢 OK
96,47,289,0.11611826687085275,0,🟢 OK
96,48,288,0.11764175018445555,0,🟢 OK
96,49,287,0.10923959304839909,0,🟢 OK
96,50,286,0.11121713210570372,0,🟢 OK
96,51,285,0.10558030310398236,0,🟢 OK
96,52,284,0.10421160958747994,0,🟢 OK
96,53,283,0.11025868132191252,0,🟢 OK
96,54,282,0.11013677044532971,0,🟢 OK
96,55,281,0.11178138760257483,0,🟢 OK
96,56,280,0.12221569103221402,0,🟢 OK
96,57,279,0.11159268505460418,0,🟢 OK
96,58,278,0.11240498000668647,0,🟢 OK
96,59,277,0.10790304961545327,0,🟢 OK
96,60,276,0.11389222579397112,0,🟢 OK
96,61,275,0.09884320475869218,0,🟢 OK
96,62,274,0.1016833278713758,0,🟢 OK
96,63,273,0.09431202458529081,0,🟢 OK
96,64,272,0.09392204611504623,0,🟢 OK
96,65,271,0.09626574388949732,0,🟢 OK
96,66,270,0.10138952312887561,0,🟢 OK
96,67,269,0.09652656367554047,0,🟢 OK
96,68,268,0.09564789427794373,0,🟢 OK
96,69,267,0.09060243315753619,0,🟢 OK
96,70,266,0.08397545290218944,0,🟢 OK
96,71,265,0.10259802127542816,0,🟢 OK
96,72,264,0.09899068445367776,0,🟢 OK
96,73,263,0.08302627972555082,0,🟢 OK
96,74,262,0.07990365111761938,0,🟢 OK
96,75,261,0.09756841743611816,0,🟢 OK
96,76,260,0.09766763364508646,0,🟢 OK
96,77,259,0.08821393651744253,0,🟢 OK
96,78,258,0.09589859879387896,0,🟢 OK
96,79,257,0.09765161460026223,0,🟢 OK
96,80,256,0.10283975915526283,0,🟢 OK
96,81,255,0.10700250394815936,0,🟢 OK
96,82,254,0.10366568087134809,0,🟢 OK
96,83,253,0.12101924287365395,0,🟢 OK
96,84,252,0.1294855108520237,0,🟢 OK
96,85,251,0.12879772618885854,0,🟢 OK
96,86,250,0.11591012238103549,0,🟢 OK
96,87,249,0.11145523458516587,0,🟢 OK
96,88,248,0.11170997890263112,0,🟢 OK
96,89,247,0.10838429515947451,0,🟢 OK
96,90,246,0.1075766767987914,0,🟢 OK
96,91,245,0.11166459648095428,0,🟢 OK
96,92,244,0.10442945889686861,0,🟢 OK
96,93,243,0.10148076424352981,0,🟢 OK
96,94,242,0.10172826463924944,0,🟢 OK
96,95,241,0.09341964050872459,0,🟢 OK
96,96,240,0.11192337981711359,0,🟢 OK
96,97,239,0.10659352528272603,0,🟢 OK
96,98,238,0.10513797743982972,0,🟢 OK
96,99,237,0.09677476670806912,0,🟢 OK
96,100,236,0.10117973714663125,0,🟢 OK
96,101,235,0.09819585596713004,0,🟢 OK
96,102,234,0.10660440851465952,0,🟢 OK
96,103,233,0.12006422285003465,0,🟢 OK
96,104,232,0.12092800475769988,0,🟢 OK
96,105,231,0.12532209011699952,0,🟢 OK
96,106,230,0.11849278137680463,0,🟢 OK
96,107,229,0.120416395714884,0,🟢 OK
96,108,228,0.1221069302652869,0,🟢 OK
96,109,227,0.11817454437488678,0,🟢 OK
96,110,226,0.11832422667027548,0,🟢 OK
96,111,225,0.12131577270626592,0,🟢 OK
96,112,224,0.1217497431986192,0,🟢 OK
96,113,223,0.12069976566193341,0,🟢 OK
96,114,222,0.12180159751480285,0,🟢 OK
96,115,221,0.12328195579703272,0,🟢 OK
96,116,220,0.11653595283243368,0,🟢 OK
96,117,219,0.105438503398751,0,🟢 OK
96,118,218,0.10004382869673961,0,🟢 OK
96,119,217,0.10082565225445811,0,🟢 OK
96,120,216,0.10982780306767637,0,🟢 OK
96,121,215,0.11056811453627136,0,🟢 OK
96,122,214,0.10977196060456418,0,🟢 OK
96,123,213,0.1042927333293795,0,🟢 OK
96,124,212,0.1075916920210957,0,🟢 OK
96,125,211,0.1085264443732405,0,🟢 OK
96,126,210,0.11580135980169481,0,🟢 OK
96,127,209,0.1236381252679643,0,🟢 OK
96,128,208,0.12626969924824466,0,🟢 OK
96,129,207,0.12229250020323285,0,🟢 OK
96,130,206,0.12080669606906785,0,🟢 OK
96,131,205,0.11960444079296317,0,🟢 OK
96,132,204,0.11373489210523963,0,🟢 OK
96,133,203,0.11678125555389235,0,🟢 OK
96,134,202,0.11528572302830625,0,🟢 OK
96,135,201,0.1097424335342217,0,🟢 OK
96,136,200,0.11141493056454926,0,🟢 OK
96,137,199,0.10615524420316297,0,🟢 OK
96,138,198,0.10036937803520435,0,🟢 OK
96,139,197,0.10384081306995085,0,🟢 OK
96,140,196,0.10294619498744739,0,🟢 OK
96,141,195,0.10168081705676679,0,🟢 OK
96,142,194,0.0976386547872341,0,🟢 OK
96,143,193,0.10012841260134736,0,🟢 OK
96,144,192,0.10477650119032272,0,🟢 OK
96,145,191,0.1122213370964486,0,🟢 OK
96,146,190,0.11151111345667775,0,🟢 OK
96,147,189,0.12233161634964007,0,🟢 OK
96,148,188,0.12825598825465417,0,🟢 OK
96,149,187,0.12103114887674771,0,🟢 OK
96,150,186,0.12469564016811802,0,🟢 OK
96,151,185,0.12607365042287133,0,🟢 OK
96,152,184,0.12607652082778364,0,🟢 OK
96,153,183,0.12655020554161694,0,🟢 OK
96,154,182,0.12465928985042407,0,🟢 OK
96,155,181,0.12383338227929519,0,🟢 OK
96,156,180,0.12798204159293275,0,🟢 OK
96,157,179,0.1268379386968977,0,🟢 OK
96,158,178,0.12391751631095038,0,🟢 OK
96,159,177,0.13160354062322516,0,🟢 OK
96,160,176,0.13068177470802655,0,🟢 OK
96,161,175,0.11705660257151701,0,🟢 OK
96,162,174,0.11700812520820175,0,🟢 OK
96,163,173,0.11471240390522641,0,🟢 OK
96,164,172,0.10733001862032471,0,🟢 OK
96,165,171,0.11410774715351157,0,🟢 OK
96,166,170,0.11777126040934932,0,🟢 OK
96,167,169,0.11938801002750166,0,🟢 OK
96,168,168,0.10878193381540185,0,🟢 OK
96,169,167,0.10954778273235083,0,🟢 OK
96,170,166,0.11034899852663699,0,🟢 OK
96,171,165,0.12904651825061525,0,🟢 OK
96,172,164,0.13562254721359174,0,🟢 OK
96,173,163,0.13051279496767892,0,🟢 OK
96,174,162,0.12122307788244757,0,🟢 OK
96,175,161,0.12131942268882218,0,🟢 OK
96,176,160,0.11667519624552924,0,🟢 OK
96,177,159,0.11384799546141328,0,🟢 OK
96,178,158,0.11099584173781979,0,🟢 OK
96,179,157,0.11871257201680446,0,🟢 OK
96,180,156,0.1209286333353396,0,🟢 OK
96,181,155,0.12257404305378405,0,🟢 OK
96,182,154,0.10977124066783156,0,🟢 OK
96,183,153,0.10718257308073387,0,🟢 OK
96,184,152,0.10572920004348635,0,🟢 OK
96,185,151,0.10067228216755736,0,🟢 OK
96,186,150,0.10027585083707635,0,🟢 OK
96,187,149,0.09658287988831649,0,🟢 OK
96,188,148,0.09720507774784687,0,🟢 OK
96,189,147,0.08676224213427547,0,🟢 OK
96,190,146,0.08254202716084719,0,🟢 OK
96,191,145,0.08140653906529782,0,🟢 OK
96,192,144,0.10572517065990367,0,🟢 OK
96,193,143,0.11931292123068776,0,🟢 OK
96,194,142,0.12408232910175993,0,🟢 OK
96,195,141,0.12242799283606032,0,🟢 OK
96,196,140,0.1220725379981788,0,🟢 OK
96,197,139,0.1267418524846966,0,🟢 OK
96,198,138,0.12767838430038964,0,🟢 OK
96,199,137,0.13041314060280323,0,🟢 OK
96,200,136,0.13673924650652175,0,🟢 OK
96,201,135,0.13799840468384095,0,🟢 OK
96,202,134,0.13047914307982927,0,🟢 OK
96,203,133,0.11640509504904295,0,🟢 OK
96,204,132,0.11417892188347262,0,🟢 OK
96,205,131,0.12425794820409902,0,🟢 OK
96,206,130,0.12290486614392993,0,🟢 OK
96,207,129,0.12062846237745711,0,🟢 OK
96,208,128,0.11499453860427966,0,🟢 OK
96,209,127,0.1224753376232669,0,🟢 OK
96,210,126,0.12245773948153676,0,🟢 OK
96,211,125,0.12069273103878586,0,🟢 OK
96,212,124,0.11994257624250076,0,🟢 OK
96,213,123,0.11101103808337986,0,🟢 OK
96,214,122,0.11807680157893036,0,🟢 OK
96,215,121,0.11466915248178683,0,🟢 OK
96,216,120,0.11935623855471117,0,🟢 OK
96,217,119,0.11823765497569533,0,🟢 OK
96,218,118,0.11574788266088065,0,🟢 OK
96,219,117,0.10392415121712628,0,🟢 OK
96,220,116,0.10443819763317996,0,🟢 OK
96,221,115,0.109137449121679,0,🟢 OK
96,222,114,0.10926649139021366,0,🟢 OK
96,223,113,0.11263186876748627,0,🟢 OK
96,224,112,0.12489963068390825,0,🟢 OK
96,225,111,0.11617327461503957,0,🟢 OK
96,226,110,0.11152752795268067,0,🟢 OK
96,227,109,0.10856935890824065,0,🟢 OK
96,228,108,0.10912122560785092,0,🟢 OK
96,229,107,0.1133907235588354,0,🟢 OK
96,230,106,0.10812600530538169,0,🟢 OK
96,231,105,0.10754797866531068,0,🟢 OK
96,232,104,0.10952894600472912,0,🟢 OK
96,233,103,0.1206618525538638,0,🟢 OK
96,234,102,0.1176745825853659,0,🟢 OK
96,235,101,0.12039341293215361,0,🟢 OK
96,236,100,0.1106481469377733,0,🟢 OK
96,237,99,0.10542496406829549,0,🟢 OK
96,238,98,0.1012920880544741,0,🟢 OK
96,239,97,0.10855247871813406,0,🟢 OK
96,240,96,0.10859748867648855,0,🟢 OK
96,241,95,0.11662643067559403,0,🟢 OK
96,242,94,0.11704667821389253,0,🟢 OK
96,243,93,0.11032192276927266,0,🟢 OK
96,244,92,0.10522824965958089,0,🟢 OK
96,245,91,0.09613448007853781,0,🟢 OK
96,246,90,0.10185270693354653,0,🟢 OK
96,247,89,0.09719251118638722,0,🟢 OK
96,248,88,0.09760088230039826,0,🟢 OK
96,249,87,0.0917098345405517,0,🟢 OK
96,250,86,0.09190871938895706,0,🟢 OK
96,251,85,0.0854133863284996,0,🟢 OK
96,252,84,0.07786181007872389,0,🟢 OK
96,253,83,0.07549574368200795,0,🟢 OK
96,254,82,0.07841380453374674,0,🟢 OK
96,255,81,0.0743524238251067,0,🟢 OK
96,256,80,0.06247005253879451,0,🟢 OK
96,257,79,0.05914302715001518,0,🟢 OK
96,258,78,0.0526185009422962,0,🟢 OK
96,259,77,0.069365160229799,0,🟢 OK
96,260,76,0.06763688903361792,0,🟢 OK
96,261,75,0.06682160687043931,0,🟢 OK
96,262,74,0.047830180719687476,0,🟢 OK
96,263,73,0.06116988258265382,0,🟢 OK
96,264,72,0.061753314681492255,0,🟢 OK
96,265,71,0.07104359541663224,0,🟢 OK
96,266,70,0.07232848334739056,0,🟢 OK
96,267,69,0.06727534737446222,0,🟢 OK
96,268,68,0.06463832757011445,0,🟢 OK
96,269,67,0.05055064760052291,0,🟢 OK
96,270,66,0.07696452847873325,0,🟢 OK
96,271,65,0.07704878256482911,0,🟢 OK
96,272,64,0.06530867118557715,0,🟢 OK
96,273,63,0.05840522029613948,0,🟢 OK
96,274,62,0.050596868584795396,0,🟢 OK
96,275,61,0.050504579294616214,0,🟢 OK
96,276,60,0.05284165820627246,0,🟢 OK
96,277,59,0.046625992195118204,0,🟢 OK
96,278,58,0.04045905497108904,0,🟢 OK
96,279,57,0.040334641610610455,0,🟢 OK
96,280,56,0.03488007402881549,0,🟢 OK
96,281,55,0.037140719807304656,0,🟢 OK
96,282,54,0.04435228274565228,0,🟢 OK
96,283,53,0.03285498708398643,0,🟢 OK
96,284,52,0.03157427658509859,0,🟢 OK
96,285,51,0.02760942629606772,0,🟢 OK
96,286,50,0.016434750234395223,0,🟢 OK
96,287,49,0.011390044943685729,0,🟢 OK
96,288,48,0.008380704638355219,0,🟢 OK
96,289,47,0.003734390946574906,0,🟢 OK
96,290,46,0.00025595581754089824,0,🟢 OK
96,291,45,0.0013542133593470451,0,🟢 OK
96,292,44,0.006537983010203141,0,🟢 OK
96,293,43,-0.0010138942511143112,1,🟢 OK
96,294,42,-0.010190601591928417,1,🟢 OK
96,295,41,-0.0073641071604162445,1,🟢 OK
96,296,40,-0.023639724425056907,1,🟢 OK
96,297,39,-0.019846674422058674,1,🟢 OK
96,298,38,-0.019646970797564722,1,🟢 OK
96,299,37,-0.018477478515180112,1,🟢 OK
96,300,36,-0.02453274837972297,1,🟢 OK
96,301,35,-0.02514144946768515,1,🟢 OK
96,302,34,-0.037354887420239624,1,🟢 OK
96,303,33,-0.03100382615355879,1,🟢 OK
96,304,32,-0.018591150152638236,1,🟢 OK
96,305,31,-0.028307067136482456,1,🔴 ALERT
96,306,30,-0.013888545459918133,1,🔴 ALERT
96,307,29,-0.015088214286643864,1,🔴 ALERT
96,308,28,-0.009363869475898956,1,🔴 ALERT
96,309,27,-0.024286815228389713,1,🔴 ALERT
96,310,26,-0.0350367025312881,1,🔴 ALERT
96,311,25,-0.030414736514161267,1,🔴 ALERT
96,312,24,-0.03440885807506733,1,🔴 ALERT
96,313,23,-0.040073093577122965,1,🔴 ALERT
96,314,22,-0.0441687362327533,1,🔴 ALERT
96,315,21,-0.04628728828489215,1,🔴 ALERT
96,316,20,-0.03995048366596399,1,🔴 ALERT
96,317,19,-0.034494545606935545,1,🔴 ALERT
96,318,18,-0.033592315213429536,1,🔴 ALERT
96,319,17,-0.02194782971645992,1,🔴 ALERT
96,320,16,-0.025779292199830328,1,🔴 ALERT
96,321,15,-0.023970803805336782,1,🔴 ALERT
96,322,14,-0.014663790327306248,1,🔴 ALERT
96,323,13,-0.012989849785757568,1,🔴 ALERT
96,324,12,-0.01813190709317969,1,🔴 ALERT
96,325,11,-0.038849179924501764,1,🔴 ALERT
96,326,10,-0.03569457933675935,1,🔴 ALERT
96,327,9,-0.03618169368850643,1,🔴 ALERT
96,328,8,-0.034780154585076106,1,🔴 ALERT
96,329,7,-0.03319752648847274,1,🔴 ALERT
96,330,6,-0.032756743186639015,1,🔴 ALERT
96,331,5,-0.02606351688426911,1,🔴 ALERT
96,332,4,-0.027910802681040847,1,🔴 ALERT
96,333,3,-0.02555176057130426,1,🔴 ALERT
96,334,2,-0.013885172795080059,1,🔴 ALERT
96,335,1,-0.016147471705779348,1,🔴 ALERT
96,336,0,-0.026273151869861566,1,🔴 ALERT
97,1,201,0.08028996764400276,0,🟢 OK
97,2,200,0.014054220204854972,0,🟢 OK
97,3,199,0.050431288397795815,0,🟢 OK
97,4,198,0.06632028473045265,0,🟢 OK
97,5,197,0.08250478507643638,0,🟢 OK
97,6,196,0.09269771637560231,0,🟢 OK
97,7,195,0.09382428786074959,0,🟢 OK
97,8,194,0.10108846812885258,0,🟢 OK
97,9,193,0.10411265413043497,0,🟢 OK
97,10,192,0.09919376303105554,0,🟢 OK
97,11,191,0.09946272067112644,0,🟢 OK
97,12,190,0.09251658377860367,0,🟢 OK
97,13,189,0.09455212348183395,0,🟢 OK
97,14,188,0.09772935641808439,0,🟢 OK
97,15,187,0.10264603583904713,0,🟢 OK
97,16,186,0.11023628182298012,0,🟢 OK
97,17,185,0.10452788605390018,0,🟢 OK
97,18,184,0.10776510586425153,0,🟢 OK
97,19,183,0.10538390640794282,0,🟢 OK
97,20,182,0.10655966660581118,0,🟢 OK
97,21,181,0.1109959607450563,0,🟢 OK
97,22,180,0.1036996022685317,0,🟢 OK
97,23,179,0.10297532795286984,0,🟢 OK
97,24,178,0.10975589335708336,0,🟢 OK
97,25,177,0.11030782156637814,0,🟢 OK
97,26,176,0.09974830732536816,0,🟢 OK
97,27,175,0.10613289337907367,0,🟢 OK
97,28,174,0.0990805899589407,0,🟢 OK
97,29,173,0.10496209143793289,0,🟢 OK
97,30,172,0.09696112703379517,0,🟢 OK
97,31,171,0.10136543205893689,0,🟢 OK
97,32,170,0.10248535675734355,0,🟢 OK
97,33,169,0.10126302822888972,0,🟢 OK
97,34,168,0.09843028641004259,0,🟢 OK
97,35,167,0.09931296725458438,0,🟢 OK
97,36,166,0.09911532352732144,0,🟢 OK
97,37,165,0.10132672982478058,0,🟢 OK
97,38,164,0.11064849269319005,0,🟢 OK
97,39,163,0.11305699411927944,0,🟢 OK
97,40,162,0.11635804016212781,0,🟢 OK
97,41,161,0.11563114103620681,0,🟢 OK
97,42,160,0.11675868128307204,0,🟢 OK
97,43,159,0.10647109819408207,0,🟢 OK
97,44,158,0.1049905230761563,0,🟢 OK
97,45,157,0.10180284275222068,0,🟢 OK
97,46,156,0.1045467647398109,0,🟢 OK
97,47,155,0.09959651007390125,0,🟢 OK
97,48,154,0.10556610960707369,0,🟢 OK
97,49,153,0.10015080084596795,0,🟢 OK
97,50,152,0.09863482193272799,0,🟢 OK
97,51,151,0.10047404578451918,0,🟢 OK
97,52,150,0.08491068857801026,0,🟢 OK
97,53,149,0.10508560414517765,0,🟢 OK
97,54,148,0.09941318725884418,0,🟢 OK
97,55,147,0.10123196021986597,0,🟢 OK
97,56,146,0.1035835234843,0,🟢 OK
97,57,145,0.09602321018070903,0,🟢 OK
97,58,144,0.09795648826092312,0,🟢 OK
97,59,143,0.09534666192364694,0,🟢 OK
97,60,142,0.09899919414761554,0,🟢 OK
97,61,141,0.10137642135522806,0,🟢 OK
97,62,140,0.10315835800062212,0,🟢 OK
97,63,139,0.10630542344189908,0,🟢 OK
97,64,138,0.10175973743508515,0,🟢 OK
97,65,137,0.11008120086544837,0,🟢 OK
97,66,136,0.10032413715045196,0,🟢 OK
97,67,135,0.1043869269281707,0,🟢 OK
97,68,134,0.11257720680898353,0,🟢 OK
97,69,133,0.11464030409121356,0,🟢 OK
97,70,132,0.11154655989697027,0,🟢 OK
97,71,131,0.10915466286249237,0,🟢 OK
97,72,130,0.11129275550152407,0,🟢 OK
97,73,129,0.10967835253113761,0,🟢 OK
97,74,128,0.11078431789176546,0,🟢 OK
97,75,127,0.1117282438280709,0,🟢 OK
97,76,126,0.1091240605591739,0,🟢 OK
97,77,125,0.10597447938159127,0,🟢 OK
97,78,124,0.10114551472370342,0,🟢 OK
97,79,123,0.1061328307545844,0,🟢 OK
97,80,122,0.10802120869612175,0,🟢 OK
97,81,121,0.10903805632680513,0,🟢 OK
97,82,120,0.1096468211921085,0,🟢 OK
97,83,119,0.11571347614301403,0,🟢 OK
97,84,118,0.11432905680950167,0,🟢 OK
97,85,117,0.12158227040697367,0,🟢 OK
97,86,116,0.12179146028016569,0,🟢 OK
97,87,115,0.12652906063608982,0,🟢 OK
97,88,114,0.1181690617750869,0,🟢 OK
97,89,113,0.09691120019282423,0,🟢 OK
97,90,112,0.10354673634826078,0,🟢 OK
97,91,111,0.10661811006744837,0,🟢 OK
97,92,110,0.10440165214715541,0,🟢 OK
97,93,109,0.104139330708311,0,🟢 OK
97,94,108,0.09601280941593826,0,🟢 OK
97,95,107,0.09123268748391555,0,🟢 OK
97,96,106,0.09772064893276672,0,🟢 OK
97,97,105,0.09920309946178574,0,🟢 OK
97,98,104,0.09884080547402241,0,🟢 OK
97,99,103,0.11803794613994584,0,🟢 OK
97,100,102,0.11144320040471722,0,🟢 OK
97,101,101,0.10660710022269537,0,🟢 OK
97,102,100,0.1125269675199323,0,🟢 OK
97,103,99,0.117415929636143,0,🟢 OK
97,104,98,0.11700811017675855,0,🟢 OK
97,105,97,0.1186921350780547,0,🟢 OK
97,106,96,0.12363450237119383,0,🟢 OK
97,107,95,0.12148241753902206,0,🟢 OK
97,108,94,0.11106814334421428,0,🟢 OK
97,109,93,0.13124444712173872,0,🟢 OK
97,110,92,0.1319568682322445,0,🟢 OK
97,111,91,0.11737866814395087,0,🟢 OK
97,112,90,0.1161747944982251,0,🟢 OK
97,113,89,0.11404346478577637,0,🟢 OK
97,114,88,0.11284067059083591,0,🟢 OK
97,115,87,0.11257305211002178,0,🟢 OK
97,116,86,0.11158602520069083,0,🟢 OK
97,117,85,0.11814809060256198,0,🟢 OK
97,118,84,0.1152566305671453,0,🟢 OK
97,119,83,0.11719255579281551,0,🟢 OK
97,120,82,0.1125050174328659,0,🟢 OK
97,121,81,0.11570930199069718,0,🟢 OK
97,122,80,0.11182935623838464,0,🟢 OK
97,123,79,0.11648373293014863,0,🟢 OK
97,124,78,0.11559224007825802,0,🟢 OK
97,125,77,0.10807222396071742,0,🟢 OK
97,126,76,0.11365105954215765,0,🟢 OK
97,127,75,0.11040593241741498,0,🟢 OK
97,128,74,0.11304050093832108,0,🟢 OK
97,129,73,0.10519249837267841,0,🟢 OK
97,130,72,0.1078043586853849,0,🟢 OK
97,131,71,0.11007753405794857,0,🟢 OK
97,132,70,0.10506406894900039,0,🟢 OK
97,133,69,0.11244235824267612,0,🟢 OK
97,134,68,0.11042011824658782,0,🟢 OK
97,135,67,0.10375206851032415,0,🟢 OK
97,136,66,0.10389606339410079,0,🟢 OK
97,137,65,0.10242463702153848,0,🟢 OK
97,138,64,0.11932034832935734,0,🟢 OK
97,139,63,0.12078133399003127,0,🟢 OK
97,140,62,0.12347045352819885,0,🟢 OK
97,141,61,0.1150018781663325,0,🟢 OK
97,142,60,0.09756082796371668,0,🟢 OK
97,143,59,0.09834396792278821,0,🟢 OK
97,144,58,0.09079961125640307,0,🟢 OK
97,145,57,0.09145182679331015,0,🟢 OK
97,146,56,0.10086432109338944,0,🟢 OK
97,147,55,0.07272282855041767,0,🟢 OK
97,148,54,0.09147363028404465,0,🟢 OK
97,149,53,0.10241468084037003,0,🟢 OK
97,150,52,0.08785340019496268,0,🟢 OK
97,151,51,0.09969601989247784,0,🟢 OK
97,152,50,0.10041350511614766,0,🟢 OK
97,153,49,0.0784126817997291,0,🟢 OK
97,154,48,0.08512245050793465,0,🟢 OK
97,155,47,0.07692310454623968,0,🟢 OK
97,156,46,0.08523819655711834,0,🟢 OK
97,157,45,0.10289166151135287,0,🟢 OK
97,158,44,0.11026591083543935,0,🟢 OK
97,159,43,0.10117353636494586,0,🟢 OK
97,160,42,0.0866648492560545,0,🟢 OK
97,161,41,0.07273428189395481,0,🟢 OK
97,162,40,0.085122043848189,0,🟢 OK
97,163,39,0.09311186641253133,0,🟢 OK
97,164,38,0.09068245687523196,0,🟢 OK
97,165,37,0.08452354475289287,0,🟢 OK
97,166,36,0.09804884839047762,0,🟢 OK
97,167,35,0.10045512556492503,0,🟢 OK
97,168,34,0.10238908843394334,0,🟢 OK
97,169,33,0.08334294386619806,0,🟢 OK
97,170,32,0.09701175033634063,0,🟢 OK
97,171,31,0.09034668951991554,0,🟢 OK
97,172,30,0.08813946890917085,0,🟢 OK
97,173,29,0.08497771391329956,0,🟢 OK
97,174,28,0.05487684274610466,0,🟢 OK
97,175,27,0.052474712137602464,0,🟢 OK
97,176,26,0.04561203476991971,0,🟢 OK
97,177,25,0.03922937734981641,0,🟢 OK
97,178,24,0.02523066804929286,0,🟢 OK
97,179,23,0.03785807443733574,0,🟢 OK
97,180,22,0.007868268401462042,0,🟢 OK
97,181,21,0.0124960139672608,0,🟢 OK
97,182,20,0.012712445683021323,0,🟢 OK
97,183,19,0.014395109682577623,0,🟢 OK
97,184,18,0.0028507296210782407,0,🟢 OK
97,185,17,-0.002297627827213544,1,🟢 OK
97,186,16,0.00014235514626892432,0,🟢 OK
97,187,15,0.0002357341005624347,0,🟢 OK
97,188,14,0.004365282184011443,0,🟢 OK
97,189,13,-0.00048238098648845096,1,🟢 OK
97,190,12,-0.006535807189245069,1,🟢 OK
97,191,11,-0.02753301999385316,1,🟢 OK
97,192,10,-0.034874723876265334,1,🟢 OK
97,193,9,-0.045719862641616316,1,🟢 OK
97,194,8,-0.04610472579666702,1,🟢 OK
97,195,7,-0.05149612463120723,1,🟢 OK
97,196,6,-0.04887289476305834,1,🟢 OK
97,197,5,-0.05243262223768741,1,🟢 OK
97,198,4,-0.0509247958528265,1,🟢 OK
97,199,3,-0.06761524989773937,1,🟢 OK
97,200,2,-0.06546209903930345,1,🔴 ALERT
97,201,1,-0.07136051254633291,1,🔴 ALERT
97,202,0,-0.07047099814547186,1,🔴 ALERT
98,1,155,0.05879010874681312,0,🟢 OK
98,2,154,0.001396219205172855,0,🟢 OK
98,3,153,0.018702621847009937,0,🟢 OK
98,4,152,0.02302325738089278,0,🟢 OK
98,5,151,0.04266406250585508,0,🟢 OK
98,6,150,0.03940031708302061,0,🟢 OK
98,7,149,0.04839423033016044,0,🟢 OK
98,8,148,0.053112904965325614,0,🟢 OK
98,9,147,0.055143764662123895,0,🟢 OK
98,10,146,0.06053847818532787,0,🟢 OK
98,11,145,0.06450081971309601,0,🟢 OK
98,12,144,0.053908388328506474,0,🟢 OK
98,13,143,0.04660097163427446,0,🟢 OK
98,14,142,0.06069797813694128,0,🟢 OK
98,15,141,0.053466036537945016,0,🟢 OK
98,16,140,0.05711707693286655,0,🟢 OK
98,17,139,0.0574924219051669,0,🟢 OK
98,18,138,0.06290045984442988,0,🟢 OK
98,19,137,0.06713345893525596,0,🟢 OK
98,20,136,0.07612715665593989,0,🟢 OK
98,21,135,0.06751962006641071,0,🟢 OK
98,22,134,0.07406104253529239,0,🟢 OK
98,23,133,0.07865074122406451,0,🟢 OK
98,24,132,0.0751900989677185,0,🟢 OK
98,25,131,0.08228274845013511,0,🟢 OK
98,26,130,0.08094951937749412,0,🟢 OK
98,27,129,0.07684422341184027,0,🟢 OK
98,28,128,0.08671539769668718,0,🟢 OK
98,29,127,0.0848943307778523,0,🟢 OK
98,30,126,0.08405326882191588,0,🟢 OK
98,31,125,0.08818925564753521,0,🟢 OK
98,32,124,0.09083155475288551,0,🟢 OK
98,33,123,0.09084370076157161,0,🟢 OK
98,34,122,0.0936538444126575,0,🟢 OK
98,35,121,0.08126488137116278,0,🟢 OK
98,36,120,0.0768694867654594,0,🟢 OK
98,37,119,0.078632375352653,0,🟢 OK
98,38,118,0.08172578639866418,0,🟢 OK
98,39,117,0.08880023366910589,0,🟢 OK
98,40,116,0.09174024706099482,0,🟢 OK
98,41,115,0.0858775894039926,0,🟢 OK
98,42,114,0.08463492844423581,0,🟢 OK
98,43,113,0.06672623071353206,0,🟢 OK
98,44,112,0.05830859350695217,0,🟢 OK
98,45,111,0.051335180783592005,0,🟢 OK
98,46,110,0.07771359252589166,0,🟢 OK
98,47,109,0.0728097632977639,0,🟢 OK
98,48,108,0.06624571033037208,0,🟢 OK
98,49,107,0.07963861135036382,0,🟢 OK
98,50,106,0.06462363550551498,0,🟢 OK
98,51,105,0.0817470064413704,0,🟢 OK
98,52,104,0.08468594396008322,0,🟢 OK
98,53,103,0.08090821617534111,0,🟢 OK
98,54,102,0.09438676864137413,0,🟢 OK
98,55,101,0.08371634423818303,0,🟢 OK
98,56,100,0.09289601046309098,0,🟢 OK
98,57,99,0.09563747655318106,0,🟢 OK
98,58,98,0.09876736333930691,0,🟢 OK
98,59,97,0.09411991094111594,0,🟢 OK
98,60,96,0.103049030077975,0,🟢 OK
98,61,95,0.09378945133364536,0,🟢 OK
98,62,94,0.0904292109149194,0,🟢 OK
98,63,93,0.09924155262546114,0,🟢 OK
98,64,92,0.09477068730671029,0,🟢 OK
98,65,91,0.1038810818437903,0,🟢 OK
98,66,90,0.0976821220231715,0,🟢 OK
98,67,89,0.10282996347899409,0,🟢 OK
98,68,88,0.0999831483616519,0,🟢 OK
98,69,87,0.09479128973107331,0,🟢 OK
98,70,86,0.10031898494483449,0,🟢 OK
98,71,85,0.09655952381501026,0,🟢 OK
98,72,84,0.0882514912105809,0,🟢 OK
98,73,83,0.0970615169298733,0,🟢 OK
98,74,82,0.09401072270439265,0,🟢 OK
98,75,81,0.09676748529651624,0,🟢 OK
98,76,80,0.08333271460571684,0,🟢 OK
98,77,79,0.07495817344491357,0,🟢 OK
98,78,78,0.08643855211885837,0,🟢 OK
98,79,77,0.09389774729954292,0,🟢 OK
98,80,76,0.09398025663779236,0,🟢 OK
98,81,75,0.10064267658793485,0,🟢 OK
98,82,74,0.10511992185628932,0,🟢 OK
98,83,73,0.10649621826511474,0,🟢 OK
98,84,72,0.10494656847194966,0,🟢 OK
98,85,71,0.11263148974613568,0,🟢 OK
98,86,70,0.12392271933194188,0,🟢 OK
98,87,69,0.1283061540994344,0,🟢 OK
98,88,68,0.1255353223579811,0,🟢 OK
98,89,67,0.1267033407913265,0,🟢 OK
98,90,66,0.12161472349074537,0,🟢 OK
98,91,65,0.12213779123043872,0,🟢 OK
98,92,64,0.12087237935216699,0,🟢 OK
98,93,63,0.12029034502196712,0,🟢 OK
98,94,62,0.12385073457019075,0,🟢 OK
98,95,61,0.12471514499704156,0,🟢 OK
98,96,60,0.12136668183682708,0,🟢 OK
98,97,59,0.11760832923879844,0,🟢 OK
98,98,58,0.11603197815199967,0,🟢 OK
98,99,57,0.1050859312129056,0,🟢 OK
98,100,56,0.09474997759632625,0,🟢 OK
98,101,55,0.09290245845092626,0,🟢 OK
98,102,54,0.09616302796192916,0,🟢 OK
98,103,53,0.10698615077708323,0,🟢 OK
98,104,52,0.11786635256209693,0,🟢 OK
98,105,51,0.1209989218992813,0,🟢 OK
98,106,50,0.11219330374711506,0,🟢 OK
98,107,49,0.12247458038736919,0,🟢 OK
98,108,48,0.12109221991011848,0,🟢 OK
98,109,47,0.12393242927375858,0,🟢 OK
98,110,46,0.10710962720035849,0,🟢 OK
98,111,45,0.09900532368737236,0,🟢 OK
98,112,44,0.09913162182394519,0,🟢 OK
98,113,43,0.09675260267835184,0,🟢 OK
98,114,42,0.10362949230379387,0,🟢 OK
98,115,41,0.10665946931120851,0,🟢 OK
98,116,40,0.10671205176403564,0,🟢 OK
98,117,39,0.10227608403992394,0,🟢 OK
98,118,38,0.09136680834712246,0,🟢 OK
98,119,37,0.08507372496542226,0,🟢 OK
98,120,36,0.09876188418439003,0,🟢 OK
98,121,35,0.09150850069930772,0,🟢 OK
98,122,34,0.09559441631578586,0,🟢 OK
98,123,33,0.09535242134665711,0,🟢 OK
98,124,32,0.0764196449356862,0,🟢 OK
98,125,31,0.07320586842215387,0,🟢 OK
98,126,30,0.061038414997347745,0,🟢 OK
98,127,29,0.0689241650694623,0,🟢 OK
98,128,28,0.0764475728581539,0,🟢 OK
98,129,27,0.07109866441608759,0,🟢 OK
98,130,26,0.06070245385618134,0,🟢 OK
98,131,25,0.06177929701284968,0,🟢 OK
98,132,24,0.0653021499791917,0,🟢 OK
98,133,23,0.04909602088954884,0,🟢 OK
98,134,22,0.045991029388265436,0,🟢 OK
98,135,21,0.03280324860179262,0,🟢 OK
98,136,20,0.02953138263907673,0,🟢 OK
98,137,19,0.021512405743981833,0,🟢 OK
98,138,18,0.00857122388055348,0,🟢 OK
98,139,17,0.014823652239686902,0,🟢 OK
98,140,16,0.007924658950732688,0,🟢 OK
98,141,15,0.0029799330632125365,0,🟢 OK
98,142,14,-0.005177591290693173,1,🟢 OK
98,143,13,-0.0047498871955633515,1,🟢 OK
98,144,12,-0.012877369045238285,1,🟢 OK
98,145,11,-0.008020705588047794,1,🟢 OK
98,146,10,-0.010347890995179188,1,🟢 OK
98,147,9,-0.0075394946148859,1,🟢 OK
98,148,8,-0.0024352807581020652,1,🟢 OK
98,149,7,-0.0013366245127476306,1,🟢 OK
98,150,6,-0.0031876500359663273,1,🟢 OK
98,151,5,-0.008910699641996866,1,🟢 OK
98,152,4,-0.0074390042400761525,1,🟢 OK
98,153,3,-0.008086187787686216,1,🟢 OK
98,154,2,-0.008734073327770098,1,🟢 OK
98,155,1,-0.011434648468243713,1,🟢 OK
98,156,0,-0.01499849123665331,1,🟢 OK
99,1,184,0.07541124370509328,0,🟢 OK
99,2,183,0.023038757642064756,0,🟢 OK
99,3,182,0.03869448296002953,0,🟢 OK
99,4,181,0.06175527101821676,0,🟢 OK
99,5,180,0.07877158305778059,0,🟢 OK
99,6,179,0.08617459180354697,0,🟢 OK
99,7,178,0.060620615163845815,0,🟢 OK
99,8,177,0.06726615854425483,0,🟢 OK
99,9,176,0.07342878671786385,0,🟢 OK
99,10,175,0.08494377477959542,0,🟢 OK
99,11,174,0.08720640681356878,0,🟢 OK
99,12,173,0.07968163375247911,0,🟢 OK
99,13,172,0.07576305358073687,0,🟢 OK
99,14,171,0.07746554543813361,0,🟢 OK
99,15,170,0.06988164847050604,0,🟢 OK
99,16,169,0.08002432947656962,0,🟢 OK
99,17,168,0.10230382403179983,0,🟢 OK
99,18,167,0.09934041611704597,0,🟢 OK
99,19,166,0.10315479961355467,0,🟢 OK
99,20,165,0.09280111159860527,0,🟢 OK
99,21,164,0.10794009793346288,0,🟢 OK
99,22,163,0.11242828345691697,0,🟢 OK
99,23,162,0.1076351255874125,0,🟢 OK
99,24,161,0.0962806368663226,0,🟢 OK
99,25,160,0.1043437551620725,0,🟢 OK
99,26,159,0.10301779307924586,0,🟢 OK
99,27,158,0.09962217844773608,0,🟢 OK
99,28,157,0.10924660170057815,0,🟢 OK
99,29,156,0.10717350430169142,0,🟢 OK
99,30,155,0.11167539768699092,0,🟢 OK
99,31,154,0.11307299998177922,0,🟢 OK
99,32,153,0.10765909377767247,0,🟢 OK
99,33,152,0.12209758916404784,0,🟢 OK
99,34,151,0.11542381427487575,0,🟢 OK
99,35,150,0.11429701593896108,0,🟢 OK
99,36,149,0.11873678420395195,0,🟢 OK
99,37,148,0.11773857225895634,0,🟢 OK
99,38,147,0.11147721388264553,0,🟢 OK
99,39,146,0.09346352053486118,0,🟢 OK
99,40,145,0.09870340138276662,0,🟢 OK
99,41,144,0.07773916192839742,0,🟢 OK
99,42,143,0.07635535268617405,0,🟢 OK
99,43,142,0.0831735507024326,0,🟢 OK
99,44,141,0.08410069234001566,0,🟢 OK
99,45,140,0.08268669588288285,0,🟢 OK
99,46,139,0.09698240382881146,0,🟢 OK
99,47,138,0.09548998430306904,0,🟢 OK
99,48,137,0.09383710721960964,0,🟢 OK
99,49,136,0.09691526901610403,0,🟢 OK
99,50,135,0.1025037871825395,0,🟢 OK
99,51,134,0.11150290252166156,0,🟢 OK
99,52,133,0.12341821035417505,0,🟢 OK
99,53,132,0.12376025218756798,0,🟢 OK
99,54,131,0.11993831459516524,0,🟢 OK
99,55,130,0.11297119587910953,0,🟢 OK
99,56,129,0.1064197151615558,0,🟢 OK
99,57,128,0.10659914807571935,0,🟢 OK
99,58,127,0.1036669422135415,0,🟢 OK
99,59,126,0.10449081485813433,0,🟢 OK
99,60,125,0.10975142317685099,0,🟢 OK
99,61,124,0.11434719057132092,0,🟢 OK
99,62,123,0.12014968826529404,0,🟢 OK
99,63,122,0.11567155082179847,0,🟢 OK
99,64,121,0.10691424571169877,0,🟢 OK
99,65,120,0.10605943035803939,0,🟢 OK
99,66,119,0.10229048398557788,0,🟢 OK
99,67,118,0.08997271803429063,0,🟢 OK
99,68,117,0.07859291213441622,0,🟢 OK
99,69,116,0.08709577954584219,0,🟢 OK
99,70,115,0.09236659585788293,0,🟢 OK
99,71,114,0.0917317011849228,0,🟢 OK
99,72,113,0.09662723224175146,0,🟢 OK
99,73,112,0.09721417976062119,0,🟢 OK
99,74,111,0.10055154158735613,0,🟢 OK
99,75,110,0.09651005455494072,0,🟢 OK
99,76,109,0.10321098956821728,0,🟢 OK
99,77,108,0.09897569702560877,0,🟢 OK
99,78,107,0.09569074045568182,0,🟢 OK
99,79,106,0.09936425817236189,0,🟢 OK
99,80,105,0.09277373905177566,0,🟢 OK
99,81,104,0.10186172348825562,0,🟢 OK
99,82,103,0.11681158264928598,0,🟢 OK
99,83,102,0.11404635218706716,0,🟢 OK
99,84,101,0.11571208541513156,0,🟢 OK
99,85,100,0.12256161892340017,0,🟢 OK
99,86,99,0.11993432100426277,0,🟢 OK
99,87,98,0.12109747741701377,0,🟢 OK
99,88,97,0.11441670767042572,0,🟢 OK
99,89,96,0.11132094708889284,0,🟢 OK
99,90,95,0.10968898827712359,0,🟢 OK
99,91,94,0.10186510916379066,0,🟢 OK
99,92,93,0.10334338846227248,0,🟢 OK
99,93,92,0.09440160016847915,0,🟢 OK
99,94,91,0.10505792834673389,0,🟢 OK
99,95,90,0.09722496575258077,0,🟢 OK
99,96,89,0.10162606310409616,0,🟢 OK
99,97,88,0.10793946213755495,0,🟢 OK
99,98,87,0.10833826758830462,0,🟢 OK
99,99,86,0.12219347249076284,0,🟢 OK
99,100,85,0.12608898915845795,0,🟢 OK
99,101,84,0.1344195601492676,0,🟢 OK
99,102,83,0.13447419737152688,0,🟢 OK
99,103,82,0.13498399266070987,0,🟢 OK
99,104,81,0.1332103205204609,0,🟢 OK
99,105,80,0.11513215082837736,0,🟢 OK
99,106,79,0.11339860152589776,0,🟢 OK
99,107,78,0.11754174033076048,0,🟢 OK
99,108,77,0.11902048203167614,0,🟢 OK
99,109,76,0.11678759065364869,0,🟢 OK
99,110,75,0.09659351666688859,0,🟢 OK
99,111,74,0.10969969541425989,0,🟢 OK
99,112,73,0.10015085486087028,0,🟢 OK
99,113,72,0.1007477738007686,0,🟢 OK
99,114,71,0.10680756953726611,0,🟢 OK
99,115,70,0.11235485844443338,0,🟢 OK
99,116,69,0.1112006805979649,0,🟢 OK
99,117,68,0.11908126307134959,0,🟢 OK
99,118,67,0.11818464280608648,0,🟢 OK
99,119,66,0.12567147034497322,0,🟢 OK
99,120,65,0.11886767936668674,0,🟢 OK
99,121,64,0.12069555433218682,0,🟢 OK
99,122,63,0.1213908168290016,0,🟢 OK
99,123,62,0.11630594104291103,0,🟢 OK
99,124,61,0.12157821557525594,0,🟢 OK
99,125,60,0.11305933835893534,0,🟢 OK
99,126,59,0.11254928086312255,0,🟢 OK
99,127,58,0.1316757883385008,0,🟢 OK
99,128,57,0.13349969943451329,0,🟢 OK
99,129,56,0.12943829439148585,0,🟢 OK
99,130,55,0.1204212219810511,0,🟢 OK
99,131,54,0.10916461189545734,0,🟢 OK
99,132,53,0.09714294666945245,0,🟢 OK
99,133,52,0.10297033377311121,0,🟢 OK
99,134,51,0.11186489810949335,0,🟢 OK
99,135,50,0.11807710337133004,0,🟢 OK
99,136,49,0.11255116628957074,0,🟢 OK
99,137,48,0.10845191542900351,0,🟢 OK
99,138,47,0.08631285501271546,0,🟢 OK
99,139,46,0.10142991598815959,0,🟢 OK
99,140,45,0.08929871680154788,0,🟢 OK
99,141,44,0.0899509253069411,0,🟢 OK
99,142,43,0.09171729225736314,0,🟢 OK
99,143,42,0.0763854923438606,0,🟢 OK
99,144,41,0.07185328293412696,0,🟢 OK
99,145,40,0.06461080959530413,0,🟢 OK
99,146,39,0.0627429431425301,0,🟢 OK
99,147,38,0.0580891860966406,0,🟢 OK
99,148,37,0.06581461377727343,0,🟢 OK
99,149,36,0.07085833563244892,0,🟢 OK
99,150,35,0.07455674205606455,0,🟢 OK
99,151,34,0.07351623581590433,0,🟢 OK
99,152,33,0.05921003558412441,0,🟢 OK
99,153,32,0.06997966325465937,0,🟢 OK
99,154,31,0.0671312935766456,0,🟢 OK
99,155,30,0.06273200434904946,0,🟢 OK
99,156,29,0.05428818957104187,0,🟢 OK
99,157,28,0.05540761866577848,0,🟢 OK
99,158,27,0.04646303835018861,0,🟢 OK
99,159,26,0.05294732914395922,0,🟢 OK
99,160,25,0.041377866905636995,0,🟢 OK
99,161,24,0.024425455159434173,0,🟢 OK
99,162,23,0.01565778660129885,0,🟢 OK
99,163,22,0.015169389817016321,0,🟢 OK
99,164,21,0.018003242645258377,0,🟢 OK
99,165,20,0.0023284579131888083,0,🟢 OK
99,166,19,0.005476147763720296,0,🟢 OK
99,167,18,-0.00023184431276090933,1,🟢 OK
99,168,17,-0.00984711989114384,1,🟢 OK
99,169,16,-0.0007093365592506506,1,🟢 OK
99,170,15,-0.003611330330641982,1,🟢 OK
99,171,14,-0.007281030331609761,1,🟢 OK
99,172,13,-0.0073123106716252995,1,🟢 OK
99,173,12,-0.021787024093725016,1,🟢 OK
99,174,11,-0.021461440965669043,1,🟢 OK
99,175,10,-0.019378011444810772,1,🟢 OK
99,176,9,-0.016237227421578404,1,🟢 OK
99,177,8,-0.01906812196713592,1,🟢 OK
99,178,7,-0.014626460619105885,1,🟢 OK
99,179,6,-0.02856531287538211,1,🟢 OK
99,180,5,-0.05581034845197719,1,🟢 OK
99,181,4,-0.04900662979750248,1,🔴 ALERT
99,182,3,-0.05767794742971344,1,🔴 ALERT
99,183,2,-0.05881885643442064,1,🔴 ALERT
99,184,1,-0.051080481017873214,1,🔴 ALERT
99,185,0,-0.06029074452556771,1,🔴 ALERT
100,1,199,0.10411294730733045,0,🟢 OK
100,2,198,-0.011831550675539093,0,🟢 OK
100,3,197,0.006249452483014339,0,🟢 OK
100,4,196,0.05230905728001306,0,🟢 OK
100,5,195,0.04179402815782873,0,🟢 OK
100,6,194,0.04797692497194034,0,🟢 OK
100,7,193,0.06419870998842864,0,🟢 OK
100,8,192,0.08414100041110056,0,🟢 OK
100,9,191,0.09208331829747474,0,🟢 OK
100,10,190,0.09307372974714795,0,🟢 OK
100,11,189,0.08264298651112795,0,🟢 OK
100,12,188,0.10767245103799511,0,🟢 OK
100,13,187,0.10528358484164063,0,🟢 OK
100,14,186,0.11434314821639768,0,🟢 OK
100,15,185,0.1254437143486854,0,🟢 OK
100,16,184,0.1296010082947524,0,🟢 OK
100,17,183,0.1272045273009062,0,🟢 OK
100,18,182,0.12612322889704847,0,🟢 OK
100,19,181,0.12012773326354792,0,🟢 OK
100,20,180,0.11573955877435305,0,🟢 OK
100,21,179,0.12252957652754576,0,🟢 OK
100,22,178,0.12495420548456387,0,🟢 OK
100,23,177,0.12671145081693058,0,🟢 OK
100,24,176,0.11511437423459947,0,🟢 OK
100,25,175,0.11498949344764048,0,🟢 OK
100,26,174,0.11013595469003562,0,🟢 OK
100,27,173,0.10767827634986021,0,🟢 OK
100,28,172,0.11043957368745305,0,🟢 OK
100,29,171,0.11469602588602074,0,🟢 OK
100,30,170,0.11397486348163194,0,🟢 OK
100,31,169,0.10655989088306222,0,🟢 OK
100,32,168,0.1081482539825615,0,🟢 OK
100,33,167,0.11029530427001594,0,🟢 OK
100,34,166,0.11319378848684025,0,🟢 OK
100,35,165,0.11092700381306075,0,🟢 OK
100,36,164,0.10080291313702272,0,🟢 OK
100,37,163,0.10085987815989383,0,🟢 OK
100,38,162,0.10012627800711565,0,🟢 OK
100,39,161,0.10214932547870886,0,🟢 OK
100,40,160,0.11221660650475823,0,🟢 OK
100,41,159,0.1069710304765098,0,🟢 OK
100,42,158,0.11280518835308107,0,🟢 OK
100,43,157,0.10889517558459688,0,🟢 OK
100,44,156,0.11384268967902922,0,🟢 OK
100,45,155,0.11534711074046244,0,🟢 OK
100,46,154,0.11292271295126965,0,🟢 OK
100,47,153,0.11213916112581956,0,🟢 OK
100,48,152,0.11313633143121882,0,🟢 OK
100,49,151,0.10913004589635777,0,🟢 OK
100,50,150,0.11074226600064813,0,🟢 OK
100,51,149,0.11785549610836366,0,🟢 OK
100,52,148,0.11837224565524934,0,🟢 OK
100,53,147,0.10624870808136905,0,🟢 OK
100,54,146,0.11804301265598538,0,🟢 OK
100,55,145,0.10798886033918598,0,🟢 OK
100,56,144,0.10904484566209299,0,🟢 OK
100,57,143,0.11631892724258802,0,🟢 OK
100,58,142,0.11146469770308043,0,🟢 OK
100,59,141,0.12077888470561637,0,🟢 OK
100,60,140,0.1084567216485558,0,🟢 OK
100,61,139,0.10989915690606944,0,🟢 OK
100,62,138,0.11251203585852987,0,🟢 OK
100,63,137,0.11092803740008406,0,🟢 OK
100,64,136,0.10624709328302107,0,🟢 OK
100,65,135,0.11173481817188863,0,🟢 OK
100,66,134,0.11800875574268366,0,🟢 OK
100,67,133,0.10135903587551781,0,🟢 OK
100,68,132,0.10551737503523162,0,🟢 OK
100,69,131,0.10656933406031494,0,🟢 OK
100,70,130,0.13072804619135264,0,🟢 OK
100,71,129,0.13326467588554008,0,🟢 OK
100,72,128,0.1313894256454085,0,🟢 OK
100,73,127,0.12249163132763652,0,🟢 OK
100,74,126,0.1231020002256662,0,🟢 OK
100,75,125,0.12134708375793751,0,🟢 OK
100,76,124,0.12230262215796539,0,🟢 OK
100,77,123,0.11823165320923851,0,🟢 OK
100,78,122,0.10558013826615409,0,🟢 OK
100,79,121,0.12480241044797008,0,🟢 OK
100,80,120,0.10218056490473976,0,🟢 OK
100,81,119,0.09995859698192111,0,🟢 OK
100,82,118,0.09364521228618922,0,🟢 OK
100,83,117,0.09498859698500145,0,🟢 OK
100,84,116,0.1056111355538813,0,🟢 OK
100,85,115,0.10412706060690202,0,🟢 OK
100,86,114,0.10517112742579493,0,🟢 OK
100,87,113,0.10453345958654092,0,🟢 OK
100,88,112,0.1121527518835338,0,🟢 OK
100,89,111,0.11201452969175874,0,🟢 OK
100,90,110,0.10287142370172653,0,🟢 OK
100,91,109,0.1207422847919446,0,🟢 OK
100,92,108,0.12464617310047527,0,🟢 OK
100,93,107,0.12781952680750702,0,🟢 OK
100,94,106,0.12754473930667742,0,🟢 OK
100,95,105,0.12570468200311136,0,🟢 OK
100,96,104,0.12549568255336901,0,🟢 OK
100,97,103,0.11801226678510879,0,🟢 OK
100,98,102,0.11741000658718587,0,🟢 OK
100,99,101,0.11889502144961017,0,🟢 OK
100,100,100,0.11592392421271697,0,🟢 OK
100,101,99,0.12746006422965694,0,🟢 OK
100,102,98,0.12884657101941932,0,🟢 OK
100,103,97,0.12440069102909734,0,🟢 OK
100,104,96,0.11684437252187813,0,🟢 OK
100,105,95,0.12296843471416774,0,🟢 OK
100,106,94,0.13002970164152217,0,🟢 OK
100,107,93,0.12846210726879687,0,🟢 OK
100,108,92,0.1318914536055228,0,🟢 OK
100,109,91,0.12605967907818544,0,🟢 OK
100,110,90,0.12237748961201805,0,🟢 OK
100,111,89,0.1168688090794272,0,🟢 OK
100,112,88,0.12853566940235595,0,🟢 OK
100,113,87,0.11747031189781004,0,🟢 OK
100,114,86,0.11503884307285728,0,🟢 OK
100,115,85,0.11151283795256672,0,🟢 OK
100,116,84,0.11672862032772219,0,🟢 OK
100,117,83,0.11842665985684508,0,🟢 OK
100,118,82,0.12094640167465504,0,🟢 OK
100,119,81,0.11844761679357363,0,🟢 OK
100,120,80,0.11611939546579181,0,🟢 OK
100,121,79,0.10792161688045121,0,🟢 OK
100,122,78,0.10634684610348372,0,🟢 OK
100,123,77,0.108280557356903,0,🟢 OK
100,124,76,0.10819093590734191,0,🟢 OK
100,125,75,0.11259990011541998,0,🟢 OK
100,126,74,0.11424476269223027,0,🟢 OK
100,127,73,0.11025595523187398,0,🟢 OK
100,128,72,0.11007078477569948,0,🟢 OK
100,129,71,0.11032267242194405,0,🟢 OK
100,130,70,0.1038248044794094,0,🟢 OK
100,131,69,0.09234607717137694,0,🟢 OK
100,132,68,0.10425394167022567,0,🟢 OK
100,133,67,0.09419476883223321,0,🟢 OK
100,134,66,0.08847674558174756,0,🟢 OK
100,135,65,0.08460548192197143,0,🟢 OK
100,136,64,0.08154681409322578,0,🟢 OK
100,137,63,0.08321713420307619,0,🟢 OK
100,138,62,0.08393475606157119,0,🟢 OK
100,139,61,0.08396438377645671,0,🟢 OK
100,140,60,0.08074789000017002,0,🟢 OK
100,141,59,0.0819767136887925,0,🟢 OK
100,142,58,0.08729401246835267,0,🟢 OK
100,143,57,0.0810880105480637,0,🟢 OK
100,144,56,0.08236116732990811,0,🟢 OK
100,145,55,0.07323003849304549,0,🟢 OK
100,146,54,0.07468635217034908,0,🟢 OK
100,147,53,0.07843653003513201,0,🟢 OK
100,148,52,0.08571884507507521,0,🟢 OK
100,149,51,0.06358012577007388,0,🟢 OK
100,150,50,0.050185440644353985,0,🟢 OK
100,151,49,0.04251620309766857,0,🟢 OK
100,152,48,0.03614996988877972,0,🟢 OK
100,153,47,0.04399312314824333,0,🟢 OK
100,154,46,0.041573087788175755,0,🟢 OK
100,155,45,0.0363397599498026,0,🟢 OK
100,156,44,0.0436890959217906,0,🟢 OK
100,157,43,0.05101362759936151,0,🟢 OK
100,158,42,0.051140580422352255,0,🟢 OK
100,159,41,0.05613701578380842,0,🟢 OK
100,160,40,0.05337738878631865,0,🟢 OK
100,161,39,0.022000186933878008,0,🟢 OK
100,162,38,0.016391024354767858,0,🟢 OK
100,163,37,-0.005439673311157023,1,🟢 OK
100,164,36,-0.015841861192137485,1,🟢 OK
100,165,35,-0.0037839219597649576,1,🟢 OK
100,166,34,7.048631577222242e-05,0,🟢 OK
100,167,33,-0.0025055059510686872,1,🟢 OK
100,168,32,0.0001865379416950974,0,🟢 OK
100,169,31,-0.009671120844737091,1,🟢 OK
100,170,30,-0.02119406215732511,1,🟢 OK
100,171,29,-0.012798197862952332,1,🟢 OK
100,172,28,-0.015609955746658133,1,🟢 OK
100,173,27,-0.010974120850714031,1,🟢 OK
100,174,26,-0.001163299303841181,1,🟢 OK
100,175,25,-0.0066815767529943,1,🟢 OK
100,176,24,-0.0053654444869408735,1,🟢 OK
100,177,23,-0.012928206667834563,1,🟢 OK
100,178,22,-0.014813238664722395,1,🔴 ALERT
100,179,21,-0.027175460831979525,1,🔴 ALERT
100,180,20,-0.019511493452207707,1,🔴 ALERT
100,181,19,-0.035144372537520785,1,🔴 ALERT
100,182,18,-0.030432955796922845,1,🔴 ALERT
100,183,17,-0.03342340004033828,1,🔴 ALERT
100,184,16,-0.043309662387829184,1,🔴 ALERT
100,185,15,-0.04331272445382783,1,🔴 ALERT
100,186,14,-0.026939211247969497,1,🔴 ALERT
100,187,13,-0.033827992506239024,1,🔴 ALERT
100,188,12,-0.051819492520637,1,🔴 ALERT
100,189,11,-0.05393386244411458,1,🔴 ALERT
100,190,10,-0.048390793406522414,1,🔴 ALERT
100,191,9,-0.028522201789584534,1,🔴 ALERT
100,192,8,-0.023402184108642254,1,🔴 ALERT
100,193,7,-0.04301374803007507,1,🔴 ALERT
100,194,6,-0.05242619510637614,1,🔴 ALERT
100,195,5,-0.055084239238516464,1,🔴 ALERT
100,196,4,-0.04752367323758233,1,🔴 ALERT
100,197,3,-0.04469582292372809,1,🔴 ALERT
100,198,2,-0.05549038983011034,1,🔴 ALERT
100,199,1,-0.04994769371648544,1,🔴 ALERT
100,200,0,-0.04791876841852927,1,🔴 ALERT
